date,away_team,home_team,away_score,home_score,away_ml,home_ml,open_spread,close_spread,open_total,close_total,season
2007-09-06,NewOrleans,Indianapolis,10,41,200,-240,5.5,5.5,50.5,52.5,2007-08
2007-09-09,KansasCity,HoustonTexans,3,20,170,-200,0.0,3.0,38.5,37.5,2007-08
2007-09-09,Denver,Buffalo,15,14,-170,150,3.0,3.0,37.0,38.5,2007-08
2007-09-09,Pittsburgh,Cleveland,34,7,-235,195,4.5,5.0,37.5,36.0,2007-08
2007-09-09,Tennessee,Jacksonville,13,10,290,-350,6.5,7.5,37.5,39.5,2007-08
2007-09-09,Carolina,St.Louis,27,13,105,-125,1.0,2.5,43.0,43.0,2007-08
2007-09-09,Philadelphia,GreenBay,13,16,-190,160,3.0,3.0,43.0,41.5,2007-08
2007-09-09,Atlanta,Minnesota,3,24,150,-170,2.5,3.0,36.0,34.0,2007-08
2007-09-09,Miami,Washington,13,16,155,-175,3.0,3.0,36.0,34.0,2007-08
2007-09-09,NewEngland,NYJets,38,14,-260,220,6.5,6.0,40.5,41.5,2007-08
2007-09-09,TampaBay,Seattle,6,20,235,-275,6.0,6.0,41.0,41.0,2007-08
2007-09-09,Chicago,SanDiego,3,14,275,-325,6.5,7.0,43.0,43.0,2007-08
2007-09-09,Detroit,Oakland,36,21,140,-160,2.5,2.5,39.0,39.5,2007-08
2007-09-09,NYGiants,Dallas,35,45,230,-270,4.0,6.5,44.0,43.5,2007-08
2007-09-10,Baltimore,Cincinnati,20,27,125,-145,3.0,3.0,40.0,40.0,2007-08
2007-09-10,Arizona,SanFrancisco,17,20,170,-200,3.0,3.5,47.0,47.0,2007-08
2007-09-16,Buffalo,Pittsburgh,3,26,400,-500,7.5,10.0,37.0,40.0,2007-08
2007-09-16,Cincinnati,Cleveland,45,51,-335,285,6.0,7.0,41.5,41.5,2007-08
2007-09-16,Indianapolis,Tennessee,22,20,-315,265,7.0,6.5,47.0,45.0,2007-08
2007-09-16,HoustonTexans,Carolina,34,21,240,-290,6.0,6.5,37.5,38.0,2007-08
2007-09-16,SanFrancisco,St.Louis,17,16,140,-160,3.0,3.0,45.0,44.0,2007-08
2007-09-16,GreenBay,NYGiants,35,13,135,-155,1.5,3.0,38.0,39.5,2007-08
2007-09-16,Atlanta,Jacksonville,7,13,425,-525,10.0,10.0,35.0,34.5,2007-08
2007-09-16,NewOrleans,TampaBay,14,31,-260,220,3.0,5.5,42.0,41.0,2007-08
2007-09-16,Minnesota,Detroit,17,20,155,-175,3.5,3.0,40.0,43.5,2007-08
2007-09-16,Dallas,Miami,37,20,-175,155,4.0,3.0,39.0,39.0,2007-08
2007-09-16,Seattle,Arizona,20,23,-145,125,3.0,2.5,45.0,42.5,2007-08
2007-09-16,NYJets,Baltimore,13,20,395,-475,12.5,9.0,34.0,32.5,2007-08
2007-09-16,Oakland,Denver,20,23,400,-500,9.5,9.5,37.0,37.0,2007-08
2007-09-16,KansasCity,Chicago,10,20,500,-625,12.5,11.5,36.0,35.5,2007-08
2007-09-16,SanDiego,NewEngland,14,38,170,-200,4.0,3.5,47.0,46.0,2007-08
2007-09-17,Washington,Philadelphia,20,12,250,-300,7.0,6.5,41.0,39.0,2007-08
2007-09-23,Indianapolis,HoustonTexans,30,24,-310,260,5.5,6.5,48.0,46.0,2007-08
2007-09-23,SanDiego,GreenBay,24,31,-275,235,4.0,5.5,46.0,42.5,2007-08
2007-09-23,Minnesota,KansasCity,10,13,145,-165,1.5,3.0,33.0,34.5,2007-08
2007-09-23,Detroit,Philadelphia,21,56,190,-230,6.5,4.5,44.0,44.5,2007-08
2007-09-23,Buffalo,NewEngland,7,38,1350,-2200,16.5,16.5,42.0,41.0,2007-08
2007-09-23,Miami,NYJets,28,31,155,-175,3.0,3.0,35.5,36.5,2007-08
2007-09-23,SanFrancisco,Pittsburgh,16,37,475,-600,8.0,10.0,37.0,37.5,2007-08
2007-09-23,Arizona,Baltimore,23,26,280,-330,7.5,7.0,35.0,36.0,2007-08
2007-09-23,St.Louis,TampaBay,3,24,160,-190,3.0,3.5,38.0,39.0,2007-08
2007-09-23,Jacksonville,Denver,23,14,170,-200,3.0,3.5,35.5,36.0,2007-08
2007-09-23,Cincinnati,Seattle,21,24,155,-175,3.0,3.0,49.0,49.0,2007-08
2007-09-23,Cleveland,Oakland,24,26,140,-160,3.0,3.0,37.0,41.5,2007-08
2007-09-23,Carolina,Atlanta,27,20,-230,190,4.0,4.0,36.5,38.0,2007-08
2007-09-23,NYGiants,Washington,24,17,175,-205,3.5,3.5,41.0,42.0,2007-08
2007-09-23,Dallas,Chicago,34,10,140,-160,3.0,3.0,43.5,41.5,2007-08
2007-09-24,Tennessee,NewOrleans,31,14,195,-235,5.0,4.5,45.5,46.0,2007-08
2007-09-30,Oakland,Miami,35,17,170,-200,4.0,3.5,40.0,39.5,2007-08
2007-09-30,HoustonTexans,Atlanta,16,26,-140,120,3.0,2.5,39.5,39.5,2007-08
2007-09-30,Baltimore,Cleveland,13,27,-190,160,4.5,3.5,38.0,40.0,2007-08
2007-09-30,Chicago,Detroit,27,37,-140,120,3.0,2.5,44.0,46.0,2007-08
2007-09-30,GreenBay,Minnesota,23,16,-115,-105,1.0,0.0,40.0,38.0,2007-08
2007-09-30,St.Louis,Dallas,7,35,600,-800,11.0,13.0,45.0,47.0,2007-08
2007-09-30,NYJets,Buffalo,14,17,-200,170,4.5,3.0,37.0,37.5,2007-08
2007-09-30,TampaBay,Carolina,20,7,135,-155,3.0,3.0,39.5,38.5,2007-08
2007-09-30,Seattle,SanFrancisco,23,3,-125,105,2.0,1.5,41.5,40.0,2007-08
2007-09-30,Pittsburgh,Arizona,14,21,-240,200,4.0,5.5,40.0,42.5,2007-08
2007-09-30,KansasCity,SanDiego,30,16,700,-1000,12.5,12.5,40.0,39.0,2007-08
2007-09-30,Denver,Indianapolis,20,38,450,-550,9.5,10.0,46.0,46.5,2007-08
2007-09-30,Philadelphia,NYGiants,3,16,-130,110,3.0,2.0,48.0,47.5,2007-08
2007-10-01,NewEngland,Cincinnati,34,13,-360,300,6.0,7.5,52.0,54.0,2007-08
2007-10-07,Carolina,NewOrleans,16,13,170,-200,2.5,3.5,45.0,43.5,2007-08
2007-10-07,Jacksonville,KansasCity,17,7,-130,110,2.0,2.0,34.0,35.5,2007-08
2007-10-07,Detroit,Washington,3,34,170,-200,3.0,3.5,45.5,44.5,2007-08
2007-10-07,Atlanta,Tennessee,13,20,275,-325,8.0,7.0,40.0,41.5,2007-08
2007-10-07,Miami,HoustonTexans,19,22,185,-215,5.5,4.5,42.5,43.5,2007-08
2007-10-07,Seattle,Pittsburgh,0,21,190,-230,6.0,5.0,39.5,41.0,2007-08
2007-10-07,Cleveland,NewEngland,17,34,1050,-1600,16.5,15.5,47.5,48.0,2007-08
2007-10-07,Arizona,St.Louis,34,31,-200,170,3.0,3.5,41.0,40.0,2007-08
2007-10-07,NYJets,NYGiants,24,35,175,-205,3.0,3.5,42.0,41.0,2007-08
2007-10-07,TampaBay,Indianapolis,14,33,355,-425,10.0,8.5,47.0,44.5,2007-08
2007-10-07,SanDiego,Denver,41,3,-125,105,2.0,1.5,41.5,43.5,2007-08
2007-10-07,Baltimore,SanFrancisco,9,7,-215,185,3.5,4.0,35.5,34.5,2007-08
2007-10-07,Chicago,GreenBay,27,20,160,-190,3.5,3.0,41.0,40.5,2007-08
2007-10-08,Dallas,Buffalo,25,24,-600,475,11.5,11.5,45.0,44.0,2007-08
2007-10-14,Cincinnati,KansasCity,20,27,-140,120,3.0,2.5,41.5,44.0,2007-08
2007-10-14,HoustonTexans,Jacksonville,17,37,250,-300,6.5,6.0,37.0,37.0,2007-08
2007-10-14,Miami,Cleveland,31,41,160,-190,5.5,3.5,44.0,45.0,2007-08
2007-10-14,Minnesota,Chicago,34,31,200,-240,6.0,5.0,37.5,35.5,2007-08
2007-10-14,Philadelphia,NYJets,16,9,-240,200,3.0,4.0,41.0,43.5,2007-08
2007-10-14,St.Louis,Baltimore,3,22,370,-450,9.5,9.0,38.0,36.5,2007-08
2007-10-14,Tennessee,TampaBay,10,13,110,-130,3.0,2.0,38.0,37.0,2007-08
2007-10-14,Washington,GreenBay,14,17,140,-160,3.5,3.0,41.0,40.5,2007-08
2007-10-14,Carolina,Arizona,25,10,230,-270,4.5,6.0,40.0,38.5,2007-08
2007-10-14,NewEngland,Dallas,48,27,-240,200,3.5,4.5,52.0,52.0,2007-08
2007-10-14,Oakland,SanDiego,14,28,400,-500,10.0,9.5,44.5,44.0,2007-08
2007-10-14,NewOrleans,Seattle,28,17,210,-250,7.0,5.5,41.5,43.0,2007-08
2007-10-15,NYGiants,Atlanta,31,10,-245,205,3.0,5.0,43.0,43.5,2007-08
2007-10-21,Arizona,Washington,19,21,315,-375,6.0,8.0,38.0,35.5,2007-08
2007-10-21,Atlanta,NewOrleans,16,22,290,-350,9.0,7.5,43.0,42.5,2007-08
2007-10-21,Baltimore,Buffalo,14,19,-145,125,3.0,3.0,34.0,33.5,2007-08
2007-10-21,Minnesota,Dallas,14,24,355,-425,10.0,9.0,46.0,45.5,2007-08
2007-10-21,NewEngland,Miami,49,28,-1700,1100,13.5,15.5,51.0,50.0,2007-08
2007-10-21,SanFrancisco,NYGiants,15,33,425,-525,9.0,9.5,40.0,39.0,2007-08
2007-10-21,TampaBay,Detroit,16,23,120,-140,2.0,2.5,44.0,45.0,2007-08
2007-10-21,Tennessee,HoustonTexans,38,36,120,-140,3.0,2.5,38.5,37.5,2007-08
2007-10-21,KansasCity,Oakland,12,10,115,-135,3.0,2.0,38.0,37.5,2007-08
2007-10-21,NYJets,Cincinnati,31,38,205,-245,6.0,5.5,47.0,48.5,2007-08
2007-10-21,Chicago,Philadelphia,19,16,200,-240,6.0,5.5,41.5,42.0,2007-08
2007-10-21,St.Louis,Seattle,6,33,275,-325,9.5,7.5,40.0,39.0,2007-08
2007-10-21,Pittsburgh,Denver,28,31,-230,190,3.5,4.0,38.5,38.0,2007-08
2007-10-22,Indianapolis,Jacksonville,29,7,-165,145,2.0,3.0,45.0,45.0,2007-08
2007-10-28,Cleveland,St.Louis,27,20,-150,130,3.0,3.0,44.0,46.5,2007-08
2007-10-28,Detroit,Chicago,16,7,250,-300,4.0,6.0,43.5,45.5,2007-08
2007-10-28,Indianapolis,Carolina,31,7,-325,275,5.5,7.0,44.0,43.5,2007-08
2007-10-28,NYGiants,Miami,13,10,-510,410,10.5,10.0,48.5,48.0,2007-08
2007-10-28,Oakland,Tennessee,9,13,250,-300,7.5,6.5,41.5,39.0,2007-08
2007-10-28,Philadelphia,Minnesota,23,16,-110,-110,1.5,0.0,39.5,37.5,2007-08
2007-10-28,Pittsburgh,Cincinnati,24,13,-210,180,3.0,4.0,48.5,48.0,2007-08
2007-10-28,Buffalo,NYJets,13,3,135,-155,3.0,3.0,36.5,38.5,2007-08
2007-10-28,HoustonTexans,SanDiego,10,35,460,-560,11.0,10.0,45.0,45.5,2007-08
2007-10-28,Jacksonville,TampaBay,24,23,175,-205,4.5,3.5,33.5,32.5,2007-08
2007-10-28,NewOrleans,SanFrancisco,31,10,-135,115,2.5,2.0,41.0,39.5,2007-08
2007-10-28,Washington,NewEngland,7,52,1000,-1500,16.5,15.0,50.0,46.5,2007-08
2007-10-29,GreenBay,Denver,19,13,135,-155,3.0,3.0,41.5,43.5,2007-08
2007-11-04,Washington,NYJets,23,20,-200,170,3.5,3.5,36.0,36.0,2007-08
2007-11-04,GreenBay,KansasCity,33,22,130,-150,1.0,2.5,39.0,37.5,2007-08
2007-11-04,Arizona,TampaBay,10,17,160,-190,3.5,3.0,36.5,39.0,2007-08
2007-11-04,Carolina,Tennessee,7,20,210,-250,4.0,5.5,36.0,35.0,2007-08
2007-11-04,SanFrancisco,Atlanta,16,20,170,-200,3.0,3.5,37.0,37.0,2007-08
2007-11-04,Jacksonville,NewOrleans,24,41,170,-200,4.0,3.5,40.0,39.5,2007-08
2007-11-04,Denver,Detroit,7,44,130,-150,3.0,3.0,46.0,47.0,2007-08
2007-11-04,Cincinnati,Buffalo,21,33,-120,100,2.0,1.5,43.5,44.0,2007-08
2007-11-04,SanDiego,Minnesota,17,35,-300,250,7.0,7.0,41.0,42.0,2007-08
2007-11-04,Seattle,Cleveland,30,33,105,-125,2.5,1.5,47.0,46.5,2007-08
2007-11-04,NewEngland,Indianapolis,24,20,-210,180,4.0,4.5,57.0,56.0,2007-08
2007-11-04,HoustonTexans,Oakland,24,17,140,-160,3.0,3.0,42.0,41.0,2007-08
2007-11-04,Dallas,Philadelphia,38,17,-175,155,3.0,3.0,46.0,46.0,2007-08
2007-11-05,Baltimore,Pittsburgh,7,38,340,-410,7.5,9.0,37.0,36.0,2007-08
2007-11-11,Jacksonville,Tennessee,28,13,185,-215,5.0,5.0,35.0,36.0,2007-08
2007-11-11,Denver,KansasCity,27,11,145,-165,4.0,3.0,37.0,37.0,2007-08
2007-11-11,Buffalo,Miami,13,10,-135,115,3.0,2.5,41.0,41.0,2007-08
2007-11-11,Cleveland,Pittsburgh,28,31,370,-450,9.5,9.0,47.5,46.5,2007-08
2007-11-11,St.Louis,NewOrleans,37,29,405,-505,12.0,10.0,44.5,47.0,2007-08
2007-11-11,Atlanta,Carolina,20,13,155,-175,4.5,3.0,36.5,35.0,2007-08
2007-11-11,Philadelphia,Washington,33,25,130,-150,3.0,2.5,38.0,37.5,2007-08
2007-11-11,Minnesota,GreenBay,0,34,190,-230,6.5,5.5,40.5,40.5,2007-08
2007-11-11,Cincinnati,Baltimore,21,7,135,-155,5.5,3.0,44.5,44.0,2007-08
2007-11-11,Chicago,Oakland,17,6,-190,160,3.0,3.5,38.5,38.0,2007-08
2007-11-11,Dallas,NYGiants,31,20,-135,115,1.0,2.0,51.0,47.5,2007-08
2007-11-11,Detroit,Arizona,21,31,125,-145,1.0,2.5,45.5,45.0,2007-08
2007-11-11,Indianapolis,SanDiego,21,23,-190,160,3.0,3.5,49.0,47.0,2007-08
2007-11-12,SanFrancisco,Seattle,0,24,315,-375,9.5,8.5,39.5,37.5,2007-08
2007-11-18,SanDiego,Jacksonville,17,24,150,-170,3.0,3.0,40.5,40.5,2007-08
2007-11-18,KansasCity,Indianapolis,10,13,1000,-1500,14.5,14.5,44.5,41.5,2007-08
2007-11-18,Oakland,Minnesota,22,29,190,-230,6.5,4.5,36.5,35.5,2007-08
2007-11-18,Cleveland,Baltimore,33,30,-120,100,3.0,1.0,44.5,43.5,2007-08
2007-11-18,Pittsburgh,NYJets,16,19,-425,355,8.5,9.0,40.5,40.5,2007-08
2007-11-18,TampaBay,Atlanta,31,7,-175,155,3.0,3.0,35.5,35.5,2007-08
2007-11-18,Arizona,Cincinnati,35,27,155,-175,3.0,3.0,48.5,48.5,2007-08
2007-11-18,Miami,Philadelphia,7,17,400,-500,11.0,9.5,41.0,40.5,2007-08
2007-11-18,NewEngland,Buffalo,56,10,-1100,750,14.5,15.5,47.5,46.5,2007-08
2007-11-18,Washington,Dallas,23,28,450,-550,11.0,10.5,46.5,47.0,2007-08
2007-11-18,NewOrleans,HoustonTexans,10,23,110,-130,3.0,2.0,47.0,49.5,2007-08
2007-11-18,Carolina,GreenBay,17,31,400,-500,10.0,10.0,38.0,37.0,2007-08
2007-11-18,NYGiants,Detroit,16,10,-150,130,2.5,2.5,50.5,48.0,2007-08
2007-11-18,St.Louis,SanFrancisco,13,9,-200,170,3.0,3.5,41.0,39.0,2007-08
2007-11-18,Chicago,Seattle,23,30,225,-265,4.5,6.0,37.5,37.5,2007-08
2007-11-19,Tennessee,Denver,20,34,-105,-115,3.0,1.0,39.5,38.0,2007-08
2007-11-22,GreenBay,Detroit,37,26,-175,155,3.0,3.0,48.5,47.0,2007-08
2007-11-22,NYJets,Dallas,3,34,1050,-1600,14.5,15.5,47.5,47.5,2007-08
2007-11-22,Indianapolis,Atlanta,31,13,-800,600,12.0,14.0,42.5,42.0,2007-08
2007-11-25,Denver,Chicago,34,37,100,-120,2.5,1.0,41.0,42.5,2007-08
2007-11-25,Tennessee,Cincinnati,6,35,100,-120,0.0,1.0,47.0,47.0,2007-08
2007-11-25,Buffalo,Jacksonville,14,36,340,-410,7.5,8.5,36.0,37.0,2007-08
2007-11-25,Oakland,KansasCity,20,17,200,-240,6.0,4.0,34.5,34.5,2007-08
2007-11-25,HoustonTexans,Cleveland,17,27,155,-175,4.0,3.0,52.5,52.0,2007-08
2007-11-25,Seattle,St.Louis,24,19,-170,150,3.0,3.0,44.0,46.0,2007-08
2007-11-25,Minnesota,NYGiants,41,17,275,-325,7.5,7.0,41.0,40.0,2007-08
2007-11-25,NewOrleans,Carolina,31,6,-175,155,0.0,3.0,41.5,42.0,2007-08
2007-11-25,Washington,TampaBay,13,19,170,-200,3.5,3.0,36.5,38.0,2007-08
2007-11-25,SanFrancisco,Arizona,37,31,450,-550,10.5,10.0,38.0,37.5,2007-08
2007-11-25,Baltimore,SanDiego,14,32,395,-475,9.5,9.5,38.5,39.0,2007-08
2007-11-25,Philadelphia,NewEngland,28,31,1800,-3000,22.0,23.5,50.5,51.0,2007-08
2007-11-26,Miami,Pittsburgh,0,3,600,-800,16.0,15.0,43.5,37.0,2007-08
2007-11-29,GreenBay,Dallas,27,37,250,-300,7.0,7.0,51.5,51.5,2007-08
2007-12-02,Atlanta,St.Louis,16,28,150,-170,3.5,3.0,42.0,40.0,2007-08
2007-12-02,Buffalo,Washington,17,16,250,-300,6.5,6.5,37.5,37.0,2007-08
2007-12-02,Detroit,Minnesota,10,42,200,-240,3.0,5.5,45.0,44.5,2007-08
2007-12-02,HoustonTexans,Tennessee,20,28,160,-190,4.0,3.0,43.0,39.0,2007-08
2007-12-02,Jacksonville,Indianapolis,25,28,255,-305,7.0,7.0,45.0,45.0,2007-08
2007-12-02,NYJets,Miami,40,13,115,-135,1.0,2.0,38.0,37.0,2007-08
2007-12-02,SanDiego,KansasCity,24,10,-250,210,4.5,5.5,37.5,37.5,2007-08
2007-12-02,Seattle,Philadelphia,28,24,150,-170,3.0,3.0,43.0,40.5,2007-08
2007-12-02,SanFrancisco,Carolina,14,31,150,-170,2.5,3.0,35.0,35.0,2007-08
2007-12-02,TampaBay,NewOrleans,27,23,215,-255,3.0,6.0,42.0,41.0,2007-08
2007-12-02,Cleveland,Arizona,21,27,100,-120,0.0,1.0,53.0,52.0,2007-08
2007-12-02,Denver,Oakland,20,34,-200,170,3.5,3.5,42.0,41.0,2007-08
2007-12-02,NYGiants,Chicago,21,16,-110,-110,2.5,0.0,43.5,39.5,2007-08
2007-12-02,Cincinnati,Pittsburgh,10,24,230,-270,7.5,6.5,48.0,39.5,2007-08
2007-12-03,NewEngland,Baltimore,27,24,-1505,955,20.0,19.5,51.5,46.5,2007-08
2007-12-06,Chicago,Washington,16,24,155,-175,3.0,3.0,38.0,39.5,2007-08
2007-12-09,Carolina,Jacksonville,6,37,520,-645,10.5,11.0,37.5,38.5,2007-08
2007-12-09,Dallas,Detroit,28,27,-550,450,10.0,10.5,53.5,50.0,2007-08
2007-12-09,Miami,Buffalo,17,38,240,-290,7.0,6.5,37.5,34.0,2007-08
2007-12-09,NYGiants,Philadelphia,16,13,150,-170,3.0,3.0,42.5,42.0,2007-08
2007-12-09,Oakland,GreenBay,7,38,400,-500,12.5,10.0,42.0,40.0,2007-08
2007-12-09,Pittsburgh,NewEngland,13,34,425,-525,12.5,11.0,52.0,49.5,2007-08
2007-12-09,SanDiego,Tennessee,23,17,-130,110,0.0,2.0,41.0,40.0,2007-08
2007-12-09,St.Louis,Cincinnati,10,19,415,-515,6.0,10.0,47.0,45.5,2007-08
2007-12-09,TampaBay,HoustonTexans,14,28,-150,130,1.5,3.0,40.5,39.5,2007-08
2007-12-09,Arizona,Seattle,21,42,300,-360,6.5,8.0,44.5,44.0,2007-08
2007-12-09,Minnesota,SanFrancisco,27,7,-350,290,7.0,7.5,39.0,39.0,2007-08
2007-12-09,Cleveland,NYJets,24,18,-170,150,3.5,3.0,49.0,47.0,2007-08
2007-12-09,KansasCity,Denver,7,41,290,-350,6.5,7.5,37.5,37.0,2007-08
2007-12-09,Indianapolis,Baltimore,44,20,-400,330,9.5,9.0,44.0,42.0,2007-08
2007-12-10,NewOrleans,Atlanta,34,14,-205,175,4.5,4.0,42.0,44.0,2007-08
2007-12-13,Denver,HoustonTexans,13,31,-145,125,3.0,3.0,46.0,47.5,2007-08
2007-12-15,Cincinnati,SanFrancisco,13,20,-400,320,8.5,9.5,43.0,42.5,2007-08
2007-12-16,Arizona,NewOrleans,24,31,180,-210,3.5,4.0,46.0,49.5,2007-08
2007-12-16,Atlanta,TampaBay,3,37,600,-800,11.5,13.0,39.0,37.5,2007-08
2007-12-16,Baltimore,Miami,16,22,-175,155,3.0,3.0,37.5,37.0,2007-08
2007-12-16,Buffalo,Cleveland,0,8,185,-215,5.5,4.0,47.0,36.0,2007-08
2007-12-16,GreenBay,St.Louis,33,14,-325,275,7.5,7.0,44.5,47.0,2007-08
2007-12-16,Jacksonville,Pittsburgh,29,22,145,-165,5.5,3.0,38.0,35.0,2007-08
2007-12-16,NYJets,NewEngland,10,20,900,-1400,24.5,20.0,51.0,42.0,2007-08
2007-12-16,Seattle,Carolina,10,13,-325,275,7.0,7.0,37.5,37.0,2007-08
2007-12-16,Tennessee,KansasCity,26,17,-200,170,4.0,3.5,33.5,34.5,2007-08
2007-12-16,Indianapolis,Oakland,21,14,-450,370,10.5,9.5,45.0,45.0,2007-08
2007-12-16,Detroit,SanDiego,14,51,430,-530,9.5,9.5,47.0,45.5,2007-08
2007-12-16,Philadelphia,Dallas,10,6,400,-500,9.5,10.0,49.0,48.5,2007-08
2007-12-16,Washington,NYGiants,22,10,215,-255,3.5,6.0,41.0,36.5,2007-08
2007-12-17,Chicago,Minnesota,13,20,395,-475,7.0,10.5,43.0,43.5,2007-08
2007-12-20,Pittsburgh,St.Louis,41,24,-365,305,9.0,8.0,45.5,43.0,2007-08
2007-12-22,Dallas,Carolina,20,13,-625,500,13.0,10.5,44.0,42.5,2007-08
2007-12-23,Cleveland,Cincinnati,14,19,-130,110,2.0,2.0,49.0,43.0,2007-08
2007-12-23,GreenBay,Chicago,7,35,-330,280,9.0,7.5,541.0,31.5,2007-08
2007-12-23,HoustonTexans,Indianapolis,15,38,240,-290,9.0,6.5,48.0,45.0,2007-08
2007-12-23,KansasCity,Detroit,20,25,235,-275,5.0,6.0,43.0,43.5,2007-08
2007-12-23,Miami,NewEngland,7,28,1500,-2500,23.0,22.5,46.5,46.0,2007-08
2007-12-23,NYGiants,Buffalo,38,21,-130,110,0.5,2.0,36.0,31.5,2007-08
2007-12-23,Oakland,Jacksonville,11,49,700,-1000,13.0,14.0,39.5,40.5,2007-08
2007-12-23,Philadelphia,NewOrleans,38,23,140,-160,3.0,3.0,46.0,47.5,2007-08
2007-12-23,Washington,Minnesota,32,21,210,-250,6.5,6.0,41.0,40.5,2007-08
2007-12-23,Atlanta,Arizona,27,30,475,-600,10.5,11.0,43.0,44.0,2007-08
2007-12-23,Baltimore,Seattle,6,27,625,-825,10.5,13.0,39.0,38.5,2007-08
2007-12-23,NYJets,Tennessee,6,10,290,-350,9.5,8.0,38.0,37.5,2007-08
2007-12-23,TampaBay,SanFrancisco,19,21,-290,240,7.0,6.5,37.0,36.5,2007-08
2007-12-24,Denver,SanDiego,3,23,330,-400,7.5,9.0,46.0,47.0,2007-08
2007-12-29,NewEngland,NYGiants,38,35,-800,600,12.0,13.0,45.0,46.5,2007-08
2007-12-30,Buffalo,Philadelphia,9,17,330,-400,7.0,9.0,38.0,38.5,2007-08
2007-12-30,Carolina,TampaBay,31,23,-160,140,6.0,3.0,36.0,35.5,2007-08
2007-12-30,Cincinnati,Miami,38,25,-145,125,2.5,3.0,47.0,45.0,2007-08
2007-12-30,Dallas,Washington,6,27,340,-410,7.0,9.0,39.0,38.5,2007-08
2007-12-30,Detroit,GreenBay,13,34,160,-190,6.0,3.0,38.0,38.5,2007-08
2007-12-30,Jacksonville,HoustonTexans,28,42,275,-325,4.0,8.0,42.5,42.0,2007-08
2007-12-30,NewOrleans,Chicago,25,33,100,-120,3.0,1.0,37.5,42.0,2007-08
2007-12-30,Pittsburgh,Baltimore,21,27,-200,170,3.0,3.0,35.0,34.5,2007-08
2007-12-30,Seattle,Atlanta,41,44,-130,110,3.5,2.0,39.5,38.5,2007-08
2007-12-30,SanFrancisco,Cleveland,7,20,450,-550,13.5,11.5,40.0,41.0,2007-08
2007-12-30,Tennessee,Indianapolis,16,10,-215,185,3.0,4.5,43.0,41.0,2007-08
2007-12-30,Minnesota,Denver,19,22,-140,120,3.0,2.5,42.5,40.5,2007-08
2007-12-30,SanDiego,Oakland,30,17,-415,345,8.0,9.0,44.5,41.5,2007-08
2007-12-30,St.Louis,Arizona,19,48,210,-250,7.0,6.0,48.0,49.5,2007-08
2007-12-30,KansasCity,NYJets,10,13,185,-215,6.0,4.5,35.0,35.5,2007-08
2008-01-05,Washington,Seattle,14,35,155,-175,4.0,3.0,40.0,38.5,2007-08
2008-01-05,Jacksonville,Pittsburgh,31,29,-150,130,0.0,2.0,38.5,40.5,2007-08
2008-01-06,NYGiants,TampaBay,24,14,145,-165,3.0,3.0,39.5,39.5,2007-08
2008-01-06,Tennessee,SanDiego,6,17,475,-600,8.5,10.5,41.0,39.5,2007-08
2008-01-12,Seattle,GreenBay,20,42,260,-320,7.5,7.5,43.0,44.0,2007-08
2008-01-12,Jacksonville,NewEngland,20,31,550,-750,13.0,13.5,49.5,51.5,2007-08
2008-01-13,SanDiego,Indianapolis,28,24,450,-550,8.0,10.5,49.0,46.5,2007-08
2008-01-13,NYGiants,Dallas,21,17,240,-290,7.0,7.0,48.0,47.5,2007-08
2008-01-20,SanDiego,NewEngland,12,21,600,-800,15.0,14.0,51.0,48.0,2007-08
2008-01-20,NYGiants,GreenBay,23,20,255,-305,6.5,7.5,43.5,41.0,2007-08
2008-02-03,NYGiants,NewEngland,17,14,400,-500,13.5,12.5,55.5,54.0,2007-08
2008-09-04,Washington,NYGiants,7,16,175,-210,3.5,4.5,40.0,41.5,2008-09
2008-09-07,Cincinnati,Baltimore,10,17,-130,110,0.0,1.5,41.0,38.0,2008-09
2008-09-07,NYJets,Miami,20,14,-150,130,3.0,3.0,36.0,36.0,2008-09
2008-09-07,KansasCity,NewEngland,10,17,1000,-1999,16.5,16.0,48.0,43.0,2008-09
2008-09-07,HoustonTexans,Pittsburgh,17,38,240,-280,6.5,6.0,43.5,43.0,2008-09
2008-09-07,Jacksonville,Tennessee,10,17,-155,135,3.0,3.0,37.0,36.5,2008-09
2008-09-07,Detroit,Atlanta,21,34,-175,155,1.0,3.0,41.5,41.0,2008-09
2008-09-07,Seattle,Buffalo,10,34,115,-135,0.0,1.0,39.5,38.5,2008-09
2008-09-07,TampaBay,NewOrleans,20,24,150,-170,3.0,3.0,42.5,42.5,2008-09
2008-09-07,St.Louis,Philadelphia,3,38,320,-400,6.5,7.5,45.5,44.0,2008-09
2008-09-07,Dallas,Cleveland,28,10,-270,230,3.0,6.0,48.5,48.5,2008-09
2008-09-07,Carolina,SanDiego,26,24,350,-500,9.5,9.0,42.5,40.5,2008-09
2008-09-07,Arizona,SanFrancisco,23,13,-140,120,3.0,2.5,42.0,43.0,2008-09
2008-09-07,Chicago,Indianapolis,29,13,400,-600,9.5,10.5,44.5,42.5,2008-09
2008-09-08,Minnesota,GreenBay,19,24,110,-130,3.0,2.5,38.5,37.5,2008-09
2008-09-08,Denver,Oakland,41,14,-150,130,1.0,3.0,41.5,40.0,2008-09
2008-09-14,Oakland,KansasCity,23,8,155,-175,4.0,3.5,34.5,36.0,2008-09
2008-09-14,Tennessee,Cincinnati,24,7,-120,100,0.0,0.0,39.5,37.0,2008-09
2008-09-14,Indianapolis,Minnesota,18,15,-110,-110,1.0,1.0,43.5,43.5,2008-09
2008-09-14,NewOrleans,Washington,24,29,-105,-115,0.0,1.0,43.0,43.5,2008-09
2008-09-14,GreenBay,Detroit,48,25,-160,140,3.0,3.0,44.5,47.0,2008-09
2008-09-14,Chicago,Carolina,17,20,155,-175,3.0,3.0,37.5,37.5,2008-09
2008-09-14,NYGiants,St.Louis,41,13,-400,320,9.0,8.0,41.5,43.5,2008-09
2008-09-14,Buffalo,Jacksonville,20,16,170,-200,6.0,4.0,37.0,37.0,2008-09
2008-09-14,Atlanta,TampaBay,9,24,260,-320,9.0,7.0,38.5,37.5,2008-09
2008-09-14,SanFrancisco,Seattle,33,30,220,-260,10.0,6.5,40.0,38.0,2008-09
2008-09-14,Miami,Arizona,10,31,230,-270,8.0,6.5,39.5,40.5,2008-09
2008-09-14,NewEngland,NYJets,19,10,-120,100,1.0,1.0,36.5,37.5,2008-09
2008-09-14,SanDiego,Denver,38,39,105,-125,1.0,1.0,44.5,46.5,2008-09
2008-09-14,Pittsburgh,Cleveland,10,6,-270,230,6.0,6.5,45.0,43.0,2008-09
2008-09-15,Philadelphia,Dallas,37,41,225,-265,9.0,6.5,47.0,46.5,2008-09
2008-09-21,KansasCity,Atlanta,14,38,235,-275,4.0,6.0,36.0,37.0,2008-09
2008-09-21,Oakland,Buffalo,23,24,400,-525,10.0,10.0,37.5,37.0,2008-09
2008-09-21,HoustonTexans,Tennessee,12,31,185,-225,5.0,4.5,37.5,40.0,2008-09
2008-09-21,Cincinnati,NYGiants,23,26,550,-750,14.0,13.0,41.5,42.0,2008-09
2008-09-21,Arizona,Washington,17,24,155,-175,3.0,3.0,41.5,43.5,2008-09
2008-09-21,Miami,NewEngland,38,13,550,-750,14.0,12.5,34.5,37.0,2008-09
2008-09-21,TampaBay,Chicago,27,24,150,-170,3.0,3.0,35.5,35.0,2008-09
2008-09-21,Carolina,Minnesota,10,20,155,-175,3.0,3.0,36.5,37.5,2008-09
2008-09-21,St.Louis,Seattle,13,37,300,-370,11.0,8.0,44.0,44.0,2008-09
2008-09-21,Detroit,SanFrancisco,13,31,185,-225,3.5,5.0,44.5,47.0,2008-09
2008-09-21,NewOrleans,Denver,32,34,200,-240,4.0,5.5,51.0,51.5,2008-09
2008-09-21,Pittsburgh,Philadelphia,6,15,165,-195,3.0,3.5,45.5,44.5,2008-09
2008-09-21,Jacksonville,Indianapolis,23,21,175,-210,6.0,4.0,42.0,41.5,2008-09
2008-09-21,Cleveland,Baltimore,10,28,125,-145,1.5,2.5,39.0,37.0,2008-09
2008-09-21,Dallas,GreenBay,27,16,-165,145,3.0,3.0,52.0,50.0,2008-09
2008-09-22,NYJets,SanDiego,29,48,300,-360,9.0,8.0,42.5,46.5,2008-09
2008-09-28,Denver,KansasCity,19,33,-440,340,11.0,9.0,46.5,47.0,2008-09
2008-09-28,Cleveland,Cincinnati,20,12,-110,-110,3.5,1.0,42.5,42.0,2008-09
2008-09-28,HoustonTexans,Jacksonville,27,30,250,-300,9.0,6.5,40.0,43.0,2008-09
2008-09-28,Arizona,NYJets,35,56,105,-125,1.0,1.0,45.5,43.5,2008-09
2008-09-28,SanFrancisco,NewOrleans,17,31,165,-195,7.0,4.0,50.0,48.5,2008-09
2008-09-28,Atlanta,Carolina,9,24,255,-305,9.0,7.0,39.0,39.0,2008-09
2008-09-28,Minnesota,Tennessee,17,30,143,-163,3.0,3.0,37.0,35.0,2008-09
2008-09-28,GreenBay,TampaBay,21,30,115,-135,2.5,2.0,42.0,43.0,2008-09
2008-09-28,Buffalo,St.Louis,31,14,-375,305,11.0,9.0,42.0,43.5,2008-09
2008-09-28,SanDiego,Oakland,28,18,-400,320,7.5,8.0,46.0,45.5,2008-09
2008-09-28,Washington,Dallas,26,24,390,-490,13.0,10.0,47.0,47.0,2008-09
2008-09-28,Philadelphia,Chicago,20,24,-170,150,2.5,3.0,41.0,39.5,2008-09
2008-09-29,Baltimore,Pittsburgh,20,23,210,-250,7.0,6.0,34.0,34.5,2008-09
2008-10-05,Indianapolis,HoustonTexans,31,27,-210,175,3.0,4.5,47.0,48.5,2008-09
2008-10-05,Tennessee,Baltimore,13,10,-120,100,3.0,1.0,35.0,33.5,2008-09
2008-10-05,SanDiego,Miami,10,17,-250,210,7.5,6.0,45.5,44.5,2008-09
2008-10-05,KansasCity,Carolina,0,34,350,-500,10.0,10.0,37.0,38.0,2008-09
2008-10-05,Washington,Philadelphia,23,17,240,-280,7.0,6.5,43.0,42.0,2008-09
2008-10-05,Chicago,Detroit,34,7,-175,155,3.0,3.0,44.5,45.5,2008-09
2008-10-05,Atlanta,GreenBay,27,24,200,-240,3.5,5.0,40.5,42.5,2008-09
2008-10-05,Seattle,NYGiants,6,44,240,-280,9.0,6.5,44.0,43.5,2008-09
2008-10-05,TampaBay,Denver,13,16,175,-210,3.0,4.0,48.5,47.0,2008-09
2008-10-05,NewEngland,SanFrancisco,30,21,-170,150,3.0,3.0,42.0,41.0,2008-09
2008-10-05,Buffalo,Arizona,17,41,120,-140,1.0,2.5,44.5,44.5,2008-09
2008-10-05,Cincinnati,Dallas,22,31,700,-1100,18.0,16.0,45.5,46.0,2008-09
2008-10-05,Pittsburgh,Jacksonville,26,21,200,-240,4.0,5.5,36.5,38.0,2008-09
2008-10-06,Minnesota,NewOrleans,30,27,135,-155,3.0,3.0,47.0,47.0,2008-09
2008-10-12,Oakland,NewOrleans,3,34,250,-300,9.0,7.0,47.5,47.0,2008-09
2008-10-12,Baltimore,Indianapolis,3,31,175,-210,7.0,4.0,39.0,39.0,2008-09
2008-10-12,Cincinnati,NYJets,14,26,340,-440,7.0,10.0,46.0,44.0,2008-09
2008-10-12,Carolina,TampaBay,3,27,120,-140,1.0,2.0,37.0,37.0,2008-09
2008-10-12,Detroit,Minnesota,10,12,450,-600,14.0,13.0,47.0,44.0,2008-09
2008-10-12,Chicago,Atlanta,20,22,-140,120,1.0,3.0,43.0,43.5,2008-09
2008-10-12,Miami,HoustonTexans,28,29,140,-160,3.0,3.0,46.0,45.0,2008-09
2008-10-12,St.Louis,Washington,19,17,400,-525,15.0,12.0,44.0,44.0,2008-09
2008-10-12,Jacksonville,Denver,24,17,145,-165,3.0,3.0,48.0,48.5,2008-09
2008-10-12,Philadelphia,SanFrancisco,40,26,-230,190,4.5,5.0,44.0,41.5,2008-09
2008-10-12,Dallas,Arizona,24,30,-225,185,7.0,5.0,48.5,53.5,2008-09
2008-10-12,GreenBay,Seattle,27,17,-105,-115,2.0,0.0,47.0,44.5,2008-09
2008-10-12,NewEngland,SanDiego,10,30,220,-260,5.5,6.0,45.5,45.0,2008-09
2008-10-13,NYGiants,Cleveland,14,35,-360,280,8.0,8.0,43.0,43.5,2008-09
2008-10-19,Tennessee,KansasCity,34,10,-350,290,8.0,9.0,35.5,35.0,2008-09
2008-10-19,SanDiego,Buffalo,14,23,-110,-110,1.0,0.0,46.5,44.5,2008-09
2008-10-19,Pittsburgh,Cincinnati,38,10,-360,300,11.0,8.5,37.0,36.5,2008-09
2008-10-19,Baltimore,Miami,27,13,135,-155,3.0,3.0,34.5,35.5,2008-09
2008-10-19,Dallas,St.Louis,14,34,-360,300,12.0,8.5,48.0,45.0,2008-09
2008-10-19,Minnesota,Chicago,41,48,155,-175,3.0,3.0,39.5,38.0,2008-09
2008-10-19,NewOrleans,Carolina,7,30,125,-145,3.0,3.0,44.0,44.5,2008-09
2008-10-19,SanFrancisco,NYGiants,17,29,350,-500,13.0,10.5,45.5,47.0,2008-09
2008-10-19,Detroit,HoustonTexans,21,28,350,-500,10.0,11.0,47.0,47.5,2008-09
2008-10-19,NYJets,Oakland,13,16,-170,150,3.0,3.0,43.0,41.0,2008-09
2008-10-19,Cleveland,Washington,11,14,250,-300,7.5,7.0,43.0,41.5,2008-09
2008-10-19,Indianapolis,GreenBay,14,34,-140,120,0.0,2.5,47.0,46.5,2008-09
2008-10-19,Seattle,TampaBay,10,20,350,-500,12.0,11.5,39.0,40.0,2008-09
2008-10-20,Denver,NewEngland,7,41,115,-135,3.5,3.0,46.0,48.0,2008-09
2008-10-26,Oakland,Baltimore,10,29,310,-380,8.0,7.0,35.0,36.0,2008-09
2008-10-26,SanDiego,NewOrleans,32,37,-160,140,3.0,3.0,46.5,46.0,2008-09
2008-10-26,KansasCity,NYJets,24,28,525,-750,13.0,13.0,38.5,39.0,2008-09
2008-10-26,Buffalo,Miami,16,25,-105,-115,1.0,1.5,40.5,42.0,2008-09
2008-10-26,TampaBay,Dallas,9,13,105,-125,0.0,1.5,40.5,40.5,2008-09
2008-10-26,Atlanta,Philadelphia,14,27,320,-400,8.5,9.0,46.0,45.5,2008-09
2008-10-26,St.Louis,NewEngland,16,23,310,-380,7.0,7.0,43.5,43.5,2008-09
2008-10-26,Arizona,Carolina,23,27,200,-240,4.5,4.5,43.5,43.5,2008-09
2008-10-26,Washington,Detroit,25,17,-300,250,9.0,8.0,45.5,42.5,2008-09
2008-10-26,Cleveland,Jacksonville,23,17,265,-325,7.5,7.0,41.0,42.0,2008-09
2008-10-26,NYGiants,Pittsburgh,21,14,125,-145,2.0,3.0,43.0,41.0,2008-09
2008-10-26,Seattle,SanFrancisco,34,13,200,-240,4.5,5.5,42.5,41.5,2008-09
2008-10-26,Cincinnati,HoustonTexans,6,35,315,-375,11.0,9.5,44.5,44.0,2008-09
2008-10-27,Indianapolis,Tennessee,21,31,160,-180,3.5,4.0,42.0,41.5,2008-09
2008-11-02,HoustonTexans,Minnesota,21,28,210,-250,4.5,6.0,47.0,46.5,2008-09
2008-11-02,Jacksonville,Cincinnati,19,21,-320,260,8.0,7.0,40.5,40.0,2008-09
2008-11-02,TampaBay,KansasCity,30,27,-450,325,9.0,9.5,36.5,36.5,2008-09
2008-11-02,Baltimore,Cleveland,37,27,135,-155,0.0,3.0,36.0,36.5,2008-09
2008-11-02,NYJets,Buffalo,26,17,190,-230,5.5,5.0,41.0,43.0,2008-09
2008-11-02,Arizona,St.Louis,34,13,-170,150,2.5,3.0,49.5,50.0,2008-09
2008-11-02,Detroit,Chicago,23,27,400,-600,12.5,13.0,43.5,43.5,2008-09
2008-11-02,GreenBay,Tennessee,16,19,165,-185,5.5,3.0,42.5,41.0,2008-09
2008-11-02,Miami,Denver,26,17,180,-220,3.0,4.5,47.0,50.5,2008-09
2008-11-02,Atlanta,Oakland,24,0,-145,125,2.5,3.0,40.0,41.5,2008-09
2008-11-02,Dallas,NYGiants,14,35,310,-380,7.5,8.5,41.0,42.5,2008-09
2008-11-02,Philadelphia,Seattle,26,7,-300,250,7.5,7.0,43.5,43.5,2008-09
2008-11-02,NewEngland,Indianapolis,15,18,250,-300,5.5,7.0,45.0,44.5,2008-09
2008-11-03,Pittsburgh,Washington,23,6,120,-140,3.0,2.5,37.0,37.5,2008-09
2008-11-06,Denver,Cleveland,34,30,145,-165,3.0,3.0,48.0,47.0,2008-09
2008-11-09,Jacksonville,Detroit,38,14,-260,220,7.0,6.0,45.5,43.0,2008-09
2008-11-09,Tennessee,Chicago,21,14,-140,120,3.0,3.0,39.5,37.0,2008-09
2008-11-09,Buffalo,NewEngland,10,20,160,-190,4.0,3.5,41.0,41.0,2008-09
2008-11-09,NewOrleans,Atlanta,20,34,105,-125,0.0,1.5,49.0,51.0,2008-09
2008-11-09,St.Louis,NYJets,3,47,320,-400,9.0,9.5,45.0,43.0,2008-09
2008-11-09,Seattle,Miami,19,21,270,-330,10.5,7.5,43.5,42.0,2008-09
2008-11-09,GreenBay,Minnesota,27,28,115,-135,1.0,2.5,45.5,44.5,2008-09
2008-11-09,Carolina,Oakland,17,6,-450,325,9.0,10.0,38.0,37.5,2008-09
2008-11-09,KansasCity,SanDiego,19,20,600,-900,14.0,15.0,46.5,47.5,2008-09
2008-11-09,Indianapolis,Pittsburgh,24,20,155,-175,3.5,3.0,39.0,39.0,2008-09
2008-11-09,NYGiants,Philadelphia,36,31,130,-150,2.5,3.0,43.5,43.0,2008-09
2008-11-09,Baltimore,HoustonTexans,41,13,115,-135,1.0,2.5,41.0,44.0,2008-09
2008-11-10,SanFrancisco,Arizona,24,29,325,-450,11.0,9.5,46.5,47.5,2008-09
2008-11-13,NYJets,NewEngland,34,31,127,-147,3.0,3.0,40.0,41.0,2008-09
2008-11-16,Denver,Atlanta,24,20,240,-280,5.5,7.0,51.0,51.0,2008-09
2008-11-16,Oakland,Miami,15,17,350,-500,12.0,10.0,39.5,37.5,2008-09
2008-11-16,Baltimore,NYGiants,10,30,240,-280,7.0,6.5,42.0,40.0,2008-09
2008-11-16,HoustonTexans,Indianapolis,27,33,260,-320,10.0,7.5,49.0,50.5,2008-09
2008-11-16,Tennessee,Jacksonville,24,14,-135,115,3.0,2.5,40.0,39.5,2008-09
2008-11-16,Chicago,GreenBay,3,37,165,-185,3.5,3.5,43.0,43.5,2008-09
2008-11-16,Philadelphia,Cincinnati,13,13,-450,325,10.0,9.0,43.0,41.0,2008-09
2008-11-16,NewOrleans,KansasCity,30,20,-260,220,4.5,6.0,47.5,51.0,2008-09
2008-11-16,Detroit,Carolina,22,31,650,-900,15.0,14.0,40.0,40.5,2008-09
2008-11-16,Minnesota,TampaBay,13,19,190,-230,4.0,5.0,39.5,39.0,2008-09
2008-11-16,St.Louis,SanFrancisco,16,35,240,-280,7.0,7.0,44.5,43.5,2008-09
2008-11-16,Arizona,Seattle,26,20,-150,130,2.5,3.0,48.5,48.0,2008-09
2008-11-16,SanDiego,Pittsburgh,10,11,175,-210,3.5,4.5,43.0,40.5,2008-09
2008-11-16,Dallas,Washington,14,10,-130,110,0.0,1.5,44.0,43.0,2008-09
2008-11-17,Cleveland,Buffalo,29,27,180,-220,4.5,5.0,43.0,41.0,2008-09
2008-11-20,Cincinnati,Pittsburgh,10,27,650,-900,10.5,12.0,36.0,34.5,2008-09
2008-11-23,HoustonTexans,Cleveland,16,6,130,-150,3.0,3.0,48.5,50.0,2008-09
2008-11-23,Buffalo,KansasCity,54,31,-150,130,3.0,3.0,43.5,42.5,2008-09
2008-11-23,NYJets,Tennessee,34,13,200,-240,5.0,6.0,40.0,40.5,2008-09
2008-11-23,NewEngland,Miami,48,28,-130,110,2.0,1.5,42.0,42.5,2008-09
2008-11-23,SanFrancisco,Dallas,22,35,355,-455,12.0,9.5,47.5,46.0,2008-09
2008-11-23,TampaBay,Detroit,38,20,-370,300,10.0,8.0,41.0,41.5,2008-09
2008-11-23,Philadelphia,Baltimore,7,36,105,-125,0.0,2.0,39.0,39.5,2008-09
2008-11-23,Chicago,St.Louis,27,3,-300,250,9.0,7.5,43.5,44.5,2008-09
2008-11-23,Minnesota,Jacksonville,30,12,115,-135,0.0,2.5,40.0,41.0,2008-09
2008-11-23,Carolina,Atlanta,28,45,-110,-110,0.0,1.0,41.5,41.0,2008-09
2008-11-23,Oakland,Denver,31,10,320,-400,11.0,9.0,43.5,44.0,2008-09
2008-11-23,Washington,Seattle,20,17,-150,130,3.5,3.0,41.5,40.0,2008-09
2008-11-23,NYGiants,Arizona,37,29,-150,130,3.0,3.0,48.5,49.0,2008-09
2008-11-23,Indianapolis,SanDiego,23,20,122,-142,2.5,3.0,50.5,49.0,2008-09
2008-11-24,GreenBay,NewOrleans,29,51,-110,-110,2.5,0.0,53.0,52.0,2008-09
2008-11-27,Tennessee,Detroit,47,10,-560,430,11.0,11.0,43.5,44.0,2008-09
2008-11-27,Seattle,Dallas,9,34,550,-750,13.0,12.0,47.5,46.5,2008-09
2008-11-27,Arizona,Philadelphia,20,48,145,-165,3.0,3.0,47.0,49.0,2008-09
2008-11-30,Denver,NYJets,34,17,280,-340,7.5,8.0,47.5,48.5,2008-09
2008-11-30,SanFrancisco,Buffalo,10,3,240,-280,7.0,6.5,47.5,41.5,2008-09
2008-11-30,NewOrleans,TampaBay,20,23,165,-185,3.5,4.5,48.0,44.5,2008-09
2008-11-30,Carolina,GreenBay,35,31,130,-150,3.0,3.0,43.0,41.5,2008-09
2008-11-30,NYGiants,Washington,23,7,-200,170,3.0,4.0,42.0,40.5,2008-09
2008-11-30,Miami,St.Louis,16,12,-300,250,10.0,7.0,45.0,44.0,2008-09
2008-11-30,Baltimore,Cincinnati,34,3,-300,250,7.0,7.0,36.5,36.0,2008-09
2008-11-30,Indianapolis,Cleveland,10,6,-225,185,4.5,5.0,46.0,44.0,2008-09
2008-11-30,Atlanta,SanDiego,22,16,240,-280,5.5,6.0,49.0,48.0,2008-09
2008-11-30,Pittsburgh,NewEngland,33,10,110,-130,0.0,2.5,40.0,40.0,2008-09
2008-11-30,KansasCity,Oakland,20,13,155,-175,3.0,3.0,41.0,41.0,2008-09
2008-11-30,Chicago,Minnesota,14,34,175,-210,3.5,5.0,43.0,42.5,2008-09
2008-12-01,Jacksonville,HoustonTexans,17,30,150,-170,3.5,3.0,48.0,48.5,2008-09
2008-12-04,Oakland,SanDiego,7,34,360,-450,11.0,9.0,43.0,41.0,2008-09
2008-12-07,Cincinnati,Indianapolis,3,35,500,-700,15.0,13.5,42.5,41.5,2008-09
2008-12-07,Jacksonville,Chicago,10,23,250,-300,8.0,6.5,40.5,40.0,2008-09
2008-12-07,HoustonTexans,GreenBay,24,21,250,-300,6.0,7.0,48.0,47.5,2008-09
2008-12-07,Cleveland,Tennessee,9,28,600,-800,15.0,13.5,37.0,36.5,2008-09
2008-12-07,Minnesota,Detroit,20,16,-600,400,11.0,11.0,47.0,44.5,2008-09
2008-12-07,Washington,Baltimore,10,24,230,-270,5.0,6.0,35.5,34.5,2008-09
2008-12-07,Philadelphia,NYGiants,20,14,240,-280,9.0,6.5,44.5,40.5,2008-09
2008-12-07,Atlanta,NewOrleans,25,29,140,-160,3.5,3.0,53.0,51.5,2008-09
2008-12-07,NYJets,SanFrancisco,14,24,-220,180,4.0,5.0,44.5,45.0,2008-09
2008-12-07,Miami,Buffalo,16,3,110,-130,0.0,2.0,43.0,43.0,2008-09
2008-12-07,KansasCity,Denver,17,24,320,-400,10.0,9.0,47.5,49.0,2008-09
2008-12-07,St.Louis,Arizona,10,34,600,-800,14.0,14.5,49.0,48.5,2008-09
2008-12-07,Dallas,Pittsburgh,13,20,170,-200,3.0,4.0,41.5,38.0,2008-09
2008-12-07,NewEngland,Seattle,24,21,-300,250,5.0,7.5,43.0,43.0,2008-09
2008-12-08,TampaBay,Carolina,23,38,155,-175,3.0,3.0,38.0,40.0,2008-09
2008-12-11,NewOrleans,Chicago,24,27,125,-145,3.0,3.0,46.0,46.0,2008-09
2008-12-14,GreenBay,Jacksonville,16,20,-145,125,1.0,3.0,45.5,45.5,2008-09
2008-12-14,Detroit,Indianapolis,21,31,1000,-1600,17.0,17.0,45.5,45.0,2008-09
2008-12-14,Washington,Cincinnati,13,20,-300,250,6.5,6.5,35.5,36.5,2008-09
2008-12-14,TampaBay,Atlanta,10,13,200,-240,2.5,5.5,44.5,43.5,2008-09
2008-12-14,SanFrancisco,Miami,9,14,200,-240,7.0,5.5,43.0,41.0,2008-09
2008-12-14,Seattle,St.Louis,23,20,-125,105,2.5,1.5,43.0,43.0,2008-09
2008-12-14,Buffalo,NYJets,27,31,300,-360,7.5,8.0,42.0,41.0,2008-09
2008-12-14,Tennessee,HoustonTexans,12,13,-160,140,3.0,3.0,45.0,45.0,2008-09
2008-12-14,Pittsburgh,Baltimore,13,9,140,-160,1.0,3.0,33.0,34.0,2008-09
2008-12-14,Denver,Carolina,10,30,300,-360,9.0,7.5,47.0,48.0,2008-09
2008-12-14,SanDiego,KansasCity,22,21,-270,230,4.5,6.0,47.0,41.0,2008-09
2008-12-14,Minnesota,Arizona,35,14,175,-210,3.0,4.5,47.0,46.5,2008-09
2008-12-14,NewEngland,Oakland,49,26,-300,250,7.5,7.0,40.0,38.5,2008-09
2008-12-14,NYGiants,Dallas,8,20,130,-150,2.5,3.0,44.0,47.0,2008-09
2008-12-15,Cleveland,Philadelphia,10,30,600,-800,14.0,16.0,38.0,40.0,2008-09
2008-12-18,Indianapolis,Jacksonville,31,24,-240,200,7.5,5.0,45.0,43.5,2008-09
2008-12-20,Baltimore,Dallas,33,24,200,-240,5.0,5.5,39.0,39.0,2008-09
2008-12-21,Pittsburgh,Tennessee,14,31,-150,130,1.0,3.0,34.5,34.0,2008-09
2008-12-21,Miami,KansasCity,38,31,-190,160,4.0,3.0,41.0,37.0,2008-09
2008-12-21,Arizona,NewEngland,7,47,290,-350,9.0,8.0,45.0,41.0,2008-09
2008-12-21,Cincinnati,Cleveland,14,0,115,-135,3.0,2.0,35.0,31.0,2008-09
2008-12-21,Philadelphia,Washington,3,10,-230,190,5.0,5.5,39.5,37.5,2008-09
2008-12-21,SanFrancisco,St.Louis,17,16,-200,170,4.5,3.5,44.5,42.0,2008-09
2008-12-21,Atlanta,Minnesota,24,17,155,-175,3.0,3.0,46.0,43.5,2008-09
2008-12-21,NewOrleans,Detroit,42,7,-300,250,7.5,7.0,50.0,50.5,2008-09
2008-12-21,Carolina,NYGiants,28,34,175,-210,3.0,4.0,40.0,38.0,2008-09
2008-12-21,NYJets,Seattle,3,13,-190,160,4.5,4.0,44.0,41.0,2008-09
2008-12-21,HoustonTexans,Oakland,16,27,-320,260,7.5,7.0,44.0,43.5,2008-09
2008-12-21,Buffalo,Denver,30,23,230,-270,7.0,6.5,44.0,46.0,2008-09
2008-12-21,SanDiego,TampaBay,41,24,180,-220,3.0,4.5,42.5,42.5,2008-09
2008-12-22,GreenBay,Chicago,17,20,175,-215,4.5,4.0,42.0,41.0,2008-09
2008-12-28,Oakland,TampaBay,31,24,400,-600,14.0,11.0,38.5,39.5,2008-09
2008-12-28,Detroit,GreenBay,21,31,400,-600,10.0,11.0,43.0,41.5,2008-09
2008-12-28,Dallas,Philadelphia,6,44,110,-130,0.0,2.0,43.0,41.0,2008-09
2008-12-28,NYGiants,Minnesota,19,20,250,-300,7.0,7.0,42.0,41.0,2008-09
2008-12-28,Chicago,HoustonTexans,24,31,135,-155,0.0,3.0,47.0,46.5,2008-09
2008-12-28,Carolina,NewOrleans,33,31,-130,110,3.0,1.5,53.0,51.5,2008-09
2008-12-28,St.Louis,Atlanta,27,31,750,-1100,15.0,14.0,44.0,44.0,2008-09
2008-12-28,KansasCity,Cincinnati,6,16,100,-120,2.5,1.5,37.5,40.0,2008-09
2008-12-28,Jacksonville,Baltimore,7,27,400,-600,11.5,10.5,35.5,37.5,2008-09
2008-12-28,Tennessee,Indianapolis,0,23,-145,125,3.0,3.0,38.0,39.5,2008-09
2008-12-28,Cleveland,Pittsburgh,0,31,400,-600,11.5,11.0,32.0,33.5,2008-09
2008-12-28,Miami,NYJets,24,17,120,-140,2.5,2.5,41.0,43.0,2008-09
2008-12-28,NewEngland,Buffalo,13,0,-240,200,7.0,5.5,42.0,35.0,2008-09
2008-12-28,Seattle,Arizona,21,34,250,-300,3.5,7.0,45.0,47.0,2008-09
2008-12-28,Washington,SanFrancisco,24,27,125,-145,3.0,3.0,37.0,37.0,2008-09
2008-12-28,Denver,SanDiego,21,52,260,-320,9.0,7.0,50.0,50.5,2008-09
2009-01-03,Atlanta,Arizona,24,30,110,-130,2.5,2.0,51.0,52.0,2008-09
2009-01-03,Indianapolis,SanDiego,17,23,-125,105,0.0,2.5,49.5,50.0,2008-09
2009-01-04,Baltimore,Miami,27,9,-190,160,2.0,3.5,36.5,38.0,2008-09
2009-01-04,Philadelphia,Minnesota,26,14,-170,150,2.0,3.5,43.0,41.0,2008-09
2009-01-10,Baltimore,Tennessee,13,10,135,-155,2.0,3.0,34.0,33.5,2008-09
2009-01-10,Arizona,Carolina,33,13,400,-525,10.5,10.0,46.0,50.0,2008-09
2009-01-11,Philadelphia,NYGiants,23,11,165,-190,5.0,4.0,40.0,39.0,2008-09
2009-01-11,SanDiego,Pittsburgh,24,35,240,-280,7.0,6.5,39.5,38.5,2008-09
2009-01-18,Philadelphia,Arizona,25,32,-175,155,3.0,3.0,49.5,47.0,2008-09
2009-01-18,Baltimore,Pittsburgh,14,23,210,-250,5.0,6.0,33.5,35.0,2008-09
2009-02-01,Pittsburgh,Arizona,27,23,-240,200,7.0,7.0,47.0,47.5,2008-09
2009-09-10,Tennessee,Pittsburgh,10,13,235,-275,5.5,6.0,35.0,36.0,2009-10
2009-09-13,Miami,Atlanta,7,19,180,-220,4.0,4.0,43.0,44.5,2009-10
2009-09-13,KansasCity,Baltimore,24,38,530,-730,8.5,13.0,37.5,36.5,2009-10
2009-09-13,Philadelphia,Carolina,38,10,-135,115,1.0,2.5,44.5,43.5,2009-10
2009-09-13,Denver,Cincinnati,12,7,200,-240,1.0,5.0,44.5,41.0,2009-10
2009-09-13,Minnesota,Cleveland,34,20,-235,195,2.5,4.5,39.5,40.0,2009-10
2009-09-13,NYJets,Houston,24,7,190,-230,4.0,4.5,43.0,45.0,2009-10
2009-09-13,Jacksonville,Indianapolis,12,14,225,-265,7.5,6.0,45.0,45.0,2009-10
2009-09-13,Detroit,NewOrleans,27,45,700,-1000,12.0,14.0,48.5,50.0,2009-10
2009-09-13,Dallas,TampaBay,34,21,-250,210,3.0,5.0,42.0,40.0,2009-10
2009-09-13,SanFrancisco,Arizona,20,16,190,-230,6.5,4.5,47.0,45.0,2009-10
2009-09-13,Washington,NYGiants,17,23,225,-265,6.0,6.0,39.5,37.0,2009-10
2009-09-13,St.Louis,Seattle,0,28,285,-345,7.0,7.0,43.0,41.0,2009-10
2009-09-13,Chicago,GreenBay,15,21,200,-240,3.0,5.0,44.0,47.0,2009-10
2009-09-14,Buffalo,NewEngland,24,25,635,-875,10.0,13.5,46.5,47.5,2009-10
2009-09-14,SanDiego,Oakland,24,20,-550,425,6.5,10.0,44.0,43.0,2009-10
2009-09-20,Oakland,KansasCity,13,10,105,-125,3.0,1.5,41.0,40.0,2009-10
2009-09-20,Houston,Tennessee,34,31,260,-320,7.0,7.0,41.0,41.0,2009-10
2009-09-20,NewEngland,NYJets,9,16,-170,150,4.5,3.5,47.5,45.0,2009-10
2009-09-20,Cincinnati,GreenBay,31,24,320,-400,9.0,7.5,44.0,42.0,2009-10
2009-09-20,Minnesota,Detroit,27,13,-470,370,9.5,10.0,47.5,45.0,2009-10
2009-09-20,NewOrleans,Philadelphia,48,22,-150,130,1.0,2.5,47.0,46.0,2009-10
2009-09-20,Carolina,Atlanta,20,28,200,-240,6.5,5.5,44.0,43.5,2009-10
2009-09-20,St.Louis,Washington,7,9,400,-525,9.5,10.0,38.0,37.0,2009-10
2009-09-20,Arizona,Jacksonville,31,17,145,-165,4.5,3.0,43.5,44.0,2009-10
2009-09-20,Seattle,SanFrancisco,10,23,100,-120,1.0,1.0,40.5,39.0,2009-10
2009-09-20,TampaBay,Buffalo,20,33,170,-200,4.0,4.0,42.0,42.0,2009-10
2009-09-20,Cleveland,Denver,6,27,160,-190,3.0,3.0,40.0,38.5,2009-10
2009-09-20,Baltimore,SanDiego,31,26,-105,-115,3.5,1.0,42.5,41.0,2009-10
2009-09-20,Pittsburgh,Chicago,14,17,-145,125,3.0,3.0,38.0,38.5,2009-10
2009-09-20,NYGiants,Dallas,33,31,140,-160,2.5,3.0,44.0,45.5,2009-10
2009-09-21,Indianapolis,Miami,27,23,-160,140,3.5,3.0,43.0,41.5,2009-10
2009-09-27,Tennessee,NYJets,17,24,110,-130,2.0,1.0,38.0,36.0,2009-10
2009-09-27,Jacksonville,Houston,31,24,180,-220,4.5,4.0,46.0,47.0,2009-10
2009-09-27,KansasCity,Philadelphia,14,34,260,-320,8.5,7.0,40.5,39.0,2009-10
2009-09-27,Cleveland,Baltimore,3,34,600,-800,14.0,13.5,40.0,38.0,2009-10
2009-09-27,NYGiants,TampaBay,24,0,-270,230,6.5,6.0,42.5,45.5,2009-10
2009-09-27,Washington,Detroit,14,19,-260,220,6.5,6.5,38.5,39.5,2009-10
2009-09-27,GreenBay,St.Louis,36,17,-275,235,8.5,6.5,42.0,42.5,2009-10
2009-09-27,SanFrancisco,Minnesota,24,27,230,-270,6.5,7.0,42.0,39.0,2009-10
2009-09-27,Atlanta,NewEngland,10,26,180,-220,5.0,4.5,46.5,45.5,2009-10
2009-09-27,Chicago,Seattle,25,19,-145,125,1.0,2.5,37.0,37.5,2009-10
2009-09-27,NewOrleans,Buffalo,27,7,-240,200,6.0,5.5,53.0,51.0,2009-10
2009-09-27,Miami,SanDiego,13,23,200,-240,7.5,5.5,44.0,45.0,2009-10
2009-09-27,Pittsburgh,Cincinnati,20,23,-180,160,6.0,3.0,36.5,36.5,2009-10
2009-09-27,Denver,Oakland,23,3,-135,115,2.5,2.5,37.0,38.5,2009-10
2009-09-27,Indianapolis,Arizona,31,10,140,-160,0.0,3.0,47.0,49.0,2009-10
2009-09-28,Carolina,Dallas,7,21,310,-380,11.0,8.5,45.0,48.5,2009-10
2009-10-04,Oakland,Houston,6,29,315,-390,9.5,8.0,42.5,43.0,2009-10
2009-10-04,Tennessee,Jacksonville,17,37,-180,160,1.0,3.5,41.0,42.0,2009-10
2009-10-04,Baltimore,NewEngland,21,27,115,-135,3.0,2.0,44.0,45.0,2009-10
2009-10-04,Cincinnati,Cleveland,23,20,-280,240,4.0,6.5,38.5,37.5,2009-10
2009-10-04,NYGiants,KansasCity,27,16,-420,330,7.5,9.5,42.5,43.0,2009-10
2009-10-04,Detroit,Chicago,24,48,400,-500,11.0,9.5,38.0,43.0,2009-10
2009-10-04,TampaBay,Washington,13,16,320,-400,7.5,9.0,37.5,35.5,2009-10
2009-10-04,Seattle,Indianapolis,17,34,435,-575,12.0,10.5,44.0,43.5,2009-10
2009-10-04,NYJets,NewOrleans,10,24,260,-320,6.5,7.5,47.5,47.0,2009-10
2009-10-04,Buffalo,Miami,10,38,-130,110,1.5,1.5,38.5,37.5,2009-10
2009-10-04,St.Louis,SanFrancisco,0,35,360,-460,11.5,9.5,38.0,36.5,2009-10
2009-10-04,Dallas,Denver,10,17,-140,120,3.0,3.0,43.5,44.0,2009-10
2009-10-04,SanDiego,Pittsburgh,28,38,195,-235,5.0,5.5,41.0,43.5,2009-10
2009-10-05,GreenBay,Minnesota,23,30,180,-220,3.0,5.0,47.0,46.5,2009-10
2009-10-11,Minnesota,St.Louis,38,10,-600,400,10.0,10.0,40.0,40.5,2009-10
2009-10-11,Dallas,KansasCity,26,20,-360,300,9.0,7.0,43.0,43.5,2009-10
2009-10-11,Washington,Carolina,17,20,210,-250,4.5,5.0,37.5,38.0,2009-10
2009-10-11,TampaBay,Philadelphia,14,33,750,-1200,14.0,15.5,43.5,42.0,2009-10
2009-10-11,Oakland,NYGiants,7,44,750,-1200,15.0,15.0,42.5,38.5,2009-10
2009-10-11,Cleveland,Buffalo,6,3,210,-250,6.0,5.5,39.0,42.0,2009-10
2009-10-11,Cincinnati,Baltimore,17,14,350,-500,8.0,9.0,41.5,42.0,2009-10
2009-10-11,Pittsburgh,Detroit,28,20,-650,450,12.0,11.0,42.0,44.0,2009-10
2009-10-11,Atlanta,SanFrancisco,45,10,-110,-110,3.0,0.0,43.0,39.5,2009-10
2009-10-11,NewEngland,Denver,17,20,-165,145,3.5,3.0,44.0,41.0,2009-10
2009-10-11,Houston,Arizona,21,28,220,-260,5.0,5.5,49.0,50.5,2009-10
2009-10-11,Jacksonville,Seattle,0,41,110,-130,2.0,2.0,44.0,44.0,2009-10
2009-10-11,Indianapolis,Tennessee,31,9,-200,170,3.0,3.5,46.0,44.0,2009-10
2009-10-12,NYJets,Miami,27,31,-160,140,2.5,3.0,37.0,36.0,2009-10
2009-10-18,KansasCity,Washington,14,6,230,-270,4.5,6.5,37.0,36.5,2009-10
2009-10-18,Houston,Cincinnati,28,17,165,-190,4.5,4.0,45.0,46.0,2009-10
2009-10-18,Cleveland,Pittsburgh,14,27,675,-950,13.5,14.0,38.0,38.0,2009-10
2009-10-18,Baltimore,Minnesota,31,33,125,-145,3.0,3.0,45.0,45.5,2009-10
2009-10-18,St.Louis,Jacksonville,20,23,340,-440,12.5,9.5,40.0,42.5,2009-10
2009-10-18,NYGiants,NewOrleans,27,48,160,-180,3.5,3.0,49.0,47.5,2009-10
2009-10-18,Carolina,TampaBay,28,21,-175,155,4.0,3.5,37.0,40.5,2009-10
2009-10-18,Detroit,GreenBay,0,26,675,-950,11.5,14.0,49.0,48.5,2009-10
2009-10-18,Philadelphia,Oakland,9,13,-950,675,13.5,14.5,41.0,40.5,2009-10
2009-10-18,Arizona,Seattle,27,3,135,-155,2.5,3.0,46.5,46.0,2009-10
2009-10-18,Buffalo,NYJets,16,13,350,-450,9.5,9.5,38.0,35.5,2009-10
2009-10-18,Tennessee,NewEngland,0,59,350,-450,9.0,9.5,38.0,38.5,2009-10
2009-10-18,Chicago,Atlanta,14,21,190,-230,3.0,4.0,45.5,46.0,2009-10
2009-10-19,Denver,SanDiego,34,23,155,-175,4.0,3.0,43.5,44.5,2009-10
2009-10-25,SanDiego,KansasCity,37,7,-250,210,4.5,5.5,43.0,44.0,2009-10
2009-10-25,Indianapolis,St.Louis,42,6,-950,675,13.0,14.5,45.5,45.0,2009-10
2009-10-25,Chicago,Cincinnati,10,45,-125,105,1.0,2.0,44.0,43.0,2009-10
2009-10-25,GreenBay,Cleveland,31,3,-400,320,6.5,9.0,43.0,41.5,2009-10
2009-10-25,Minnesota,Pittsburgh,17,27,220,-260,4.0,6.0,44.5,46.5,2009-10
2009-10-25,NewEngland,TampaBay,35,7,-1300,940,14.0,15.5,44.0,44.5,2009-10
2009-10-25,SanFrancisco,Houston,21,24,165,-190,3.0,3.0,44.0,44.5,2009-10
2009-10-25,NYJets,Oakland,38,0,-280,240,7.0,6.0,34.0,34.0,2009-10
2009-10-25,Buffalo,Carolina,20,9,250,-300,7.0,7.0,37.0,37.0,2009-10
2009-10-25,NewOrleans,Miami,46,34,-260,220,6.0,6.5,47.5,48.0,2009-10
2009-10-25,Atlanta,Dallas,21,37,190,-230,3.0,5.0,47.0,48.0,2009-10
2009-10-25,Arizona,NYGiants,24,17,290,-350,7.0,8.0,46.5,47.0,2009-10
2009-10-26,Philadelphia,Washington,27,17,-400,320,6.5,9.0,38.5,38.0,2009-10
2009-11-01,Denver,Baltimore,7,30,185,-225,3.5,4.5,39.5,42.5,2009-10
2009-11-01,Cleveland,Chicago,6,30,400,-600,13.5,12.0,40.5,40.0,2009-10
2009-11-01,Houston,Buffalo,31,10,-200,170,3.5,3.0,40.5,42.0,2009-10
2009-11-01,Minnesota,GreenBay,38,26,165,-185,3.5,3.0,48.0,46.5,2009-10
2009-11-01,SanFrancisco,Indianapolis,14,18,600,-800,11.5,13.0,46.5,45.0,2009-10
2009-11-01,Miami,NYJets,30,25,170,-200,4.0,3.5,40.0,40.0,2009-10
2009-11-01,St.Louis,Detroit,17,10,145,-165,5.5,3.0,45.0,43.5,2009-10
2009-11-01,Seattle,Dallas,17,38,350,-500,9.5,9.5,45.5,46.5,2009-10
2009-11-01,Oakland,SanDiego,16,24,950,-1500,16.5,16.0,42.5,41.5,2009-10
2009-11-01,Jacksonville,Tennessee,13,30,145,-165,3.0,3.0,44.0,44.0,2009-10
2009-11-01,Carolina,Arizona,34,21,350,-500,7.5,10.0,44.0,43.5,2009-10
2009-11-01,NYGiants,Philadelphia,17,40,-130,110,3.0,3.0,47.0,43.5,2009-10
2009-11-02,Atlanta,NewOrleans,27,35,420,-540,9.0,11.0,53.5,56.0,2009-10
2009-11-08,KansasCity,Jacksonville,21,24,260,-320,7.0,7.0,42.5,41.5,2009-10
2009-11-08,Baltimore,Cincinnati,7,17,-145,125,3.0,3.0,43.5,45.0,2009-10
2009-11-08,Houston,Indianapolis,17,20,300,-370,10.0,7.5,49.0,50.5,2009-10
2009-11-08,Washington,Atlanta,17,31,350,-450,10.0,8.5,42.0,41.0,2009-10
2009-11-08,GreenBay,TampaBay,28,38,-525,400,10.0,9.5,43.5,43.0,2009-10
2009-11-08,Arizona,Chicago,41,21,108,-128,3.0,2.0,45.5,44.5,2009-10
2009-11-08,Miami,NewEngland,17,27,475,-625,10.5,11.0,48.5,47.0,2009-10
2009-11-08,Carolina,NewOrleans,20,30,450,-600,14.5,12.0,52.0,51.0,2009-10
2009-11-08,Detroit,Seattle,20,32,450,-600,10.0,11.0,43.5,42.0,2009-10
2009-11-08,Tennessee,SanFrancisco,34,27,180,-220,6.0,4.0,41.0,41.0,2009-10
2009-11-08,SanDiego,NYGiants,21,20,215,-255,3.0,5.0,47.5,48.5,2009-10
2009-11-08,Dallas,Philadelphia,20,16,130,-150,3.0,3.0,49.0,49.5,2009-10
2009-11-09,Pittsburgh,Denver,28,10,-150,130,2.5,3.0,40.0,41.5,2009-10
2009-11-12,Chicago,SanFrancisco,6,10,160,-180,3.0,3.0,43.5,43.5,2009-10
2009-11-15,Jacksonville,NYJets,24,22,235,-275,6.0,6.5,39.0,41.0,2009-10
2009-11-15,Denver,Washington,17,27,-185,165,4.5,3.5,36.0,36.5,2009-10
2009-11-15,Cincinnati,Pittsburgh,18,12,255,-310,6.5,6.5,42.0,41.0,2009-10
2009-11-15,Buffalo,Tennessee,17,41,280,-340,6.0,7.5,41.0,41.0,2009-10
2009-11-15,Detroit,Minnesota,10,27,1025,-1450,15.0,17.0,49.0,47.0,2009-10
2009-11-15,NewOrleans,St.Louis,28,23,-850,625,14.0,14.0,50.0,51.0,2009-10
2009-11-15,Atlanta,Carolina,19,28,-117,-103,2.0,1.0,44.0,43.5,2009-10
2009-11-15,TampaBay,Miami,23,25,385,-460,9.5,10.0,43.5,43.0,2009-10
2009-11-15,KansasCity,Oakland,16,10,125,-145,2.5,2.5,36.5,36.5,2009-10
2009-11-15,Seattle,Arizona,20,31,275,-335,7.5,8.0,47.0,46.5,2009-10
2009-11-15,Philadelphia,SanDiego,23,31,100,-120,1.0,1.0,48.0,47.0,2009-10
2009-11-15,Dallas,GreenBay,7,17,-147,127,0.0,3.0,48.5,48.0,2009-10
2009-11-15,NewEngland,Indianapolis,34,35,115,-135,3.0,2.5,50.0,48.5,2009-10
2009-11-16,Baltimore,Cleveland,16,0,-580,430,10.5,11.0,40.5,39.5,2009-10
2009-11-19,Miami,Carolina,24,17,170,-210,3.0,3.5,45.0,41.5,2009-10
2009-11-22,Cleveland,Detroit,37,38,160,-190,4.5,3.0,39.0,37.5,2009-10
2009-11-22,Buffalo,Jacksonville,15,18,310,-380,8.0,8.0,42.0,41.0,2009-10
2009-11-22,Pittsburgh,KansasCity,24,27,-700,500,9.5,11.0,39.0,39.5,2009-10
2009-11-22,Indianapolis,Baltimore,17,15,-120,100,1.0,1.0,45.0,44.0,2009-10
2009-11-22,Atlanta,NYGiants,31,34,300,-370,5.5,7.0,46.5,46.5,2009-10
2009-11-22,SanFrancisco,GreenBay,24,30,220,-260,5.5,6.0,42.5,41.5,2009-10
2009-11-22,Seattle,Minnesota,9,35,425,-550,11.0,10.5,48.0,47.5,2009-10
2009-11-22,Washington,Dallas,6,7,425,-550,12.5,10.5,41.5,41.5,2009-10
2009-11-22,NewOrleans,TampaBay,38,7,-550,425,12.5,10.0,52.5,50.5,2009-10
2009-11-22,Arizona,St.Louis,21,13,-420,330,9.5,8.5,46.0,46.5,2009-10
2009-11-22,NYJets,NewEngland,14,31,475,-650,10.5,11.0,45.0,45.0,2009-10
2009-11-22,Cincinnati,Oakland,17,20,-450,350,9.5,8.5,35.0,36.0,2009-10
2009-11-22,SanDiego,Denver,32,3,-275,235,5.0,6.0,43.0,41.0,2009-10
2009-11-22,Philadelphia,Chicago,24,20,-190,160,2.5,3.5,45.5,46.5,2009-10
2009-11-23,Tennessee,Houston,20,17,160,-190,3.5,3.5,49.0,47.5,2009-10
2009-11-26,GreenBay,Detroit,34,12,-700,500,11.0,11.0,46.0,48.0,2009-10
2009-11-26,Oakland,Dallas,7,24,650,-850,14.0,13.5,40.5,40.5,2009-10
2009-11-26,NYGiants,Denver,6,26,-210,175,5.0,4.5,42.0,43.5,2009-10
2009-11-29,Indianapolis,Houston,35,27,-145,125,3.5,3.0,49.0,48.0,2009-10
2009-11-29,Cleveland,Cincinnati,7,16,490,-630,14.0,12.0,37.5,39.0,2009-10
2009-11-29,Chicago,Minnesota,10,36,425,-550,9.5,10.5,47.0,47.0,2009-10
2009-11-29,Washington,Philadelphia,24,27,405,-480,9.0,10.0,41.0,40.5,2009-10
2009-11-29,Miami,Buffalo,14,31,-200,170,3.0,3.5,39.5,38.5,2009-10
2009-11-29,Arizona,Tennessee,17,20,165,-190,0.0,3.5,47.5,44.0,2009-10
2009-11-29,Seattle,St.Louis,27,17,-175,155,2.5,3.5,42.0,42.5,2009-10
2009-11-29,TampaBay,Atlanta,17,20,475,-600,11.0,12.5,46.0,46.0,2009-10
2009-11-29,Carolina,NYJets,6,17,155,-175,3.0,3.0,41.5,41.5,2009-10
2009-11-29,Jacksonville,SanFrancisco,3,20,155,-175,3.0,3.0,41.5,42.0,2009-10
2009-11-29,KansasCity,SanDiego,14,43,550,-725,13.5,13.0,45.0,45.0,2009-10
2009-11-29,Pittsburgh,Baltimore,17,20,290,-350,9.0,7.5,36.0,35.0,2009-10
2009-11-30,NewEngland,NewOrleans,17,38,110,-130,3.0,2.0,56.0,56.5,2009-10
2009-12-03,NYJets,Buffalo,19,13,-200,170,3.0,3.5,37.0,37.0,2009-10
2009-12-06,Denver,KansasCity,44,13,-290,230,4.0,6.0,37.5,39.0,2009-10
2009-12-06,Oakland,Pittsburgh,27,24,800,-1200,15.0,15.0,37.0,37.0,2009-10
2009-12-06,Houston,Jacksonville,18,23,-120,100,0.0,1.5,47.0,47.5,2009-10
2009-12-06,Tennessee,Indianapolis,17,27,220,-270,7.5,6.0,47.0,47.0,2009-10
2009-12-06,Philadelphia,Atlanta,34,7,-230,190,3.0,4.0,44.5,43.5,2009-10
2009-12-06,Detroit,Cincinnati,13,23,600,-850,13.0,13.5,42.0,42.0,2009-10
2009-12-06,NewOrleans,Washington,33,30,-500,375,9.5,8.0,48.0,47.0,2009-10
2009-12-06,TampaBay,Carolina,6,16,160,-190,6.0,3.5,43.5,40.0,2009-10
2009-12-06,St.Louis,Chicago,9,17,395,-520,9.0,9.0,41.0,41.0,2009-10
2009-12-06,SanDiego,Cleveland,30,23,-875,625,11.5,14.0,43.0,42.5,2009-10
2009-12-06,SanFrancisco,Seattle,17,20,-120,100,1.0,1.0,41.0,41.5,2009-10
2009-12-06,Minnesota,Arizona,17,30,-195,165,3.0,3.0,48.0,48.0,2009-10
2009-12-06,Dallas,NYGiants,24,31,-120,100,0.0,1.0,45.5,45.5,2009-10
2009-12-06,NewEngland,Miami,21,22,-270,220,4.5,5.0,46.5,46.5,2009-10
2009-12-07,Baltimore,GreenBay,14,27,170,-200,3.0,4.0,44.0,43.0,2009-10
2009-12-10,Pittsburgh,Cleveland,6,13,-530,435,10.0,10.0,34.0,34.0,2009-10
2009-12-13,Denver,Indianapolis,16,28,245,-305,8.0,6.5,44.0,43.5,2009-10
2009-12-13,Cincinnati,Minnesota,10,30,210,-260,7.0,5.5,44.5,42.0,2009-10
2009-12-13,NYJets,TampaBay,26,3,-200,170,3.0,3.5,36.5,36.5,2009-10
2009-12-13,Buffalo,KansasCity,16,10,-145,125,1.5,2.5,38.5,38.0,2009-10
2009-12-13,GreenBay,Chicago,21,14,-225,185,3.5,3.5,43.5,42.0,2009-10
2009-12-13,NewOrleans,Atlanta,26,23,-550,425,11.0,10.0,51.0,50.0,2009-10
2009-12-13,Detroit,Baltimore,3,48,675,-975,13.0,14.0,41.0,40.5,2009-10
2009-12-13,Miami,Jacksonville,14,10,100,-120,2.5,1.5,45.0,43.0,2009-10
2009-12-13,Carolina,NewEngland,10,20,525,-725,13.0,12.5,44.0,43.5,2009-10
2009-12-13,Seattle,Houston,7,34,280,-360,4.5,7.0,45.5,44.5,2009-10
2009-12-13,St.Louis,Tennessee,7,47,600,-850,13.0,14.0,41.5,40.0,2009-10
2009-12-13,Washington,Oakland,34,13,-130,110,2.0,2.0,36.0,37.5,2009-10
2009-12-13,SanDiego,Dallas,20,17,140,-165,3.0,3.0,47.5,48.5,2009-10
2009-12-13,Philadelphia,NYGiants,45,38,-125,105,1.0,1.0,47.5,42.0,2009-10
2009-12-14,Arizona,SanFrancisco,9,24,-230,180,3.0,4.0,44.5,44.5,2009-10
2009-12-17,Indianapolis,Jacksonville,35,31,-180,160,6.0,3.0,44.0,43.0,2009-10
2009-12-19,Dallas,NewOrleans,24,17,280,-340,7.0,7.5,52.0,53.5,2009-10
2009-12-20,GreenBay,Pittsburgh,36,37,125,-145,1.0,3.0,41.0,42.0,2009-10
2009-12-20,Miami,Tennessee,24,27,190,-230,3.0,5.0,42.5,42.5,2009-10
2009-12-20,NewEngland,Buffalo,17,10,-310,255,7.0,7.0,41.0,41.5,2009-10
2009-12-20,Arizona,Detroit,31,24,-850,625,10.5,14.0,46.5,46.5,2009-10
2009-12-20,SanFrancisco,Philadelphia,13,27,290,-350,9.5,7.0,43.5,41.0,2009-10
2009-12-20,Atlanta,NYJets,10,7,210,-250,5.5,5.0,36.0,36.5,2009-10
2009-12-20,Chicago,Baltimore,7,31,410,-525,10.0,10.5,41.0,39.5,2009-10
2009-12-20,Cleveland,KansasCity,41,34,125,-145,1.0,2.0,37.0,39.0,2009-10
2009-12-20,Houston,St.Louis,16,13,-900,650,10.5,14.0,43.5,43.0,2009-10
2009-12-20,Cincinnati,SanDiego,24,27,255,-310,7.0,6.5,44.0,44.5,2009-10
2009-12-20,Oakland,Denver,20,19,635,-875,11.5,13.5,37.5,37.0,2009-10
2009-12-20,TampaBay,Seattle,24,7,240,-280,7.0,6.5,39.0,39.0,2009-10
2009-12-20,Minnesota,Carolina,7,26,-400,320,7.0,8.5,42.0,42.5,2009-10
2009-12-21,NYGiants,Washington,45,12,-140,120,2.5,3.0,42.0,44.0,2009-10
2009-12-25,SanDiego,Tennessee,42,17,115,-135,2.5,2.0,47.5,47.5,2009-10
2009-12-27,Seattle,GreenBay,10,48,555,-735,13.5,13.5,42.0,43.5,2009-10
2009-12-27,Oakland,Cleveland,9,23,160,-180,3.0,3.0,37.5,37.0,2009-10
2009-12-27,KansasCity,Cincinnati,10,17,485,-620,13.5,13.0,39.5,39.5,2009-10
2009-12-27,Buffalo,Atlanta,3,31,300,-360,7.0,7.5,41.0,40.0,2009-10
2009-12-27,Houston,Miami,27,20,110,-130,3.0,1.0,46.0,47.0,2009-10
2009-12-27,Carolina,NYGiants,41,9,320,-390,7.0,8.5,42.5,43.0,2009-10
2009-12-27,TampaBay,NewOrleans,20,17,600,-800,16.0,13.5,50.0,48.5,2009-10
2009-12-27,Jacksonville,NewEngland,7,35,350,-440,8.0,9.0,44.0,44.5,2009-10
2009-12-27,Baltimore,Pittsburgh,20,23,125,-145,2.0,3.0,39.0,43.0,2009-10
2009-12-27,Denver,Philadelphia,27,30,250,-300,8.0,7.0,41.5,43.0,2009-10
2009-12-27,St.Louis,Arizona,10,31,1000,-1400,14.0,16.5,44.0,44.0,2009-10
2009-12-27,Detroit,SanFrancisco,6,20,625,-850,11.5,14.0,42.0,41.0,2009-10
2009-12-27,NYJets,Indianapolis,29,15,165,-190,7.0,3.0,42.5,40.5,2009-10
2009-12-27,Dallas,Washington,17,0,-320,260,6.0,7.0,42.0,42.0,2009-10
2009-12-28,Minnesota,Chicago,30,36,-370,305,7.5,8.0,42.0,41.0,2009-10
2010-01-03,Indianapolis,Buffalo,7,30,300,-360,6.0,8.0,40.0,32.5,2009-10
2010-01-03,NewOrleans,Carolina,10,23,330,-410,7.5,10.0,44.0,41.0,2009-10
2010-01-03,Jacksonville,Cleveland,17,23,105,-125,2.5,2.0,40.0,35.5,2009-10
2010-01-03,Philadelphia,Dallas,0,24,140,-160,3.0,2.5,48.5,47.0,2009-10
2010-01-03,Chicago,Detroit,37,23,-215,178,2.5,4.5,45.0,44.0,2009-10
2010-01-03,NewEngland,Houston,27,34,248,-295,6.5,8.5,45.5,46.5,2009-10
2010-01-03,Pittsburgh,Miami,30,24,-150,130,3.0,3.0,45.5,45.5,2009-10
2010-01-03,NYGiants,Minnesota,7,44,295,-355,9.0,8.5,48.0,47.5,2009-10
2010-01-03,Cincinnati,NYJets,0,37,390,-490,7.0,9.5,37.5,33.5,2009-10
2010-01-03,SanFrancisco,St.Louis,28,6,-310,255,7.0,7.0,40.5,39.5,2009-10
2010-01-03,Atlanta,TampaBay,20,10,-150,130,1.0,3.0,41.5,41.5,2009-10
2010-01-03,GreenBay,Arizona,33,7,135,-155,3.0,3.0,45.5,42.0,2009-10
2010-01-03,KansasCity,Denver,44,24,350,-440,11.0,9.0,39.0,38.0,2009-10
2010-01-03,Baltimore,Oakland,21,13,-490,413,10.0,10.0,38.0,39.0,2009-10
2010-01-03,Washington,SanDiego,20,23,145,-165,8.0,3.0,41.5,39.0,2009-10
2010-01-03,Tennessee,Seattle,17,13,-245,205,5.5,6.0,43.5,45.0,2009-10
2010-01-09,NYJets,Cincinnati,24,14,125,-145,1.0,2.5,34.5,34.5,2009-10
2010-01-09,Philadelphia,Dallas,14,34,170,-200,3.5,4.0,45.5,45.0,2009-10
2010-01-10,Baltimore,NewEngland,33,14,175,-205,4.0,4.0,43.0,44.0,2009-10
2010-01-10,GreenBay,Arizona,45,51,-138,118,2.5,2.5,48.5,48.5,2009-10
2010-01-16,Arizona,NewOrleans,14,45,250,-300,7.0,7.0,56.5,57.0,2009-10
2010-01-16,Baltimore,Indianapolis,3,20,220,-260,6.5,6.5,44.5,44.0,2009-10
2010-01-17,Dallas,Minnesota,3,34,120,-140,3.0,2.5,48.0,45.0,2009-10
2010-01-17,NYJets,SanDiego,17,14,330,-410,9.0,8.5,42.5,43.0,2009-10
2010-01-24,NYJets,Indianapolis,17,30,290,-350,7.0,8.0,41.0,40.0,2009-10
2010-01-24,Minnesota,NewOrleans,28,31,165,-185,4.5,4.0,54.0,54.0,2009-10
2010-02-07,NewOrleans,Indianapolis,31,17,170,-200,3.0,4.5,56.0,56.5,2009-10
2010-09-09,Minnesota,NewOrleans,9,14,190,-230,4.5,5.0,51.5,49.5,2010-11
2010-09-12,Carolina,NYGiants,18,31,220,-260,7.0,6.0,40.0,40.5,2010-11
2010-09-12,Miami,Buffalo,15,10,-175,155,3.0,3.0,37.5,39.5,2010-11
2010-09-12,Atlanta,Pittsburgh,9,15,-130,110,0.0,1.5,40.5,39.5,2010-11
2010-09-12,Detroit,Chicago,14,19,240,-280,6.5,6.5,42.5,45.0,2010-11
2010-09-12,Cincinnati,NewEngland,24,38,190,-230,6.0,5.0,44.0,45.0,2010-11
2010-09-12,Cleveland,TampaBay,14,17,120,-140,1.5,2.5,36.5,37.0,2010-11
2010-09-12,Denver,Jacksonville,17,24,155,-175,1.5,3.0,41.5,41.5,2010-11
2010-09-12,Indianapolis,Houston,24,34,-130,110,3.0,1.5,47.0,48.0,2010-11
2010-09-12,Oakland,Tennessee,13,38,220,-260,7.0,6.5,41.0,40.0,2010-11
2010-09-12,GreenBay,Philadelphia,27,20,-150,130,0.0,3.0,45.5,48.0,2010-11
2010-09-12,SanFrancisco,Seattle,6,31,-175,155,1.5,3.0,38.0,37.0,2010-11
2010-09-12,Arizona,St.Louis,17,13,-160,140,3.5,3.0,41.5,39.5,2010-11
2010-09-12,Dallas,Washington,7,13,-200,170,3.5,4.0,43.0,40.5,2010-11
2010-09-13,Baltimore,NYJets,10,9,110,-130,3.0,1.5,37.0,36.0,2010-11
2010-09-13,SanDiego,KansasCity,14,21,-220,180,5.5,4.0,45.0,45.5,2010-11
2010-09-19,KansasCity,Cleveland,16,14,150,-170,2.5,3.0,38.5,38.0,2010-11
2010-09-19,Buffalo,GreenBay,7,34,490,-680,13.5,13.0,43.5,43.0,2010-11
2010-09-19,Baltimore,Cincinnati,10,15,-140,120,1.0,3.0,38.5,39.5,2010-11
2010-09-19,Pittsburgh,Tennessee,19,11,220,-260,6.0,6.0,38.5,37.0,2010-11
2010-09-19,Philadelphia,Detroit,35,32,-290,245,3.0,6.5,41.0,41.0,2010-11
2010-09-19,Chicago,Dallas,27,20,290,-350,9.0,7.0,41.0,41.5,2010-11
2010-09-19,TampaBay,Carolina,20,7,175,-210,3.5,4.0,39.0,37.5,2010-11
2010-09-19,Arizona,Atlanta,7,41,250,-300,7.0,7.0,41.5,43.5,2010-11
2010-09-19,Miami,Minnesota,14,10,210,-250,5.5,6.0,41.0,41.0,2010-11
2010-09-19,St.Louis,Oakland,14,16,155,-175,3.5,3.0,38.5,37.5,2010-11
2010-09-19,Seattle,Denver,14,31,160,-180,3.0,3.5,39.5,41.0,2010-11
2010-09-19,Houston,Washington,30,27,-135,115,3.0,3.0,44.5,42.5,2010-11
2010-09-19,Jacksonville,SanDiego,13,38,255,-310,9.0,7.0,45.5,45.0,2010-11
2010-09-19,NewEngland,NYJets,14,28,-155,135,1.0,3.0,39.0,39.5,2010-11
2010-09-19,NYGiants,Indianapolis,14,38,190,-230,5.5,4.0,47.5,48.0,2010-11
2010-09-20,NewOrleans,SanFrancisco,25,22,-240,200,4.5,5.5,44.5,44.0,2010-11
2010-09-26,Tennessee,NYGiants,29,10,135,-155,3.5,3.0,43.0,43.5,2010-11
2010-09-26,Buffalo,NewEngland,30,38,650,-900,11.0,14.5,43.0,42.5,2010-11
2010-09-26,Cleveland,Baltimore,17,24,500,-700,10.0,12.5,38.0,36.5,2010-11
2010-09-26,Pittsburgh,TampaBay,38,13,-145,125,2.5,2.5,34.0,33.0,2010-11
2010-09-26,Cincinnati,Carolina,20,7,-175,155,3.5,3.0,40.0,37.0,2010-11
2010-09-26,Atlanta,NewOrleans,27,24,155,-175,4.5,3.0,50.0,49.0,2010-11
2010-09-26,SanFrancisco,KansasCity,10,31,-140,120,0.0,3.0,36.0,38.0,2010-11
2010-09-26,Detroit,Minnesota,10,24,500,-700,10.0,13.0,42.0,42.5,2010-11
2010-09-26,Dallas,Houston,27,13,115,-135,2.0,2.5,46.5,47.5,2010-11
2010-09-26,Washington,St.Louis,16,30,-240,200,5.0,5.0,38.0,39.0,2010-11
2010-09-26,Philadelphia,Jacksonville,28,3,-140,120,3.0,3.0,44.0,44.5,2010-11
2010-09-26,Indianapolis,Denver,27,13,-250,210,5.5,6.0,48.0,47.0,2010-11
2010-09-26,SanDiego,Seattle,20,27,-200,170,4.5,4.0,45.0,44.0,2010-11
2010-09-26,Oakland,Arizona,23,24,200,-240,4.0,5.5,40.0,39.0,2010-11
2010-09-26,NYJets,Miami,31,23,115,-135,1.5,1.5,35.0,36.0,2010-11
2010-09-27,GreenBay,Chicago,17,20,-155,135,3.5,3.0,45.0,45.5,2010-11
2010-10-03,Denver,Tennessee,26,20,230,-270,7.0,6.5,41.5,43.5,2010-11
2010-10-03,Baltimore,Pittsburgh,17,14,110,-130,1.0,2.0,34.5,34.5,2010-11
2010-10-03,Cincinnati,Cleveland,20,23,-130,110,3.0,2.5,38.0,37.0,2010-11
2010-10-03,Detroit,GreenBay,26,28,675,-950,14.5,14.5,45.5,46.5,2010-11
2010-10-03,Carolina,NewOrleans,14,16,500,-700,13.5,12.5,45.0,43.5,2010-11
2010-10-03,SanFrancisco,Atlanta,14,16,250,-300,7.0,7.0,42.0,42.5,2010-11
2010-10-03,Seattle,St.Louis,3,20,-130,110,1.5,2.0,38.0,40.0,2010-11
2010-10-03,NYJets,Buffalo,38,14,-250,210,4.5,6.0,36.5,37.0,2010-11
2010-10-03,Indianapolis,Jacksonville,28,31,-340,280,7.0,7.0,46.5,45.5,2010-11
2010-10-03,Houston,Oakland,31,24,-190,165,3.5,3.5,44.0,43.5,2010-11
2010-10-03,Arizona,SanDiego,10,41,400,-500,9.0,10.0,46.0,47.5,2010-11
2010-10-03,Washington,Philadelphia,17,12,190,-230,6.5,5.5,43.0,44.5,2010-11
2010-10-03,Chicago,NYGiants,3,17,165,-190,3.0,3.5,42.5,44.0,2010-11
2010-10-04,NewEngland,Miami,41,14,101,-111,1.0,1.0,46.0,48.5,2010-11
2010-10-10,Denver,Baltimore,17,31,310,-380,7.0,8.0,39.0,39.5,2010-11
2010-10-10,Jacksonville,Buffalo,36,26,115,-135,1.0,2.5,40.5,41.5,2010-11
2010-10-10,KansasCity,Indianapolis,9,19,300,-360,9.0,7.5,44.0,46.5,2010-11
2010-10-10,St.Louis,Detroit,6,44,130,-150,3.0,3.0,42.0,44.0,2010-11
2010-10-10,Atlanta,Cleveland,20,10,-160,140,3.0,3.0,41.5,41.5,2010-11
2010-10-10,TampaBay,Cincinnati,24,21,250,-300,7.0,7.0,38.5,38.5,2010-11
2010-10-10,Chicago,Carolina,23,6,130,-150,3.0,3.0,36.0,33.0,2010-11
2010-10-10,GreenBay,Washington,13,16,-145,125,3.0,3.0,43.5,45.5,2010-11
2010-10-10,NYGiants,Houston,34,10,150,-170,3.0,3.0,48.0,48.5,2010-11
2010-10-10,NewOrleans,Arizona,20,30,-320,260,6.5,7.0,46.5,46.0,2010-11
2010-10-10,SanDiego,Oakland,27,35,-320,260,5.5,7.0,44.5,44.0,2010-11
2010-10-10,Tennessee,Dallas,34,27,250,-300,6.5,7.0,42.0,43.5,2010-11
2010-10-10,Philadelphia,SanFrancisco,27,24,155,-175,3.0,3.5,38.0,39.5,2010-11
2010-10-11,Minnesota,NYJets,20,29,175,-210,3.0,4.0,37.0,38.5,2010-11
2010-10-17,SanDiego,St.Louis,17,20,-400,325,7.5,8.5,44.0,45.0,2010-11
2010-10-17,KansasCity,Houston,31,35,175,-210,3.5,4.5,44.0,46.0,2010-11
2010-10-17,Baltimore,NewEngland,20,23,125,-145,3.0,3.0,46.0,44.0,2010-11
2010-10-17,NewOrleans,TampaBay,31,6,-250,210,6.5,5.5,46.0,43.5,2010-11
2010-10-17,Atlanta,Philadelphia,17,31,105,-125,3.0,2.0,41.5,43.0,2010-11
2010-10-17,Detroit,NYGiants,20,28,425,-550,10.5,10.0,44.5,45.5,2010-11
2010-10-17,Seattle,Chicago,23,20,220,-260,6.5,6.0,37.0,37.5,2010-11
2010-10-17,Miami,GreenBay,23,20,140,-160,3.0,3.0,44.0,44.0,2010-11
2010-10-17,Cleveland,Pittsburgh,10,28,650,-900,13.0,14.0,40.0,37.5,2010-11
2010-10-17,NYJets,Denver,24,20,-200,170,3.0,3.5,40.0,43.0,2010-11
2010-10-17,Oakland,SanFrancisco,9,17,290,-350,6.0,7.5,40.5,41.0,2010-11
2010-10-17,Dallas,Minnesota,21,24,110,-130,1.0,1.5,44.0,43.5,2010-11
2010-10-17,Indianapolis,Washington,27,24,-170,150,4.0,3.0,44.5,45.0,2010-11
2010-10-18,Tennessee,Jacksonville,30,3,-155,135,3.0,3.0,44.5,43.5,2010-11
2010-10-24,Pittsburgh,Miami,23,22,-155,135,3.0,3.0,40.0,40.5,2010-11
2010-10-24,Cincinnati,Atlanta,32,39,175,-210,5.0,3.5,42.5,43.0,2010-11
2010-10-24,Jacksonville,KansasCity,20,42,350,-450,9.5,9.0,37.5,39.0,2010-11
2010-10-24,Philadelphia,Tennessee,19,37,120,-140,3.0,3.0,43.0,42.0,2010-11
2010-10-24,Washington,Chicago,17,14,140,-160,3.0,3.0,40.0,40.0,2010-11
2010-10-24,Cleveland,NewOrleans,30,17,465,-630,14.0,12.5,44.0,44.0,2010-11
2010-10-24,Buffalo,Baltimore,34,37,475,-650,13.0,12.5,37.0,40.0,2010-11
2010-10-24,SanFrancisco,Carolina,20,23,-135,115,3.0,2.5,34.5,35.5,2010-11
2010-10-24,St.Louis,TampaBay,17,18,140,-160,1.0,3.0,38.0,39.0,2010-11
2010-10-24,Arizona,Seattle,10,22,240,-280,3.5,6.5,41.0,40.5,2010-11
2010-10-24,NewEngland,SanDiego,23,20,115,-135,3.0,1.5,48.0,49.5,2010-11
2010-10-24,Oakland,Denver,59,14,265,-325,7.0,7.0,42.5,43.0,2010-11
2010-10-24,Minnesota,GreenBay,24,28,115,-135,3.0,2.5,44.0,44.5,2010-11
2010-10-25,NYGiants,Dallas,41,35,160,-180,3.0,3.5,44.5,45.5,2010-11
2010-10-31,Denver,SanFrancisco,16,24,115,-135,0.0,2.5,42.0,41.0,2010-11
2010-10-31,Jacksonville,Dallas,35,17,250,-300,11.0,6.5,45.0,43.5,2010-11
2010-10-31,Washington,Detroit,25,37,120,-140,1.0,2.5,44.5,45.0,2010-11
2010-10-31,GreenBay,NYJets,9,0,250,-300,4.5,6.0,42.0,42.0,2010-11
2010-10-31,Carolina,St.Louis,10,20,110,-130,3.0,2.5,35.0,37.5,2010-11
2010-10-31,Miami,Cincinnati,22,14,-120,100,1.0,1.0,44.0,44.0,2010-11
2010-10-31,Buffalo,KansasCity,10,13,270,-330,9.0,7.0,43.0,45.5,2010-11
2010-10-31,Tennessee,SanDiego,25,33,205,-245,3.5,5.5,43.5,45.0,2010-11
2010-10-31,TampaBay,Arizona,38,35,155,-175,3.5,3.0,40.0,38.0,2010-11
2010-10-31,Seattle,Oakland,3,33,110,-130,1.5,1.5,40.0,40.5,2010-11
2010-10-31,Minnesota,NewEngland,18,28,180,-220,3.5,5.0,44.0,45.0,2010-11
2010-10-31,Pittsburgh,NewOrleans,10,20,-105,-115,0.0,1.0,43.0,45.0,2010-11
2010-11-01,Houston,Indianapolis,17,30,190,-230,5.5,5.0,49.0,50.5,2010-11
2010-11-07,Chicago,Buffalo,22,19,-150,130,1.0,3.0,40.5,41.5,2010-11
2010-11-07,SanDiego,Houston,29,23,-140,120,1.5,3.0,49.5,50.0,2010-11
2010-11-07,NewOrleans,Carolina,34,3,-260,220,6.5,5.5,41.0,40.0,2010-11
2010-11-07,Arizona,Minnesota,24,27,290,-350,9.0,7.0,41.0,42.5,2010-11
2010-11-07,TampaBay,Atlanta,21,27,400,-500,9.0,10.0,45.0,44.5,2010-11
2010-11-07,NYJets,Detroit,23,20,-250,210,3.5,5.5,43.0,42.5,2010-11
2010-11-07,Miami,Baltimore,10,26,180,-220,5.5,5.0,40.0,41.0,2010-11
2010-11-07,NewEngland,Cleveland,14,34,-210,175,5.0,4.0,44.0,43.5,2010-11
2010-11-07,NYGiants,Seattle,41,7,-350,290,5.5,7.0,41.0,40.5,2010-11
2010-11-07,KansasCity,Oakland,20,23,110,-130,2.5,0.0,41.5,41.0,2010-11
2010-11-07,Indianapolis,Philadelphia,24,26,140,-160,2.5,3.0,47.0,46.0,2010-11
2010-11-07,Dallas,GreenBay,7,45,260,-320,9.0,7.5,44.0,46.0,2010-11
2010-11-08,Pittsburgh,Cincinnati,27,21,-230,190,3.5,5.5,41.5,42.0,2010-11
2010-11-11,Baltimore,Atlanta,21,26,113,-125,1.0,1.0,43.0,44.0,2010-11
2010-11-14,Cincinnati,Indianapolis,17,23,265,-325,8.0,7.0,47.5,47.0,2010-11
2010-11-14,Houston,Jacksonville,24,31,-110,-110,1.0,0.0,50.0,48.0,2010-11
2010-11-14,Tennessee,Miami,17,29,105,-125,2.0,1.5,41.5,43.0,2010-11
2010-11-14,Minnesota,Chicago,13,27,-110,-110,1.5,1.0,38.0,40.5,2010-11
2010-11-14,Detroit,Buffalo,12,14,110,-130,3.0,1.5,42.5,45.0,2010-11
2010-11-14,NYJets,Cleveland,26,20,-190,160,3.5,3.5,36.5,37.0,2010-11
2010-11-14,Carolina,TampaBay,16,31,255,-305,7.5,7.0,35.0,37.0,2010-11
2010-11-14,KansasCity,Denver,29,49,-120,100,2.5,1.0,42.0,44.5,2010-11
2010-11-14,St.Louis,SanFrancisco,20,23,195,-235,5.5,5.0,38.0,38.5,2010-11
2010-11-14,Seattle,Arizona,36,18,170,-200,3.0,3.5,41.0,41.0,2010-11
2010-11-14,Dallas,NYGiants,33,20,450,-600,13.5,12.5,44.5,46.0,2010-11
2010-11-14,NewEngland,Pittsburgh,39,26,175,-210,4.0,4.0,45.0,44.5,2010-11
2010-11-15,Philadelphia,Washington,59,28,-175,155,3.0,3.0,41.5,44.0,2010-11
2010-11-18,Chicago,Miami,16,0,115,-135,3.0,2.5,39.5,40.0,2010-11
2010-11-21,Oakland,Pittsburgh,3,35,250,-300,9.0,7.0,41.5,41.0,2010-11
2010-11-21,Houston,NYJets,27,30,240,-280,7.0,6.5,44.5,46.0,2010-11
2010-11-21,Baltimore,Carolina,37,13,-825,610,9.0,13.5,37.0,37.0,2010-11
2010-11-21,Washington,Tennessee,19,16,255,-310,7.0,7.0,43.0,44.5,2010-11
2010-11-21,Detroit,Dallas,19,35,200,-240,9.0,5.5,46.0,47.5,2010-11
2010-11-21,GreenBay,Minnesota,31,3,-155,135,1.0,3.0,43.5,45.0,2010-11
2010-11-21,Buffalo,Cincinnati,49,31,175,-210,5.0,4.0,43.5,41.0,2010-11
2010-11-21,Cleveland,Jacksonville,20,24,115,-135,3.0,2.5,42.0,43.0,2010-11
2010-11-21,Arizona,KansasCity,13,31,290,-350,7.0,7.0,42.0,45.0,2010-11
2010-11-21,Seattle,NewOrleans,19,34,425,-550,12.0,11.0,44.0,45.0,2010-11
2010-11-21,Atlanta,St.Louis,34,17,-190,165,3.0,3.5,43.0,43.5,2010-11
2010-11-21,TampaBay,SanFrancisco,21,0,160,-180,3.5,3.5,40.5,41.5,2010-11
2010-11-21,Indianapolis,NewEngland,28,31,170,-200,3.0,4.5,51.0,50.0,2010-11
2010-11-21,NYGiants,Philadelphia,17,27,160,-180,3.0,3.5,48.0,48.5,2010-11
2010-11-22,Denver,SanDiego,14,35,335,-410,9.5,9.0,47.0,51.0,2010-11
2010-11-25,NewEngland,Detroit,45,24,-270,230,6.5,7.0,51.0,50.5,2010-11
2010-11-25,NewOrleans,Dallas,30,27,-230,190,3.0,4.5,50.5,49.0,2010-11
2010-11-25,Cincinnati,NYJets,10,26,345,-420,8.5,9.5,43.5,43.5,2010-11
2010-11-28,Minnesota,Washington,17,13,-140,120,1.5,2.5,43.0,43.5,2010-11
2010-11-28,Pittsburgh,Buffalo,19,16,-320,260,6.0,6.5,42.0,43.5,2010-11
2010-11-28,Tennessee,Houston,0,20,175,-210,6.0,4.5,46.5,46.5,2010-11
2010-11-28,Jacksonville,NYGiants,20,24,290,-350,9.5,7.5,45.5,42.5,2010-11
2010-11-28,Carolina,Cleveland,23,24,320,-390,9.0,8.0,37.5,37.5,2010-11
2010-11-28,TampaBay,Baltimore,10,17,265,-325,9.5,8.0,42.0,42.0,2010-11
2010-11-28,Philadelphia,Chicago,26,31,-170,150,3.5,3.0,41.5,42.0,2010-11
2010-11-28,GreenBay,Atlanta,17,20,120,-140,0.0,1.5,47.5,46.5,2010-11
2010-11-28,Miami,Oakland,33,17,130,-150,2.5,3.0,38.0,38.0,2010-11
2010-11-28,KansasCity,Seattle,42,24,-125,105,1.0,2.5,43.0,46.5,2010-11
2010-11-28,St.Louis,Denver,36,33,155,-175,5.0,3.0,44.0,47.0,2010-11
2010-11-28,SanDiego,Indianapolis,36,14,120,-140,3.0,1.5,51.5,49.5,2010-11
2010-11-29,SanFrancisco,Arizona,27,6,-140,120,2.5,2.0,38.5,42.0,2010-11
2010-12-02,Houston,Philadelphia,24,34,310,-380,8.0,9.0,49.5,51.5,2010-11
2010-12-05,Buffalo,Minnesota,14,38,190,-230,6.5,5.0,45.0,43.5,2010-11
2010-12-05,Cleveland,Miami,13,10,200,-250,5.5,6.0,43.0,43.5,2010-11
2010-12-05,Jacksonville,Tennessee,17,6,140,-165,3.0,3.0,43.5,43.5,2010-11
2010-12-05,Denver,KansasCity,6,10,330,-430,6.5,8.5,47.0,48.5,2010-11
2010-12-05,Washington,NYGiants,7,31,310,-400,8.0,7.5,45.5,43.0,2010-11
2010-12-05,Chicago,Detroit,24,20,-270,220,3.5,5.5,43.5,43.5,2010-11
2010-12-05,SanFrancisco,GreenBay,16,34,390,-515,9.5,9.0,41.5,41.0,2010-11
2010-12-05,NewOrleans,Cincinnati,34,30,-320,260,6.5,6.5,47.0,45.0,2010-11
2010-12-05,Atlanta,TampaBay,28,24,-170,145,2.5,3.0,45.0,43.0,2010-11
2010-12-05,Oakland,SanDiego,28,13,575,-775,12.5,13.0,46.5,45.0,2010-11
2010-12-05,Carolina,Seattle,14,31,200,-250,6.5,5.0,40.0,40.5,2010-11
2010-12-05,Dallas,Indianapolis,38,35,240,-300,5.0,6.0,48.0,48.0,2010-11
2010-12-05,St.Louis,Arizona,19,6,-175,150,3.0,3.0,42.0,44.0,2010-11
2010-12-05,Pittsburgh,Baltimore,13,10,150,-180,2.5,3.0,39.5,38.5,2010-11
2010-12-06,NYJets,NewEngland,3,45,180,-220,3.0,4.0,47.0,44.5,2010-11
2010-12-09,Indianapolis,Tennessee,30,28,-210,175,2.0,3.5,44.0,44.0,2010-11
2010-12-12,Oakland,Jacksonville,31,38,170,-200,4.5,3.5,43.0,41.5,2010-11
2010-12-12,Cincinnati,Pittsburgh,7,23,365,-475,9.0,8.5,40.5,40.0,2010-11
2010-12-12,NewEngland,Chicago,36,7,-170,145,3.0,3.0,45.0,37.5,2010-11
2010-12-12,Cleveland,Buffalo,6,13,-105,-115,1.5,0.0,43.5,39.0,2010-11
2010-12-12,GreenBay,Detroit,3,7,-370,290,6.5,7.0,44.5,46.0,2010-11
2010-12-12,Atlanta,Carolina,31,10,-400,310,7.0,8.0,42.0,41.5,2010-11
2010-12-12,TampaBay,Washington,17,16,-125,105,1.0,1.0,41.0,41.0,2010-11
2010-12-12,St.Louis,NewOrleans,13,31,390,-515,9.5,9.5,45.5,47.5,2010-11
2010-12-12,Seattle,SanFrancisco,21,40,180,-220,4.0,4.5,41.0,42.0,2010-11
2010-12-12,Miami,NYJets,10,6,210,-260,6.0,5.0,41.0,37.5,2010-11
2010-12-12,Denver,Arizona,13,43,-215,175,6.0,4.0,43.0,44.0,2010-11
2010-12-12,KansasCity,SanDiego,0,31,450,-600,7.0,10.0,47.0,45.5,2010-11
2010-12-12,Philadelphia,Dallas,30,27,-225,185,3.0,4.0,49.5,50.5,2010-11
2010-12-13,Baltimore,Houston,34,28,-160,140,3.0,3.0,45.5,46.5,2010-11
2010-12-13,NYGiants,Minnesota,21,3,-250,210,3.0,5.0,43.0,43.5,2010-11
2010-12-16,SanFrancisco,SanDiego,7,34,430,-550,9.0,10.5,44.0,45.0,2010-11
2010-12-19,KansasCity,St.Louis,27,13,135,-155,1.0,3.0,43.5,42.5,2010-11
2010-12-19,Houston,Tennessee,17,31,110,-130,1.0,2.0,47.5,47.0,2010-11
2010-12-19,Jacksonville,Indianapolis,24,34,200,-240,5.0,4.5,48.5,48.0,2010-11
2010-12-19,Arizona,Carolina,12,19,120,-140,2.5,2.5,37.5,37.5,2010-11
2010-12-19,Cleveland,Cincinnati,17,19,-110,-110,1.0,0.0,40.0,41.0,2010-11
2010-12-19,Buffalo,Miami,17,14,220,-260,6.0,6.0,41.0,40.0,2010-11
2010-12-19,Philadelphia,NYGiants,38,31,135,-155,3.0,3.0,46.0,47.0,2010-11
2010-12-19,Washington,Dallas,30,33,350,-450,6.0,9.0,45.0,44.0,2010-11
2010-12-19,Detroit,TampaBay,23,20,175,-210,5.5,4.0,42.5,43.0,2010-11
2010-12-19,NewOrleans,Baltimore,24,30,115,-135,2.5,2.5,43.5,45.0,2010-11
2010-12-19,Atlanta,Seattle,34,18,-240,200,6.0,5.5,45.5,46.5,2010-11
2010-12-19,NYJets,Pittsburgh,22,17,170,-200,6.0,3.5,36.0,36.0,2010-11
2010-12-19,Denver,Oakland,23,39,290,-350,6.5,7.5,44.0,41.5,2010-11
2010-12-19,GreenBay,NewEngland,27,31,700,-1000,13.0,14.0,43.5,43.5,2010-11
2010-12-20,Chicago,Minnesota,40,14,-260,220,9.0,6.5,33.0,34.5,2010-11
2010-12-23,Carolina,Pittsburgh,3,27,650,-900,13.0,14.5,37.0,38.0,2010-11
2010-12-24,Dallas,Arizona,26,27,-340,280,6.0,7.5,45.0,45.0,2010-11
2010-12-26,Detroit,Miami,34,27,165,-190,3.5,3.5,41.0,41.5,2010-11
2010-12-26,Washington,Jacksonville,20,17,240,-280,6.5,7.0,45.0,45.5,2010-11
2010-12-26,SanFrancisco,St.Louis,17,25,115,-135,1.0,2.5,39.5,40.5,2010-11
2010-12-26,Seattle,TampaBay,15,38,190,-230,6.0,5.5,42.5,43.5,2010-11
2010-12-26,NewEngland,Buffalo,34,3,-360,300,8.0,7.5,45.5,46.0,2010-11
2010-12-26,NYJets,Chicago,34,38,115,-135,1.0,3.0,36.5,36.0,2010-11
2010-12-26,Baltimore,Cleveland,20,10,-200,170,3.0,4.0,39.0,40.0,2010-11
2010-12-26,Tennessee,KansasCity,14,34,170,-200,5.0,4.0,41.5,42.5,2010-11
2010-12-26,Indianapolis,Oakland,31,26,-135,115,3.0,2.5,47.0,46.5,2010-11
2010-12-26,Houston,Denver,23,24,-130,110,3.0,2.0,49.0,49.5,2010-11
2010-12-26,NYGiants,GreenBay,17,45,150,-170,3.0,3.0,43.0,43.0,2010-11
2010-12-26,SanDiego,Cincinnati,20,34,-370,305,7.0,9.0,44.5,44.0,2010-11
2010-12-27,NewOrleans,Atlanta,17,14,110,-130,2.0,2.5,47.5,50.5,2010-11
2010-12-28,Minnesota,Philadelphia,24,14,685,-970,13.5,14.5,38.0,44.5,2010-11
2011-01-02,Oakland,KansasCity,31,10,180,-220,4.0,5.0,43.5,43.5,2010-11
2011-01-02,Miami,NewEngland,7,38,175,-210,2.0,4.5,42.5,44.0,2010-11
2011-01-02,Tennessee,Indianapolis,20,23,400,-500,8.5,9.0,47.0,48.0,2010-11
2011-01-02,Jacksonville,Houston,17,34,185,-225,2.5,5.0,49.5,47.5,2010-11
2011-01-02,Pittsburgh,Cleveland,41,9,-260,220,6.0,6.5,38.0,38.5,2010-11
2011-01-02,Cincinnati,Baltimore,7,13,400,-500,9.5,9.5,43.5,43.0,2010-11
2011-01-02,Minnesota,Detroit,13,20,175,-210,3.0,3.5,42.0,44.0,2010-11
2011-01-02,NYGiants,Washington,17,14,-220,180,3.5,5.0,45.5,45.0,2010-11
2011-01-02,Chicago,GreenBay,3,10,500,-700,10.0,11.5,41.5,43.5,2010-11
2011-01-02,Dallas,Philadelphia,14,13,-135,115,2.5,2.0,42.0,43.5,2010-11
2011-01-02,Buffalo,NYJets,7,38,-110,-110,2.0,1.0,41.0,38.0,2010-11
2011-01-02,Carolina,Atlanta,10,31,750,-1100,14.5,14.5,41.0,41.5,2010-11
2011-01-02,TampaBay,NewOrleans,23,13,250,-300,8.0,7.0,48.0,47.0,2010-11
2011-01-02,St.Louis,Seattle,6,16,-165,145,1.0,3.0,42.0,43.0,2010-11
2011-01-02,Arizona,SanFrancisco,7,38,220,-260,7.0,6.0,38.0,39.0,2010-11
2011-01-02,SanDiego,Denver,33,28,-240,200,3.5,5.5,47.5,47.5,2010-11
2011-01-08,NewOrleans,Seattle,36,41,-500,400,10.5,10.0,45.5,46.0,2010-11
2011-01-08,NYJets,Indianapolis,17,16,110,-130,3.0,2.0,44.5,44.5,2010-11
2011-01-09,Baltimore,KansasCity,30,7,-170,150,2.5,3.0,41.5,41.0,2010-11
2011-01-09,GreenBay,Philadelphia,21,16,105,-125,2.5,1.5,46.0,47.0,2010-11
2011-01-15,Baltimore,Pittsburgh,24,31,160,-180,3.0,3.0,36.5,38.0,2010-11
2011-01-15,GreenBay,Atlanta,48,21,100,-120,2.0,1.0,45.5,44.5,2010-11
2011-01-16,Seattle,Chicago,24,35,350,-450,10.0,10.0,40.0,43.0,2010-11
2011-01-16,NYJets,NewEngland,28,21,320,-400,9.0,9.0,45.5,45.0,2010-11
2011-01-23,GreenBay,Chicago,21,14,-190,165,3.0,3.5,44.0,42.0,2010-11
2011-01-23,NYJets,Pittsburgh,19,24,170,-200,4.0,4.0,38.5,38.0,2010-11
2011-02-06,Pittsburgh,GreenBay,25,31,130,-150,2.0,3.0,45.0,44.5,2010-11
2011-09-08,NewOrleans,GreenBay,34,42,210,-250,4.5,5.0,46.0,48.0,2011-12
2011-09-11,Pittsburgh,Baltimore,7,35,100,-120,2.5,1.0,37.0,37.0,2011-12
2011-09-11,Detroit,TampaBay,27,20,110,-130,3.0,1.5,40.5,43.5,2011-12
2011-09-11,Atlanta,Chicago,12,30,-120,100,0.0,1.0,41.0,40.5,2011-12
2011-09-11,Buffalo,KansasCity,41,7,175,-210,6.5,3.5,42.5,39.0,2011-12
2011-09-11,Indianapolis,Houston,7,34,330,-430,2.0,8.5,47.0,44.0,2011-12
2011-09-11,Philadelphia,St.Louis,31,13,-215,180,4.0,3.5,44.5,44.0,2011-12
2011-09-11,Cincinnati,Cleveland,27,17,280,-350,3.0,7.0,37.5,36.5,2011-12
2011-09-11,Tennessee,Jacksonville,14,16,-125,105,2.5,1.5,40.5,37.5,2011-12
2011-09-11,NYGiants,Washington,14,28,-110,-110,3.0,0.0,39.0,40.5,2011-12
2011-09-11,Carolina,Arizona,21,28,260,-320,3.0,6.5,38.0,37.5,2011-12
2011-09-11,Seattle,SanFrancisco,17,33,210,-260,6.0,6.0,40.5,38.0,2011-12
2011-09-11,Minnesota,SanDiego,17,24,350,-450,9.5,9.0,41.5,44.0,2011-12
2011-09-11,Dallas,NYJets,24,27,260,-320,4.0,6.5,41.0,41.0,2011-12
2011-09-12,NewEngland,Miami,38,24,-350,290,3.5,7.5,45.0,47.0,2011-12
2011-09-12,Oakland,Denver,23,20,155,-175,0.0,3.0,41.0,43.0,2011-12
2011-09-18,Chicago,NewOrleans,13,30,190,-230,7.0,5.0,47.0,46.5,2011-12
2011-09-18,KansasCity,Detroit,3,48,260,-320,8.0,9.0,44.0,45.0,2011-12
2011-09-18,Jacksonville,NYJets,3,32,320,-400,10.0,9.0,37.5,38.5,2011-12
2011-09-18,Oakland,Buffalo,35,38,170,-200,4.0,4.0,41.5,41.0,2011-12
2011-09-18,Arizona,Washington,21,22,180,-220,4.0,4.5,42.5,45.0,2011-12
2011-09-18,Baltimore,Tennessee,13,26,-250,210,4.0,6.0,37.5,39.0,2011-12
2011-09-18,Seattle,Pittsburgh,0,24,650,-900,12.5,14.0,38.5,40.0,2011-12
2011-09-18,GreenBay,Carolina,30,23,-570,435,10.0,11.0,45.5,45.0,2011-12
2011-09-18,TampaBay,Minnesota,24,20,110,-130,3.0,1.0,41.0,41.0,2011-12
2011-09-18,Cleveland,Indianapolis,27,19,-130,110,1.0,1.5,37.0,39.0,2011-12
2011-09-18,Dallas,SanFrancisco,27,24,-165,145,3.0,3.0,41.5,41.0,2011-12
2011-09-18,Houston,Miami,23,13,-160,140,3.0,3.0,46.0,47.5,2011-12
2011-09-18,SanDiego,NewEngland,21,35,240,-280,7.0,6.5,51.5,53.5,2011-12
2011-09-18,Cincinnati,Denver,22,24,160,-180,5.0,3.0,39.5,40.5,2011-12
2011-09-18,Philadelphia,Atlanta,31,35,-145,125,1.0,2.5,49.5,50.0,2011-12
2011-09-19,St.Louis,NYGiants,16,28,270,-330,4.5,7.0,44.0,43.5,2011-12
2011-09-25,SanFrancisco,Cincinnati,13,8,105,-125,1.0,1.0,40.0,38.5,2011-12
2011-09-25,NewEngland,Buffalo,31,34,-330,270,9.0,7.5,51.0,54.5,2011-12
2011-09-25,Houston,NewOrleans,33,40,160,-180,4.5,4.0,52.0,51.0,2011-12
2011-09-25,NYGiants,Philadelphia,29,16,305,-370,7.5,8.0,48.5,46.5,2011-12
2011-09-25,Miami,Cleveland,16,17,-130,110,3.0,2.0,41.0,42.5,2011-12
2011-09-25,Denver,Tennessee,14,17,250,-300,4.5,7.0,41.0,44.0,2011-12
2011-09-25,Detroit,Minnesota,26,23,-165,145,4.0,3.0,44.5,45.0,2011-12
2011-09-25,Jacksonville,Carolina,10,16,155,-175,3.0,3.5,41.5,43.5,2011-12
2011-09-25,KansasCity,SanDiego,17,20,625,-850,15.0,14.0,44.5,45.0,2011-12
2011-09-25,NYJets,Oakland,24,34,-135,115,3.5,3.0,42.0,40.0,2011-12
2011-09-25,Baltimore,St.Louis,37,7,-240,200,3.5,6.0,41.5,42.0,2011-12
2011-09-25,Atlanta,TampaBay,13,16,102,-113,1.0,1.0,45.5,45.0,2011-12
2011-09-25,Arizona,Seattle,10,13,-160,140,3.0,3.0,41.0,43.0,2011-12
2011-09-25,GreenBay,Chicago,27,17,-220,180,3.5,5.0,46.0,45.5,2011-12
2011-09-25,Pittsburgh,Indianapolis,23,20,-650,475,11.0,11.5,38.5,40.0,2011-12
2011-09-26,Washington,Dallas,16,18,150,-170,4.0,3.5,45.0,45.0,2011-12
2011-10-02,Detroit,Dallas,34,30,115,-135,1.5,2.5,46.5,46.5,2011-12
2011-10-02,NewOrleans,Jacksonville,23,10,-390,315,7.0,9.0,47.0,45.0,2011-12
2011-10-02,SanFrancisco,Philadelphia,24,23,390,-490,7.0,10.0,44.0,43.5,2011-12
2011-10-02,Washington,St.Louis,17,10,-155,135,1.0,3.0,42.5,44.0,2011-12
2011-10-02,Tennessee,Cleveland,31,13,118,-130,1.0,1.5,37.0,37.5,2011-12
2011-10-02,Buffalo,Cincinnati,20,23,-150,130,3.0,3.0,44.0,43.0,2011-12
2011-10-02,Minnesota,KansasCity,17,22,-165,145,1.0,3.0,40.0,40.0,2011-12
2011-10-02,Carolina,Chicago,29,34,250,-300,6.0,7.0,44.0,42.0,2011-12
2011-10-02,Pittsburgh,Houston,10,17,170,-200,3.0,4.0,45.5,46.5,2011-12
2011-10-02,Atlanta,Seattle,30,28,-260,220,4.0,6.0,41.0,39.5,2011-12
2011-10-02,NYGiants,Arizona,31,27,-107,-103,3.0,1.5,44.5,45.5,2011-12
2011-10-02,Miami,SanDiego,16,26,250,-300,9.0,7.0,46.5,45.0,2011-12
2011-10-02,Denver,GreenBay,23,49,475,-650,13.0,12.5,48.0,46.5,2011-12
2011-10-02,NewEngland,Oakland,31,19,-270,230,4.5,6.5,52.0,55.5,2011-12
2011-10-02,NYJets,Baltimore,17,34,200,-240,3.5,5.0,39.5,43.0,2011-12
2011-10-03,Indianapolis,TampaBay,17,24,400,-500,10.0,10.0,41.5,40.5,2011-12
2011-10-09,KansasCity,Indianapolis,28,24,110,-130,2.0,0.0,38.5,37.5,2011-12
2011-10-09,Arizona,Minnesota,10,34,170,-200,3.0,3.5,43.0,44.5,2011-12
2011-10-09,Philadelphia,Buffalo,24,31,-165,145,3.0,3.0,48.5,52.5,2011-12
2011-10-09,Oakland,Houston,25,20,185,-225,5.5,4.5,49.0,48.0,2011-12
2011-10-09,NewOrleans,Carolina,30,27,-300,240,6.5,7.5,51.5,51.5,2011-12
2011-10-09,Cincinnati,Jacksonville,30,20,-135,115,2.5,1.5,35.5,36.5,2011-12
2011-10-09,Tennessee,Pittsburgh,17,38,160,-180,6.5,3.0,41.0,40.0,2011-12
2011-10-09,Seattle,NYGiants,36,25,400,-500,10.0,10.5,41.5,43.5,2011-12
2011-10-09,TampaBay,SanFrancisco,3,48,125,-145,2.5,2.5,41.0,41.0,2011-12
2011-10-09,NYJets,NewEngland,21,30,290,-360,8.0,9.0,50.0,50.5,2011-12
2011-10-09,SanDiego,Denver,29,24,-200,170,6.0,3.5,47.0,47.5,2011-12
2011-10-09,GreenBay,Atlanta,25,14,-255,205,4.0,6.0,53.0,53.5,2011-12
2011-10-10,Chicago,Detroit,13,24,250,-300,6.0,7.0,46.5,47.5,2011-12
2011-10-16,St.Louis,GreenBay,3,24,700,-1000,14.5,14.0,48.0,47.0,2011-12
2011-10-16,Jacksonville,Pittsburgh,13,17,450,-600,13.0,12.0,38.5,40.0,2011-12
2011-10-16,Philadelphia,Washington,20,13,-150,130,1.5,3.0,47.5,46.5,2011-12
2011-10-16,SanFrancisco,Detroit,25,19,190,-230,5.0,5.0,47.0,45.0,2011-12
2011-10-16,Carolina,Atlanta,17,31,160,-180,6.0,3.5,51.0,49.5,2011-12
2011-10-16,Indianapolis,Cincinnati,17,27,200,-240,7.0,4.5,38.0,40.5,2011-12
2011-10-16,Buffalo,NYGiants,24,27,165,-185,3.0,3.0,48.5,49.0,2011-12
2011-10-16,Houston,Baltimore,14,29,250,-300,5.5,7.0,45.0,43.5,2011-12
2011-10-16,Cleveland,Oakland,17,24,250,-300,7.0,6.5,44.0,44.5,2011-12
2011-10-16,Dallas,NewEngland,16,20,250,-300,7.0,6.5,54.0,54.5,2011-12
2011-10-16,NewOrleans,TampaBay,20,26,-275,235,5.0,6.5,49.0,50.0,2011-12
2011-10-16,Minnesota,Chicago,10,39,110,-130,3.0,1.5,43.0,42.0,2011-12
2011-10-17,Miami,NYJets,6,24,315,-390,9.0,7.5,41.0,41.5,2011-12
2011-10-23,Chicago,TampaBay,24,18,-130,110,1.5,2.0,42.5,44.0,2011-12
2011-10-23,Washington,Carolina,20,33,120,-140,3.0,2.5,44.5,44.5,2011-12
2011-10-23,SanDiego,NYJets,21,27,-130,110,0.0,1.0,45.5,43.5,2011-12
2011-10-23,Seattle,Cleveland,3,6,165,-190,3.0,3.0,40.0,41.0,2011-12
2011-10-23,Houston,Tennessee,41,7,120,-140,3.0,2.5,43.0,44.0,2011-12
2011-10-23,Denver,Miami,18,15,-135,115,3.0,1.0,42.5,41.5,2011-12
2011-10-23,Atlanta,Detroit,23,16,175,-210,4.5,4.5,48.5,47.0,2011-12
2011-10-23,KansasCity,Oakland,28,0,165,-190,3.5,3.5,42.0,41.5,2011-12
2011-10-23,Pittsburgh,Arizona,32,20,-230,190,4.0,4.5,42.5,46.5,2011-12
2011-10-23,St.Louis,Dallas,7,34,685,-975,10.5,14.0,44.5,43.0,2011-12
2011-10-23,GreenBay,Minnesota,33,27,-650,475,9.5,11.0,47.5,47.0,2011-12
2011-10-23,Indianapolis,NewOrleans,7,62,675,-950,14.0,14.0,47.5,49.0,2011-12
2011-10-24,Baltimore,Jacksonville,7,12,-600,450,9.0,10.5,39.0,39.0,2011-12
2011-10-30,Indianapolis,Tennessee,10,27,300,-360,9.0,7.5,42.0,43.5,2011-12
2011-10-30,Jacksonville,Houston,14,24,360,-460,9.5,10.0,41.5,41.0,2011-12
2011-10-30,Minnesota,Carolina,24,21,155,-175,4.0,3.0,47.0,47.0,2011-12
2011-10-30,NewOrleans,St.Louis,21,31,-950,675,13.0,14.0,47.5,48.5,2011-12
2011-10-30,Arizona,Baltimore,27,30,520,-720,13.0,11.5,44.5,43.0,2011-12
2011-10-30,Miami,NYGiants,17,20,400,-500,10.0,10.0,42.0,43.5,2011-12
2011-10-30,Washington,Buffalo,0,23,175,-210,4.0,4.0,46.0,46.5,2011-12
2011-10-30,Detroit,Denver,45,10,-190,165,3.0,3.5,43.5,43.5,2011-12
2011-10-30,NewEngland,Pittsburgh,17,25,-170,150,1.5,3.0,52.0,52.0,2011-12
2011-10-30,Cleveland,SanFrancisco,10,20,350,-450,9.5,9.5,39.5,38.5,2011-12
2011-10-30,Cincinnati,Seattle,34,12,-130,110,2.5,1.5,38.5,37.5,2011-12
2011-10-30,Dallas,Philadelphia,7,34,150,-170,3.5,3.0,51.0,49.5,2011-12
2011-10-31,SanDiego,KansasCity,20,23,-165,145,3.5,3.0,44.5,44.5,2011-12
2011-11-06,Atlanta,Indianapolis,31,7,-300,250,9.0,7.0,45.0,44.5,2011-12
2011-11-06,TampaBay,NewOrleans,16,27,335,-430,9.0,9.0,51.5,51.0,2011-12
2011-11-06,Cleveland,Houston,12,30,425,-550,10.5,11.0,40.0,42.5,2011-12
2011-11-06,NYJets,Buffalo,27,11,115,-135,1.0,2.5,43.5,45.5,2011-12
2011-11-06,Miami,KansasCity,31,3,210,-250,5.0,5.5,39.5,40.5,2011-12
2011-11-06,SanFrancisco,Washington,19,11,-230,190,4.0,5.5,39.5,38.0,2011-12
2011-11-06,Seattle,Dallas,13,23,425,-550,12.5,10.5,42.5,46.0,2011-12
2011-11-06,Denver,Oakland,38,24,280,-340,7.0,7.0,45.0,41.5,2011-12
2011-11-06,Cincinnati,Tennessee,24,17,110,-130,3.0,2.5,40.5,41.5,2011-12
2011-11-06,St.Louis,Arizona,13,19,110,-130,3.5,1.0,43.5,42.0,2011-12
2011-11-06,NYGiants,NewEngland,24,20,400,-500,9.0,9.5,52.5,52.0,2011-12
2011-11-06,GreenBay,SanDiego,45,38,-240,200,6.0,6.0,52.0,50.5,2011-12
2011-11-06,Baltimore,Pittsburgh,23,20,170,-200,3.5,3.5,43.0,42.0,2011-12
2011-11-07,Chicago,Philadelphia,30,24,290,-350,7.0,8.0,47.0,47.5,2011-12
2011-11-10,Oakland,SanDiego,24,17,285,-350,7.0,7.0,51.0,47.5,2011-12
2011-11-13,Pittsburgh,Cincinnati,24,17,-210,175,3.0,3.5,41.5,40.5,2011-12
2011-11-13,Denver,KansasCity,17,10,165,-190,4.0,3.0,42.5,42.5,2011-12
2011-11-13,Jacksonville,Indianapolis,17,3,-155,135,3.0,3.0,37.0,37.5,2011-12
2011-11-13,Buffalo,Dallas,7,44,180,-220,6.0,4.5,48.0,48.5,2011-12
2011-11-13,Houston,TampaBay,37,9,-200,170,3.0,3.5,45.5,45.5,2011-12
2011-11-13,Tennessee,Carolina,30,3,170,-200,3.0,3.5,45.5,47.0,2011-12
2011-11-13,Washington,Miami,9,20,185,-225,3.5,4.0,37.5,38.5,2011-12
2011-11-13,NewOrleans,Atlanta,26,23,-105,-115,1.0,1.0,51.5,50.0,2011-12
2011-11-13,Detroit,Chicago,13,37,125,-145,2.5,3.0,47.0,42.5,2011-12
2011-11-13,St.Louis,Cleveland,13,12,130,-150,3.0,2.5,37.0,36.5,2011-12
2011-11-13,Arizona,Philadelphia,21,17,560,-760,14.0,13.0,47.0,47.0,2011-12
2011-11-13,Baltimore,Seattle,17,22,-320,260,7.5,7.0,39.5,38.5,2011-12
2011-11-13,NYGiants,SanFrancisco,20,27,180,-220,3.5,4.0,43.5,43.0,2011-12
2011-11-13,NewEngland,NYJets,37,16,125,-145,0.0,2.5,48.0,47.0,2011-12
2011-11-14,Minnesota,GreenBay,7,45,475,-650,14.0,13.0,51.5,49.5,2011-12
2011-11-17,NYJets,Denver,13,17,-270,230,5.0,6.5,42.5,38.5,2011-12
2011-11-20,Tennessee,Atlanta,17,23,200,-240,6.5,5.5,44.0,44.0,2011-12
2011-11-20,Buffalo,Miami,8,35,130,-150,2.0,3.0,43.0,44.0,2011-12
2011-11-20,Cincinnati,Baltimore,24,31,245,-290,9.0,7.0,41.0,40.5,2011-12
2011-11-20,Jacksonville,Cleveland,10,14,115,-135,1.5,1.0,36.0,34.5,2011-12
2011-11-20,Oakland,Minnesota,27,21,115,-135,1.5,2.0,44.5,46.5,2011-12
2011-11-20,Carolina,Detroit,35,49,250,-300,7.0,7.0,49.0,48.0,2011-12
2011-11-20,TampaBay,GreenBay,26,35,550,-750,14.5,13.5,49.5,48.5,2011-12
2011-11-20,Dallas,Washington,27,24,-345,285,7.5,7.0,41.0,42.5,2011-12
2011-11-20,Arizona,SanFrancisco,7,23,450,-600,10.0,10.0,42.0,40.5,2011-12
2011-11-20,Seattle,St.Louis,24,7,130,-150,3.0,3.0,37.0,41.0,2011-12
2011-11-20,SanDiego,Chicago,20,31,180,-220,4.0,4.0,47.0,45.5,2011-12
2011-11-20,Philadelphia,NYGiants,17,10,190,-230,3.5,6.0,47.0,45.0,2011-12
2011-11-21,KansasCity,NewEngland,3,34,1125,-1700,14.5,17.0,48.0,46.5,2011-12
2011-11-24,GreenBay,Detroit,27,15,-200,170,7.0,4.5,55.5,55.0,2011-12
2011-11-24,Miami,Dallas,19,20,260,-320,9.0,7.0,44.0,46.0,2011-12
2011-11-24,SanFrancisco,Baltimore,6,16,150,-170,4.5,3.5,39.0,40.5,2011-12
2011-11-27,Arizona,St.Louis,23,20,115,-135,3.0,2.5,39.0,40.0,2011-12
2011-11-27,Buffalo,NYJets,24,28,375,-475,8.5,9.5,43.5,42.5,2011-12
2011-11-27,Cleveland,Cincinnati,20,23,230,-290,7.5,6.5,36.0,38.5,2011-12
2011-11-27,Houston,Jacksonville,20,13,-285,225,3.5,6.0,40.0,37.0,2011-12
2011-11-27,Carolina,Indianapolis,27,19,-210,170,4.0,3.5,44.5,46.5,2011-12
2011-11-27,TampaBay,Tennessee,17,23,145,-165,3.5,3.0,42.0,43.5,2011-12
2011-11-27,Minnesota,Atlanta,14,24,405,-530,9.0,10.0,44.0,44.0,2011-12
2011-11-27,Chicago,Oakland,20,25,125,-145,1.5,3.0,46.0,40.5,2011-12
2011-11-27,Washington,Seattle,23,17,135,-155,4.5,3.0,37.5,37.0,2011-12
2011-11-27,NewEngland,Philadelphia,38,20,-155,135,3.0,3.0,49.5,50.5,2011-12
2011-11-27,Denver,SanDiego,16,13,170,-210,7.0,4.5,44.5,42.5,2011-12
2011-11-27,Pittsburgh,KansasCity,13,9,-600,440,10.5,10.5,39.5,42.0,2011-12
2011-11-28,NYGiants,NewOrleans,24,49,255,-310,6.5,7.0,52.0,51.0,2011-12
2011-12-01,Philadelphia,Seattle,14,31,-160,140,3.0,3.0,44.0,43.5,2011-12
2011-12-04,Tennessee,Buffalo,23,17,-105,-115,1.5,1.0,44.0,43.5,2011-12
2011-12-04,KansasCity,Chicago,10,3,320,-400,9.0,9.0,38.5,35.5,2011-12
2011-12-04,Oakland,Miami,14,34,150,-170,2.5,3.0,42.5,43.0,2011-12
2011-12-04,Cincinnati,Pittsburgh,7,35,260,-320,7.0,7.0,42.0,43.5,2011-12
2011-12-04,Baltimore,Cleveland,24,10,-325,255,7.0,7.0,37.5,38.5,2011-12
2011-12-04,NYJets,Washington,34,19,-175,155,3.5,3.0,37.5,39.0,2011-12
2011-12-04,Atlanta,Houston,10,17,-125,105,2.5,1.5,41.0,38.0,2011-12
2011-12-04,Carolina,TampaBay,38,19,-140,120,3.5,2.5,48.0,46.5,2011-12
2011-12-04,Detroit,NewOrleans,17,31,300,-370,8.5,8.5,53.5,55.5,2011-12
2011-12-04,Denver,Minnesota,35,32,105,-125,1.0,1.0,37.5,37.5,2011-12
2011-12-04,St.Louis,SanFrancisco,0,26,550,-850,13.0,14.0,37.5,38.5,2011-12
2011-12-04,Dallas,Arizona,13,19,-210,170,6.5,4.0,45.5,47.0,2011-12
2011-12-04,GreenBay,NYGiants,38,35,-310,250,7.0,7.0,52.5,54.0,2011-12
2011-12-04,Indianapolis,NewEngland,24,31,1300,-2400,20.5,20.5,48.0,48.5,2011-12
2011-12-05,SanDiego,Jacksonville,38,14,-170,150,1.5,3.0,40.0,40.0,2011-12
2011-12-08,Cleveland,Pittsburgh,3,14,816,-1100,14.0,14.0,39.5,40.5,2011-12
2011-12-11,Indianapolis,Baltimore,10,24,900,-1400,16.0,16.0,41.0,41.5,2011-12
2011-12-11,Houston,Cincinnati,20,19,120,-140,3.0,2.5,37.5,37.5,2011-12
2011-12-11,Oakland,GreenBay,16,46,475,-700,12.0,12.0,55.0,49.5,2011-12
2011-12-11,KansasCity,NYJets,10,37,435,-660,9.5,10.5,37.0,35.5,2011-12
2011-12-11,Minnesota,Detroit,28,34,415,-525,12.0,10.5,47.0,47.0,2011-12
2011-12-11,NewOrleans,Tennessee,22,17,-180,160,4.5,3.5,48.0,48.0,2011-12
2011-12-11,Philadelphia,Miami,26,10,120,-140,3.5,3.0,44.0,44.0,2011-12
2011-12-11,NewEngland,Washington,34,27,-350,280,8.5,7.5,48.0,46.5,2011-12
2011-12-11,Atlanta,Carolina,31,23,-150,130,3.0,2.5,48.5,47.5,2011-12
2011-12-11,TampaBay,Jacksonville,14,41,-145,125,2.5,3.0,40.0,42.0,2011-12
2011-12-11,SanFrancisco,Arizona,19,21,-175,155,3.5,3.5,40.5,39.0,2011-12
2011-12-11,Chicago,Denver,10,13,155,-175,4.0,3.0,36.0,35.5,2011-12
2011-12-11,Buffalo,SanDiego,10,37,270,-340,6.5,7.0,46.5,49.5,2011-12
2011-12-11,NYGiants,Dallas,37,34,175,-215,3.5,4.5,49.5,49.5,2011-12
2011-12-12,St.Louis,Seattle,13,30,330,-420,9.5,9.0,37.0,38.5,2011-12
2011-12-15,Jacksonville,Atlanta,14,41,650,-900,11.0,13.5,42.5,41.5,2011-12
2011-12-17,Dallas,TampaBay,31,15,-360,300,6.0,7.0,46.0,47.0,2011-12
2011-12-18,Washington,NYGiants,23,10,230,-280,7.5,6.0,45.5,46.0,2011-12
2011-12-18,GreenBay,KansasCity,14,19,-665,490,14.0,12.0,46.5,45.5,2011-12
2011-12-18,NewOrleans,Minnesota,42,20,-325,255,7.0,7.0,51.0,53.5,2011-12
2011-12-18,Seattle,Chicago,38,14,170,-195,4.0,3.0,35.5,34.5,2011-12
2011-12-18,Miami,Buffalo,30,23,-110,-110,1.0,0.0,41.0,42.0,2011-12
2011-12-18,Carolina,Houston,28,13,200,-250,6.5,4.5,46.5,45.0,2011-12
2011-12-18,Tennessee,Indianapolis,13,27,-295,235,7.0,6.5,40.5,41.5,2011-12
2011-12-18,Cincinnati,St.Louis,20,13,-335,265,6.5,7.0,38.5,38.5,2011-12
2011-12-18,Detroit,Oakland,28,27,-145,125,0.0,3.0,48.0,47.5,2011-12
2011-12-18,NewEngland,Denver,41,23,-315,255,4.5,7.5,46.5,47.5,2011-12
2011-12-18,NYJets,Philadelphia,19,45,150,-170,2.0,3.0,45.0,44.0,2011-12
2011-12-18,Cleveland,Arizona,17,20,210,-260,6.5,6.0,37.0,37.0,2011-12
2011-12-18,Baltimore,SanDiego,14,34,-115,-105,1.0,1.0,43.0,45.0,2011-12
2011-12-19,Pittsburgh,SanFrancisco,3,20,130,-150,1.0,3.0,39.0,36.5,2011-12
2011-12-22,Houston,Indianapolis,16,19,-320,260,6.5,7.0,40.5,40.5,2011-12
2011-12-24,Oakland,KansasCity,16,13,125,-145,1.0,2.5,43.0,43.0,2011-12
2011-12-24,Denver,Buffalo,14,40,-155,135,3.0,3.0,42.5,43.5,2011-12
2011-12-24,Jacksonville,Tennessee,17,23,310,-380,7.5,8.0,39.0,38.5,2011-12
2011-12-24,Arizona,Cincinnati,16,23,180,-220,5.5,4.0,40.0,41.0,2011-12
2011-12-24,Miami,NewEngland,24,27,310,-380,10.5,7.5,48.5,49.0,2011-12
2011-12-24,Cleveland,Baltimore,14,20,500,-650,13.5,11.0,39.0,38.5,2011-12
2011-12-24,NYGiants,NYJets,29,14,125,-145,3.0,2.5,47.0,46.5,2011-12
2011-12-24,Minnesota,Washington,33,26,220,-260,5.5,6.0,43.5,43.0,2011-12
2011-12-24,TampaBay,Carolina,16,48,300,-360,7.0,7.5,49.0,48.0,2011-12
2011-12-24,St.Louis,Pittsburgh,0,27,425,-550,16.0,10.0,39.0,34.0,2011-12
2011-12-24,SanDiego,Detroit,10,38,-120,100,1.0,0.0,50.5,52.5,2011-12
2011-12-24,SanFrancisco,Seattle,19,17,-140,120,3.0,2.5,38.0,37.0,2011-12
2011-12-24,Philadelphia,Dallas,20,7,-130,110,3.0,2.0,50.5,49.5,2011-12
2011-12-25,Chicago,GreenBay,21,35,575,-850,13.0,13.0,44.5,41.0,2011-12
2011-12-26,Atlanta,NewOrleans,16,45,280,-340,6.5,7.0,53.0,53.0,2011-12
2012-01-01,Washington,Philadelphia,10,34,295,-355,9.0,7.0,46.0,44.5,2011-12
2012-01-01,TampaBay,Atlanta,24,45,325,-400,10.5,10.0,47.0,45.5,2011-12
2012-01-01,SanFrancisco,St.Louis,34,27,-700,500,10.5,12.5,36.0,34.5,2011-12
2012-01-01,Chicago,Minnesota,17,13,115,-135,1.0,1.5,39.0,41.5,2011-12
2012-01-01,Detroit,GreenBay,41,45,-285,245,3.0,6.5,48.0,42.0,2011-12
2012-01-01,Dallas,NYGiants,14,31,145,-165,3.0,3.0,48.0,48.0,2011-12
2012-01-01,Carolina,NewOrleans,17,45,260,-320,9.0,7.0,56.0,55.0,2011-12
2012-01-01,Tennessee,Houston,23,22,-125,105,1.5,1.5,40.5,38.5,2011-12
2012-01-01,Baltimore,Cincinnati,24,16,-150,130,3.0,3.0,39.0,38.0,2011-12
2012-01-01,Pittsburgh,Cleveland,13,9,-340,280,6.5,7.5,35.5,33.0,2011-12
2012-01-01,Indianapolis,Jacksonville,13,19,160,-180,5.0,3.0,37.0,36.5,2011-12
2012-01-01,NYJets,Miami,17,19,100,-120,2.0,1.0,41.5,39.0,2011-12
2012-01-01,Buffalo,NewEngland,21,49,425,-550,13.0,10.0,51.5,50.0,2011-12
2012-01-01,SanDiego,Oakland,38,26,125,-145,3.0,2.5,49.0,50.0,2011-12
2012-01-01,KansasCity,Denver,7,3,100,-120,3.0,2.0,36.5,37.5,2011-12
2012-01-01,Seattle,Arizona,20,23,120,-140,3.0,2.5,41.0,40.5,2011-12
2012-01-07,Cincinnati,Houston,10,31,175,-210,3.0,4.0,38.5,38.5,2011-12
2012-01-07,Detroit,NewOrleans,28,45,475,-625,9.5,10.5,58.0,59.5,2011-12
2012-01-08,Atlanta,NYGiants,2,24,125,-145,3.0,3.0,49.0,47.5,2011-12
2012-01-08,Pittsburgh,Denver,23,29,-340,270,8.0,7.5,35.5,33.5,2011-12
2012-01-14,NewOrleans,SanFrancisco,32,36,-165,145,3.0,3.5,47.5,46.5,2011-12
2012-01-14,Denver,NewEngland,10,45,500,-700,14.0,14.0,50.5,51.0,2011-12
2012-01-15,Houston,Baltimore,13,20,295,-355,7.0,8.0,38.5,37.5,2011-12
2012-01-15,NYGiants,GreenBay,37,20,290,-350,9.0,8.0,51.5,54.5,2011-12
2012-01-22,Baltimore,NewEngland,20,23,250,-300,7.0,7.0,50.5,49.0,2011-12
2012-01-22,NYGiants,SanFrancisco,20,17,105,-125,2.5,2.0,45.0,41.0,2011-12
2012-02-05,NYGiants,NewEngland,21,17,115,-135,3.5,3.0,55.5,53.0,2011-12
2012-09-05,Dallas,NYGiants,24,17,170,-200,3.0,4.0,46.5,46.0,2012-13
2012-09-09,Indianapolis,Chicago,21,41,385,-485,10.0,9.5,41.0,42.0,2012-13
2012-09-09,Philadelphia,Cleveland,17,16,-450,350,8.5,9.0,41.5,42.5,2012-13
2012-09-09,Buffalo,NYJets,28,48,130,-150,4.5,2.5,42.5,39.5,2012-13
2012-09-09,Washington,NewOrleans,40,32,325,-400,9.5,8.5,50.5,50.0,2012-13
2012-09-09,NewEngland,Tennessee,34,13,-230,190,6.5,5.0,47.5,48.0,2012-13
2012-09-09,Jacksonville,Minnesota,23,26,165,-185,4.5,3.0,38.0,38.0,2012-13
2012-09-09,Miami,Houston,10,30,625,-825,7.0,13.0,43.5,41.5,2012-13
2012-09-09,St.Louis,Detroit,23,27,325,-400,9.0,8.5,46.5,46.0,2012-13
2012-09-09,Atlanta,KansasCity,40,24,-130,110,1.0,1.5,41.0,43.0,2012-13
2012-09-09,SanFrancisco,GreenBay,30,22,220,-260,6.5,6.0,45.0,47.0,2012-13
2012-09-09,Carolina,TampaBay,10,16,-160,140,3.0,3.0,46.5,45.5,2012-13
2012-09-09,Seattle,Arizona,16,20,-140,120,1.5,2.5,41.0,41.0,2012-13
2012-09-09,Pittsburgh,Denver,19,31,115,-135,2.0,1.0,45.0,45.5,2012-13
2012-09-10,Cincinnati,Baltimore,13,44,280,-340,7.0,7.0,41.0,43.0,2012-13
2012-09-10,SanDiego,Oakland,22,14,103,-114,1.0,1.0,47.5,47.5,2012-13
2012-09-13,Chicago,GreenBay,10,23,190,-230,4.0,5.5,50.0,51.0,2012-13
2012-09-16,TampaBay,NYGiants,34,41,300,-360,8.5,7.5,44.5,43.5,2012-13
2012-09-16,Arizona,NewEngland,20,18,625,-825,13.5,13.5,49.0,47.0,2012-13
2012-09-16,Minnesota,Indianapolis,20,23,-155,135,0.0,3.0,44.5,45.5,2012-13
2012-09-16,NewOrleans,Carolina,27,35,-155,135,3.0,3.0,51.0,53.5,2012-13
2012-09-16,KansasCity,Buffalo,17,35,145,-165,3.0,3.0,44.0,45.0,2012-13
2012-09-16,Baltimore,Philadelphia,23,24,135,-155,3.0,2.5,43.5,47.0,2012-13
2012-09-16,Oakland,Miami,13,35,-135,115,3.0,1.0,39.5,41.0,2012-13
2012-09-16,Cleveland,Cincinnati,27,34,265,-325,7.0,7.0,40.0,40.0,2012-13
2012-09-16,Houston,Jacksonville,27,7,-290,245,7.5,7.0,41.0,40.0,2012-13
2012-09-16,Dallas,Seattle,7,27,-185,165,3.0,3.0,42.0,43.0,2012-13
2012-09-16,Washington,St.Louis,28,31,-185,165,3.0,3.5,44.0,42.0,2012-13
2012-09-16,NYJets,Pittsburgh,10,27,190,-230,6.0,4.5,42.0,43.0,2012-13
2012-09-16,Tennessee,SanDiego,10,38,217,-257,7.0,7.0,44.0,43.5,2012-13
2012-09-16,Detroit,SanFrancisco,19,27,250,-300,7.0,7.0,44.0,43.5,2012-13
2012-09-17,Denver,Atlanta,21,27,135,-155,4.0,3.0,49.0,50.5,2012-13
2012-09-20,NYGiants,Carolina,36,7,130,-150,1.0,3.0,52.0,49.0,2012-13
2012-09-23,St.Louis,Chicago,6,23,255,-310,9.0,7.0,44.5,42.0,2012-13
2012-09-23,TampaBay,Dallas,10,16,280,-340,7.0,7.0,45.5,45.5,2012-13
2012-09-23,SanFrancisco,Minnesota,13,24,-310,255,7.0,7.0,43.5,42.5,2012-13
2012-09-23,Detroit,Tennessee,41,44,-200,170,3.0,4.0,47.0,47.0,2012-13
2012-09-23,Cincinnati,Washington,38,31,155,-175,3.5,3.0,46.5,49.5,2012-13
2012-09-23,NYJets,Miami,23,20,-150,130,3.0,3.0,40.5,40.5,2012-13
2012-09-23,KansasCity,NewOrleans,27,24,320,-400,9.0,8.5,53.0,51.5,2012-13
2012-09-23,Buffalo,Cleveland,24,14,-140,120,3.0,3.0,43.5,45.0,2012-13
2012-09-23,Jacksonville,Indianapolis,22,17,160,-180,3.5,3.0,42.0,42.0,2012-13
2012-09-23,Philadelphia,Arizona,6,27,-175,155,3.5,3.0,44.5,42.0,2012-13
2012-09-23,Atlanta,SanDiego,27,3,140,-160,3.0,3.0,49.0,47.5,2012-13
2012-09-23,Houston,Denver,31,25,-120,100,1.0,1.5,47.5,43.5,2012-13
2012-09-23,Pittsburgh,Oakland,31,34,-200,170,5.0,4.0,43.0,45.0,2012-13
2012-09-23,NewEngland,Baltimore,30,31,120,-140,3.0,3.0,48.5,48.0,2012-13
2012-09-24,GreenBay,Seattle,12,14,135,-155,7.0,3.0,49.0,50.5,2012-13
2012-09-27,Cleveland,Baltimore,16,23,450,-600,12.0,11.5,44.0,43.5,2012-13
2012-09-30,NewEngland,Buffalo,52,28,-205,180,6.0,4.0,50.5,47.5,2012-13
2012-09-30,Minnesota,Detroit,20,13,175,-200,4.5,3.5,47.0,48.0,2012-13
2012-09-30,Carolina,Atlanta,28,30,260,-320,7.0,7.0,50.0,48.0,2012-13
2012-09-30,SanFrancisco,NYJets,34,0,-200,170,3.5,3.5,40.5,41.0,2012-13
2012-09-30,SanDiego,KansasCity,37,20,-140,120,1.5,2.0,46.0,43.0,2012-13
2012-09-30,Tennessee,Houston,14,38,565,-790,11.0,13.0,43.5,44.5,2012-13
2012-09-30,Seattle,St.Louis,13,19,-135,115,2.5,2.0,40.5,39.0,2012-13
2012-09-30,Miami,Arizona,21,24,-215,-215,6.5,4.0,41.0,39.0,2012-13
2012-09-30,Oakland,Denver,6,37,250,-300,6.0,6.5,47.5,47.5,2012-13
2012-09-30,Cincinnati,Jacksonville,27,10,-105,-115,2.5,0.0,41.5,44.5,2012-13
2012-09-30,NewOrleans,GreenBay,27,28,305,-365,7.5,7.5,54.0,53.5,2012-13
2012-09-30,Washington,TampaBay,24,22,120,-140,2.5,1.0,49.0,45.5,2012-13
2012-09-30,NYGiants,Philadelphia,17,19,110,-130,2.0,0.0,48.0,46.0,2012-13
2012-10-01,Chicago,Dallas,34,18,145,-165,3.5,2.0,45.0,41.5,2012-13
2012-10-04,Arizona,St.Louis,3,17,-125,105,1.0,1.5,38.5,38.0,2012-13
2012-10-07,Atlanta,Washington,24,17,-165,145,3.0,3.0,52.0,50.5,2012-13
2012-10-07,Philadelphia,Pittsburgh,14,16,175,-200,4.0,4.0,44.5,44.0,2012-13
2012-10-07,GreenBay,Indianapolis,27,30,-275,235,6.5,7.0,48.0,49.5,2012-13
2012-10-07,Cleveland,NYGiants,27,41,335,-415,10.5,8.0,44.0,43.5,2012-13
2012-10-07,Tennessee,Minnesota,7,30,220,-260,6.5,6.0,45.5,43.5,2012-13
2012-10-07,Miami,Cincinnati,17,13,145,-165,5.5,3.0,44.0,45.0,2012-13
2012-10-07,Baltimore,KansasCity,9,6,-270,230,6.5,6.5,46.5,47.0,2012-13
2012-10-07,Seattle,Carolina,16,12,105,-125,3.0,1.5,44.0,42.5,2012-13
2012-10-07,Chicago,Jacksonville,41,3,-255,215,5.5,6.0,41.0,39.0,2012-13
2012-10-07,Denver,NewEngland,21,31,230,-270,6.5,6.0,51.5,50.5,2012-13
2012-10-07,Buffalo,SanFrancisco,3,45,400,-505,10.0,10.0,44.0,45.5,2012-13
2012-10-07,SanDiego,NewOrleans,24,31,155,-175,3.0,3.5,52.5,53.5,2012-13
2012-10-08,Houston,NYJets,23,17,-500,400,7.0,10.0,40.5,40.5,2012-13
2012-10-11,Pittsburgh,Tennessee,23,26,-270,230,6.5,6.5,43.5,43.0,2012-13
2012-10-14,Cincinnati,Cleveland,24,34,-120,100,3.0,1.5,45.0,42.0,2012-13
2012-10-14,Indianapolis,NYJets,9,35,170,-195,3.5,3.5,42.0,44.0,2012-13
2012-10-14,KansasCity,TampaBay,10,38,210,-250,3.5,4.5,42.5,40.0,2012-13
2012-10-14,Oakland,Atlanta,20,23,385,-490,9.5,10.0,48.5,49.0,2012-13
2012-10-14,Dallas,Baltimore,29,31,150,-170,4.0,3.0,45.0,45.0,2012-13
2012-10-14,Detroit,Philadelphia,26,23,170,-195,6.5,3.5,48.0,47.5,2012-13
2012-10-14,St.Louis,Miami,14,17,-240,-240,3.0,5.5,38.0,38.0,2012-13
2012-10-14,NewEngland,Seattle,23,24,-195,170,4.0,4.0,44.0,42.5,2012-13
2012-10-14,Buffalo,Arizona,19,16,205,-245,5.0,5.5,44.0,44.5,2012-13
2012-10-14,Minnesota,Washington,26,38,-125,105,1.0,2.0,47.0,44.0,2012-13
2012-10-14,NYGiants,SanFrancisco,26,3,260,-320,5.5,7.0,45.0,47.0,2012-13
2012-10-14,GreenBay,Houston,42,24,170,-195,5.0,4.0,47.5,46.5,2012-13
2012-10-15,Denver,SanDiego,35,24,-101,-109,3.0,0.0,51.0,48.5,2012-13
2012-10-18,Seattle,SanFrancisco,6,13,295,-355,9.0,7.5,39.5,37.5,2012-13
2012-10-21,Tennessee,Buffalo,35,34,185,-220,3.5,4.0,46.5,47.0,2012-13
2012-10-21,Arizona,Minnesota,14,21,255,-305,4.0,7.0,40.0,39.0,2012-13
2012-10-21,Cleveland,Indianapolis,13,17,-105,-115,3.0,1.0,45.0,46.5,2012-13
2012-10-21,Baltimore,Houston,13,43,225,-265,4.5,6.5,47.0,47.0,2012-13
2012-10-21,GreenBay,St.Louis,30,20,-230,190,5.5,4.0,44.5,45.0,2012-13
2012-10-21,Dallas,Carolina,19,14,-145,125,2.0,3.0,44.5,45.0,2012-13
2012-10-21,Washington,NYGiants,23,27,225,-265,6.5,6.5,49.0,51.5,2012-13
2012-10-21,NewOrleans,TampaBay,35,28,-130,110,3.0,1.0,49.0,49.5,2012-13
2012-10-21,NYJets,NewEngland,26,29,520,-720,11.0,11.5,47.5,48.0,2012-13
2012-10-21,Jacksonville,Oakland,23,26,240,-280,5.0,6.0,42.5,44.5,2012-13
2012-10-21,Pittsburgh,Cincinnati,24,17,-120,100,1.5,1.0,45.5,47.0,2012-13
2012-10-22,Detroit,Chicago,7,13,210,-250,6.5,6.5,47.5,45.0,2012-13
2012-10-25,TampaBay,Minnesota,36,17,210,-250,6.5,5.5,41.5,43.0,2012-13
2012-10-28,NewEngland,St.Louis,45,7,-325,265,6.5,7.0,46.5,46.0,2012-13
2012-10-28,Indianapolis,Tennessee,19,13,150,-170,3.0,3.5,46.5,46.5,2012-13
2012-10-28,Jacksonville,GreenBay,15,24,705,-1005,14.5,16.0,44.5,45.5,2012-13
2012-10-28,SanDiego,Cleveland,6,7,-150,130,3.0,3.0,45.5,41.0,2012-13
2012-10-28,Atlanta,Philadelphia,30,17,125,-145,2.5,1.5,46.5,43.0,2012-13
2012-10-28,Seattle,Detroit,24,28,130,-150,3.0,1.5,43.0,43.0,2012-13
2012-10-28,Miami,NYJets,30,9,-105,-115,3.0,1.0,40.5,39.0,2012-13
2012-10-28,Carolina,Chicago,22,23,270,-330,7.5,7.0,45.0,41.0,2012-13
2012-10-28,Washington,Pittsburgh,12,27,180,-215,4.0,4.5,47.5,44.0,2012-13
2012-10-28,Oakland,KansasCity,26,16,-105,-115,1.0,1.0,41.0,41.5,2012-13
2012-10-28,NYGiants,Dallas,29,24,-145,125,1.5,2.5,46.5,48.0,2012-13
2012-10-28,NewOrleans,Denver,14,34,220,-260,6.5,6.0,54.5,55.0,2012-13
2012-10-29,SanFrancisco,Arizona,24,3,-350,290,6.0,7.0,37.0,37.5,2012-13
2012-11-01,KansasCity,SanDiego,13,31,265,-325,9.0,7.0,44.0,41.0,2012-13
2012-11-04,Denver,Cincinnati,31,23,-235,195,3.5,5.0,47.0,47.5,2012-13
2012-11-04,Arizona,GreenBay,17,31,400,-505,11.0,10.5,44.0,43.0,2012-13
2012-11-04,Miami,Indianapolis,20,23,-140,120,2.0,2.0,43.0,43.5,2012-13
2012-11-04,Baltimore,Cleveland,25,15,-180,160,3.0,3.5,42.5,44.0,2012-13
2012-11-04,Buffalo,Houston,9,21,445,-555,11.0,11.0,48.5,48.0,2012-13
2012-11-04,Carolina,Washington,21,13,150,-170,3.5,3.0,46.0,48.0,2012-13
2012-11-04,Detroit,Jacksonville,31,14,-260,220,4.0,6.0,44.0,44.0,2012-13
2012-11-04,Chicago,Tennessee,51,20,-230,195,4.5,4.5,43.5,44.0,2012-13
2012-11-04,Minnesota,Seattle,20,30,200,-235,4.0,4.5,39.0,38.5,2012-13
2012-11-04,TampaBay,Oakland,42,32,105,-125,1.5,1.0,45.0,46.5,2012-13
2012-11-04,Pittsburgh,NYGiants,24,20,155,-175,3.5,3.5,47.0,48.0,2012-13
2012-11-04,Dallas,Atlanta,13,19,170,-195,4.5,4.0,47.5,47.5,2012-13
2012-11-05,Philadelphia,NewOrleans,13,28,120,-140,3.5,2.5,52.5,52.5,2012-13
2012-11-08,Indianapolis,Jacksonville,27,10,-190,165,3.5,3.5,42.5,43.5,2012-13
2012-11-11,Buffalo,NewEngland,31,37,490,-680,11.5,13.5,51.0,54.0,2012-13
2012-11-11,NYGiants,Cincinnati,13,31,-200,170,5.5,3.0,48.5,47.0,2012-13
2012-11-11,SanDiego,TampaBay,24,34,145,-165,1.0,3.0,48.0,46.5,2012-13
2012-11-11,Denver,Carolina,36,14,-190,165,4.5,3.5,48.5,46.5,2012-13
2012-11-11,Tennessee,Miami,37,3,240,-280,6.0,6.5,44.0,44.0,2012-13
2012-11-11,Oakland,Baltimore,20,55,280,-340,7.0,7.5,46.0,48.0,2012-13
2012-11-11,Atlanta,NewOrleans,27,31,-130,110,1.0,1.5,53.5,53.5,2012-13
2012-11-11,Detroit,Minnesota,24,34,-180,160,1.0,3.0,47.0,46.0,2012-13
2012-11-11,NYJets,Seattle,7,28,175,-210,5.5,5.0,38.5,38.5,2012-13
2012-11-11,Dallas,Philadelphia,38,23,-140,120,1.0,3.0,45.0,43.5,2012-13
2012-11-11,St.Louis,SanFrancisco,24,24,500,-700,12.0,13.5,38.0,37.5,2012-13
2012-11-11,Houston,Chicago,13,6,105,-116,1.0,1.0,43.0,37.0,2012-13
2012-11-12,KansasCity,Pittsburgh,13,16,500,-700,11.5,12.5,43.0,39.5,2012-13
2012-11-15,Miami,Buffalo,14,19,120,-140,1.0,3.0,46.0,46.0,2012-13
2012-11-18,Philadelphia,Washington,6,31,160,-180,3.5,3.5,46.0,45.5,2012-13
2012-11-18,GreenBay,Detroit,24,20,-160,140,3.0,3.0,51.0,53.5,2012-13
2012-11-18,Arizona,Atlanta,19,23,350,-450,10.5,9.5,45.5,43.0,2012-13
2012-11-18,TampaBay,Carolina,27,21,-110,-110,1.0,0.0,47.5,47.0,2012-13
2012-11-18,Cleveland,Dallas,20,23,260,-320,8.0,7.0,43.5,43.5,2012-13
2012-11-18,NYJets,St.Louis,27,13,165,-185,3.0,3.5,38.0,39.5,2012-13
2012-11-18,Indianapolis,NewEngland,24,59,350,-450,9.5,9.5,53.5,54.0,2012-13
2012-11-18,Jacksonville,Houston,37,43,850,-1300,16.0,15.5,42.5,40.5,2012-13
2012-11-18,Cincinnati,KansasCity,28,6,-165,145,3.5,3.0,43.5,42.0,2012-13
2012-11-18,NewOrleans,Oakland,38,17,-270,230,6.5,6.0,54.0,55.5,2012-13
2012-11-18,SanDiego,Denver,23,30,290,-350,7.0,7.5,50.5,47.5,2012-13
2012-11-18,Baltimore,Pittsburgh,13,10,-170,150,0.0,3.0,45.5,41.0,2012-13
2012-11-19,Chicago,SanFrancisco,7,32,165,-185,6.5,3.5,36.0,34.0,2012-13
2012-11-22,Houston,Detroit,34,31,-180,160,3.5,4.0,49.0,49.0,2012-13
2012-11-22,Washington,Dallas,38,31,160,-180,4.0,3.5,46.0,47.5,2012-13
2012-11-22,NewEngland,NYJets,49,19,-320,260,7.0,7.0,51.0,48.5,2012-13
2012-11-25,Oakland,Cincinnati,10,34,345,-425,7.5,8.0,48.0,50.0,2012-13
2012-11-25,Pittsburgh,Cleveland,14,20,-125,105,0.0,1.0,36.0,33.0,2012-13
2012-11-25,Buffalo,Indianapolis,13,20,120,-140,3.0,2.0,52.0,51.0,2012-13
2012-11-25,Denver,KansasCity,17,9,-520,415,10.0,10.0,44.0,41.5,2012-13
2012-11-25,Tennessee,Jacksonville,19,24,-165,145,3.0,3.5,43.5,45.0,2012-13
2012-11-25,Minnesota,Chicago,10,28,235,-275,6.5,6.0,38.0,38.5,2012-13
2012-11-25,Atlanta,TampaBay,24,23,-125,105,0.0,1.0,48.0,51.0,2012-13
2012-11-25,Seattle,Miami,21,24,-185,165,3.0,3.0,38.0,38.0,2012-13
2012-11-25,Baltimore,SanDiego,16,13,-125,105,2.0,0.0,47.0,47.0,2012-13
2012-11-25,SanFrancisco,NewOrleans,31,21,-120,100,2.0,1.5,48.5,50.0,2012-13
2012-11-25,St.Louis,Arizona,31,17,105,-125,3.0,1.0,37.5,36.0,2012-13
2012-11-25,GreenBay,NYGiants,10,38,130,-150,2.5,2.0,49.0,50.5,2012-13
2012-11-26,Carolina,Philadelphia,30,22,-165,145,1.0,3.0,41.0,41.5,2012-13
2012-11-29,NewOrleans,Atlanta,13,23,165,-190,3.5,3.5,55.5,54.0,2012-13
2012-12-02,Seattle,Chicago,23,17,140,-160,4.5,3.0,37.5,37.0,2012-13
2012-12-02,Minnesota,GreenBay,14,23,310,-380,9.5,7.0,47.0,47.0,2012-13
2012-12-02,SanFrancisco,St.Louis,13,16,-385,315,7.0,7.5,41.0,41.0,2012-13
2012-12-02,Arizona,NYJets,6,7,210,-250,3.5,6.5,38.0,37.0,2012-13
2012-12-02,Carolina,KansasCity,21,27,-240,200,3.0,5.5,41.5,41.0,2012-13
2012-12-02,Indianapolis,Detroit,35,33,250,-300,4.5,7.0,51.0,51.5,2012-13
2012-12-02,Jacksonville,Buffalo,18,34,220,-260,6.0,6.0,45.5,41.0,2012-13
2012-12-02,NewEngland,Miami,23,16,-380,310,7.0,7.5,51.0,51.0,2012-13
2012-12-02,Houston,Tennessee,24,10,-300,250,4.5,7.0,48.0,48.0,2012-13
2012-12-02,TampaBay,Denver,23,31,300,-360,6.5,8.0,51.5,49.5,2012-13
2012-12-02,Pittsburgh,Baltimore,23,20,270,-330,8.0,7.0,35.0,37.0,2012-13
2012-12-02,Cleveland,Oakland,20,17,-145,125,2.5,2.5,41.0,39.5,2012-13
2012-12-02,Cincinnati,SanDiego,20,13,-105,-115,1.0,1.0,47.5,46.0,2012-13
2012-12-02,Philadelphia,Dallas,33,38,450,-600,9.0,10.5,43.0,44.5,2012-13
2012-12-03,NYGiants,Washington,16,17,-140,120,2.5,2.5,51.0,50.0,2012-13
2012-12-06,Denver,Oakland,26,13,-600,450,10.0,10.0,50.5,47.0,2012-13
2012-12-09,Baltimore,Washington,28,31,105,-125,0.0,1.5,47.0,48.0,2012-13
2012-12-09,KansasCity,Cleveland,7,30,255,-315,5.0,7.0,37.0,38.0,2012-13
2012-12-09,SanDiego,Pittsburgh,34,24,300,-360,7.0,7.5,42.0,37.5,2012-13
2012-12-09,Tennessee,Indianapolis,23,27,-200,-200,5.5,3.5,48.5,47.0,2012-13
2012-12-09,NYJets,Jacksonville,17,10,-165,145,3.0,3.0,39.5,39.0,2012-13
2012-12-09,Chicago,Minnesota,14,21,-135,115,3.0,0.0,40.5,40.5,2012-13
2012-12-09,Atlanta,Carolina,20,30,-170,150,3.5,3.5,47.0,47.0,2012-13
2012-12-09,Philadelphia,TampaBay,23,21,285,-345,8.5,7.0,45.5,48.0,2012-13
2012-12-09,St.Louis,Buffalo,15,12,165,-190,3.0,3.5,42.5,42.5,2012-13
2012-12-09,Dallas,Cincinnati,20,19,160,-180,3.0,3.0,45.5,46.0,2012-13
2012-12-09,Miami,SanFrancisco,13,27,465,-615,10.5,10.0,40.0,38.5,2012-13
2012-12-09,NewOrleans,NYGiants,27,52,180,-210,4.5,4.0,53.5,52.5,2012-13
2012-12-09,Arizona,Seattle,0,58,425,-550,10.0,10.0,35.0,36.0,2012-13
2012-12-09,Detroit,GreenBay,20,27,220,-260,6.5,6.0,52.5,48.5,2012-13
2012-12-10,Houston,NewEngland,14,42,200,-240,4.5,5.0,53.0,50.5,2012-13
2012-12-13,Cincinnati,Philadelphia,34,13,-230,195,3.0,5.0,46.0,45.0,2012-13
2012-12-16,GreenBay,Chicago,21,13,-155,135,3.0,3.0,42.0,43.5,2012-13
2012-12-16,NYGiants,Atlanta,0,34,-105,-115,1.0,0.0,52.0,50.0,2012-13
2012-12-16,TampaBay,NewOrleans,0,41,175,-200,3.0,3.5,54.0,54.5,2012-13
2012-12-16,Minnesota,St.Louis,36,22,115,-135,3.0,1.5,38.5,39.5,2012-13
2012-12-16,Washington,Cleveland,38,21,185,-220,3.0,4.0,38.5,40.0,2012-13
2012-12-16,Jacksonville,Miami,3,24,305,-365,7.0,7.5,37.5,38.5,2012-13
2012-12-16,Denver,Baltimore,34,17,-155,135,2.5,2.5,48.0,48.0,2012-13
2012-12-16,Indianapolis,Houston,17,29,420,-525,8.0,10.0,49.0,47.5,2012-13
2012-12-16,Carolina,SanDiego,31,7,140,-160,3.0,3.0,46.0,45.0,2012-13
2012-12-16,Seattle,Buffalo,50,17,-225,190,5.5,4.5,43.0,44.0,2012-13
2012-12-16,Detroit,Arizona,10,38,-235,200,6.0,6.5,43.0,43.5,2012-13
2012-12-16,Pittsburgh,Dallas,24,27,-135,115,1.0,1.0,44.0,45.5,2012-13
2012-12-16,KansasCity,Oakland,0,15,175,-210,3.0,4.5,43.0,44.0,2012-13
2012-12-16,SanFrancisco,NewEngland,41,34,-205,-205,4.5,4.0,49.0,47.5,2012-13
2012-12-17,NYJets,Tennessee,10,14,100,-120,1.0,1.0,42.0,40.5,2012-13
2012-12-22,Atlanta,Detroit,31,18,-210,175,3.0,4.0,51.0,50.5,2012-13
2012-12-23,Tennessee,GreenBay,7,55,480,-635,12.5,11.5,47.0,44.0,2012-13
2012-12-23,Oakland,Carolina,6,17,360,-450,9.0,9.0,45.5,47.0,2012-13
2012-12-23,Buffalo,Miami,10,24,195,-235,5.0,5.0,43.0,41.5,2012-13
2012-12-23,Cincinnati,Pittsburgh,13,10,155,-175,4.0,3.0,43.0,40.5,2012-13
2012-12-23,NewEngland,Jacksonville,23,16,-930,630,14.5,14.0,49.0,51.5,2012-13
2012-12-23,Indianapolis,KansasCity,20,13,-215,185,6.0,5.0,43.0,41.5,2012-13
2012-12-23,NewOrleans,Dallas,34,31,130,-150,3.0,1.5,51.5,54.0,2012-13
2012-12-23,Washington,Philadelphia,27,20,-215,185,6.5,4.5,44.5,46.0,2012-13
2012-12-23,St.Louis,TampaBay,28,13,135,-155,3.0,3.0,43.5,43.5,2012-13
2012-12-23,NYGiants,Baltimore,14,33,-140,120,1.0,1.5,47.0,47.0,2012-13
2012-12-23,Minnesota,Houston,23,6,305,-365,7.0,8.0,45.0,43.5,2012-13
2012-12-23,Cleveland,Denver,12,34,490,-650,12.0,11.0,44.5,44.0,2012-13
2012-12-23,Chicago,Arizona,28,13,-305,255,5.5,7.0,37.5,35.5,2012-13
2012-12-23,SanFrancisco,Seattle,13,42,120,-140,1.0,1.5,40.5,40.5,2012-13
2012-12-23,SanDiego,NYJets,27,17,140,-160,2.5,3.0,41.0,38.5,2012-13
2012-12-30,NYJets,Buffalo,9,28,155,-175,3.0,3.5,41.0,41.0,2012-13
2012-12-30,Miami,NewEngland,0,28,450,-610,10.0,11.0,49.5,48.0,2012-13
2012-12-30,Baltimore,Cincinnati,17,23,210,-250,3.0,4.5,43.0,43.0,2012-13
2012-12-30,Cleveland,Pittsburgh,10,24,380,-485,10.5,10.0,34.5,36.5,2012-13
2012-12-30,Houston,Indianapolis,16,28,-280,240,5.5,6.5,47.0,47.0,2012-13
2012-12-30,Jacksonville,Tennessee,20,38,225,-265,5.5,6.0,42.5,42.0,2012-13
2012-12-30,Philadelphia,NYGiants,7,42,235,-275,7.0,6.5,47.0,44.0,2012-13
2012-12-30,Dallas,Washington,18,28,155,-175,3.5,3.0,50.0,49.0,2012-13
2012-12-30,Chicago,Detroit,26,24,-165,145,3.0,3.0,44.5,46.0,2012-13
2012-12-30,GreenBay,Minnesota,34,37,-170,150,3.0,3.0,46.5,45.5,2012-13
2012-12-30,TampaBay,Atlanta,22,17,125,-145,6.0,3.0,47.0,45.5,2012-13
2012-12-30,Carolina,NewOrleans,44,38,175,-200,4.0,4.0,54.0,53.5,2012-13
2012-12-30,KansasCity,Denver,3,38,1075,-1675,16.0,17.0,42.5,41.0,2012-13
2012-12-30,Oakland,SanDiego,21,24,300,-360,10.5,8.0,40.0,41.5,2012-13
2012-12-30,Arizona,SanFrancisco,13,27,915,-1365,15.0,16.0,38.5,38.5,2012-13
2012-12-30,St.Louis,Seattle,13,20,415,-525,9.5,11.0,40.5,42.0,2012-13
2013-01-05,Cincinnati,Houston,13,19,170,-200,5.0,4.0,44.0,42.5,2012-13
2013-01-05,Minnesota,GreenBay,10,24,425,-550,8.0,10.5,45.5,44.0,2012-13
2013-01-06,Indianapolis,Baltimore,9,24,260,-320,6.5,7.5,46.5,47.5,2012-13
2013-01-06,Seattle,Washington,24,14,-160,140,0.0,3.0,45.0,45.0,2012-13
2013-01-12,Baltimore,Denver,38,35,310,-380,9.5,9.0,45.5,44.0,2012-13
2013-01-12,GreenBay,SanFrancisco,31,45,130,-150,3.0,3.0,45.0,44.5,2012-13
2013-01-13,Seattle,Atlanta,28,30,130,-150,3.0,2.5,44.5,46.5,2012-13
2013-01-13,Houston,NewEngland,28,41,370,-470,9.0,9.5,49.0,50.5,2012-13
2013-01-20,SanFrancisco,Atlanta,28,24,-200,170,3.0,4.0,47.0,47.5,2012-13
2013-01-20,Baltimore,NewEngland,28,13,300,-360,9.0,8.0,51.0,49.5,2012-13
2013-02-03,Baltimore,SanFrancisco,34,31,170,-200,3.5,4.5,47.5,48.0,2012-13
2013-09-05,Baltimore,Denver,27,49,250,-300,8.0,7.5,49.5,49.0,2013-14
2013-09-08,NewEngland,Buffalo,23,21,-430,340,7.0,10.5,53.0,51.5,2013-14
2013-09-08,Tennessee,Pittsburgh,16,9,200,-240,6.5,6.0,43.5,42.0,2013-14
2013-09-08,Atlanta,NewOrleans,17,23,155,-175,3.0,3.5,54.0,56.0,2013-14
2013-09-08,TampaBay,NYJets,17,18,-220,185,2.5,6.0,41.0,39.0,2013-14
2013-09-08,KansasCity,Jacksonville,28,2,-200,170,3.0,4.5,40.5,43.0,2013-14
2013-09-08,Cincinnati,Chicago,21,24,140,-160,3.5,3.0,45.5,42.0,2013-14
2013-09-08,Miami,Cleveland,23,10,120,-140,1.0,2.5,41.5,40.5,2013-14
2013-09-08,Seattle,Carolina,12,7,-155,135,3.5,3.5,45.5,45.0,2013-14
2013-09-08,Minnesota,Detroit,24,34,177,-210,3.5,4.5,47.0,47.5,2013-14
2013-09-08,Oakland,Indianapolis,17,21,420,-550,7.0,11.5,49.0,45.5,2013-14
2013-09-08,Arizona,St.Louis,24,27,157,-180,6.0,4.5,40.5,43.0,2013-14
2013-09-08,GreenBay,SanFrancisco,28,34,175,-205,4.5,5.0,50.5,48.0,2013-14
2013-09-08,NYGiants,Dallas,31,36,155,-175,3.0,3.5,49.0,50.0,2013-14
2013-09-09,Philadelphia,Washington,33,27,165,-185,4.5,4.5,51.0,53.5,2013-14
2013-09-09,Houston,SanDiego,31,28,-260,220,3.5,6.5,47.0,45.5,2013-14
2013-09-12,NYJets,NewEngland,10,13,430,-575,12.5,11.5,44.5,43.5,2013-14
2013-09-15,SanDiego,Philadelphia,33,30,275,-345,7.5,7.5,54.5,53.0,2013-14
2013-09-15,Cleveland,Baltimore,6,14,250,-300,7.0,6.5,42.5,43.5,2013-14
2013-09-15,Tennessee,Houston,24,30,330,-410,8.5,7.5,45.5,43.0,2013-14
2013-09-15,Miami,Indianapolis,24,20,115,-135,3.0,3.0,42.5,44.0,2013-14
2013-09-15,Carolina,Buffalo,23,24,-185,160,2.5,3.5,45.0,43.5,2013-14
2013-09-15,St.Louis,Atlanta,24,31,200,-240,7.0,5.5,47.0,47.5,2013-14
2013-09-15,Washington,GreenBay,20,38,285,-370,7.0,8.0,50.0,50.0,2013-14
2013-09-15,Dallas,KansasCity,16,17,140,-160,1.0,3.0,46.5,45.5,2013-14
2013-09-15,Minnesota,Chicago,30,31,210,-250,6.0,6.5,40.5,41.5,2013-14
2013-09-15,NewOrleans,TampaBay,16,14,-190,165,3.5,4.0,46.0,49.5,2013-14
2013-09-15,Detroit,Arizona,21,25,-135,115,0.0,2.0,47.5,48.5,2013-14
2013-09-15,Jacksonville,Oakland,9,19,180,-220,5.5,4.0,39.5,41.0,2013-14
2013-09-15,Denver,NYGiants,41,23,-200,170,5.5,4.0,54.5,55.0,2013-14
2013-09-15,SanFrancisco,Seattle,3,29,125,-145,3.0,2.5,45.5,44.5,2013-14
2013-09-16,Pittsburgh,Cincinnati,10,20,255,-305,6.5,6.5,40.0,40.5,2013-14
2013-09-19,KansasCity,Philadelphia,26,16,145,-165,5.0,3.5,49.0,51.0,2013-14
2013-09-22,SanDiego,Tennessee,17,20,135,-155,3.0,3.0,43.5,43.0,2013-14
2013-09-22,Cleveland,Minnesota,31,27,255,-315,3.0,6.5,41.5,39.5,2013-14
2013-09-22,TampaBay,NewEngland,3,23,280,-350,7.0,7.0,46.5,44.5,2013-14
2013-09-22,Houston,Baltimore,9,30,100,-120,2.5,1.0,44.5,44.5,2013-14
2013-09-22,St.Louis,Dallas,7,31,150,-170,3.0,3.0,46.5,47.5,2013-14
2013-09-22,Arizona,NewOrleans,7,31,300,-370,7.5,7.0,48.5,49.0,2013-14
2013-09-22,Detroit,Washington,27,20,-110,-110,2.5,1.0,48.0,49.0,2013-14
2013-09-22,GreenBay,Cincinnati,30,34,-150,130,1.0,3.0,45.5,49.5,2013-14
2013-09-22,NYGiants,Carolina,0,38,-130,110,2.5,2.0,45.5,47.0,2013-14
2013-09-22,Atlanta,Miami,23,27,125,-145,1.0,2.5,43.0,45.5,2013-14
2013-09-22,Indianapolis,SanFrancisco,27,7,410,-535,10.5,10.5,45.5,46.5,2013-14
2013-09-22,Jacksonville,Seattle,17,45,2015,-3465,16.5,20.5,41.0,39.0,2013-14
2013-09-22,Buffalo,NYJets,20,27,120,-140,2.0,2.5,39.0,41.0,2013-14
2013-09-22,Chicago,Pittsburgh,40,23,-135,115,2.0,2.0,38.5,41.0,2013-14
2013-09-23,Oakland,Denver,21,37,850,-1400,14.5,16.5,49.0,50.5,2013-14
2013-09-26,SanFrancisco,St.Louis,35,11,-200,170,3.5,4.0,43.5,43.5,2013-14
2013-09-29,Pittsburgh,Minnesota,27,34,-150,130,0.0,3.0,42.0,42.5,2013-14
2013-09-29,Baltimore,Buffalo,20,23,-185,160,4.0,4.0,43.5,45.0,2013-14
2013-09-29,Cincinnati,Cleveland,6,17,-210,177,5.0,4.5,41.0,42.5,2013-14
2013-09-29,Indianapolis,Jacksonville,37,3,-470,370,9.5,9.5,42.5,42.5,2013-14
2013-09-29,Seattle,Houston,23,20,-125,105,3.0,2.0,44.5,41.0,2013-14
2013-09-29,Arizona,TampaBay,13,10,115,-135,2.5,2.5,40.5,40.0,2013-14
2013-09-29,Chicago,Detroit,32,40,125,-145,2.5,2.5,47.5,49.5,2013-14
2013-09-29,NYGiants,KansasCity,7,31,155,-175,4.0,4.5,44.0,44.0,2013-14
2013-09-29,NYJets,Tennessee,13,38,145,-165,5.0,3.5,39.0,40.5,2013-14
2013-09-29,Dallas,SanDiego,21,30,-125,105,1.0,1.5,45.5,48.0,2013-14
2013-09-29,Washington,Oakland,24,14,-185,160,3.0,4.0,47.0,46.5,2013-14
2013-09-29,Philadelphia,Denver,20,52,450,-600,10.5,11.5,57.0,59.0,2013-14
2013-09-29,NewEngland,Atlanta,30,23,135,-155,0.0,3.5,49.0,50.0,2013-14
2013-09-30,Miami,NewOrleans,17,38,300,-380,5.0,7.5,47.0,50.0,2013-14
2013-10-03,Buffalo,Cleveland,24,37,175,-205,3.0,4.0,41.0,41.0,2013-14
2013-10-06,KansasCity,Tennessee,26,17,-155,135,3.5,3.0,39.5,38.5,2013-14
2013-10-06,Baltimore,Miami,26,23,110,-130,3.5,2.5,43.0,43.0,2013-14
2013-10-06,Jacksonville,St.Louis,20,34,415,-540,12.5,11.0,41.5,41.0,2013-14
2013-10-06,NewEngland,Cincinnati,6,13,-135,115,1.5,2.5,44.5,46.0,2013-14
2013-10-06,Seattle,Indianapolis,28,34,-140,120,3.0,3.0,43.0,44.0,2013-14
2013-10-06,Detroit,GreenBay,9,22,360,-450,6.5,10.0,52.0,54.0,2013-14
2013-10-06,NewOrleans,Chicago,26,18,-115,-105,0.0,1.0,47.5,52.0,2013-14
2013-10-06,Philadelphia,NYGiants,36,21,-115,-105,3.0,1.0,55.5,55.0,2013-14
2013-10-06,Carolina,Arizona,6,22,-160,140,2.5,3.0,42.0,42.0,2013-14
2013-10-06,SanDiego,Oakland,17,27,-260,220,6.0,6.5,44.0,47.5,2013-14
2013-10-06,Denver,Dallas,51,48,-390,310,7.0,9.0,55.5,58.5,2013-14
2013-10-06,Houston,SanFrancisco,3,34,177,-210,6.5,4.5,42.5,44.5,2013-14
2013-10-07,NYJets,Atlanta,30,28,460,-610,7.5,10.5,44.0,45.0,2013-14
2013-10-10,NYGiants,Chicago,21,27,265,-330,9.5,8.5,45.0,48.0,2013-14
2013-10-13,Oakland,KansasCity,7,24,295,-360,7.5,7.5,42.5,41.5,2013-14
2013-10-13,Philadelphia,TampaBay,31,20,-150,130,1.0,3.0,45.0,44.0,2013-14
2013-10-13,GreenBay,Baltimore,19,17,-125,105,3.0,2.0,47.0,48.0,2013-14
2013-10-13,Detroit,Cleveland,31,17,-135,115,1.5,2.5,45.0,43.5,2013-14
2013-10-13,Carolina,Minnesota,35,10,120,-140,2.0,2.5,45.5,44.5,2013-14
2013-10-13,St.Louis,Houston,38,13,320,-400,10.0,9.0,41.5,42.5,2013-14
2013-10-13,Pittsburgh,NYJets,19,6,-120,100,2.5,1.5,41.0,41.0,2013-14
2013-10-13,Cincinnati,Buffalo,27,24,-240,200,3.0,6.0,45.5,41.0,2013-14
2013-10-13,Tennessee,Seattle,13,20,437,-570,14.5,11.5,41.0,42.0,2013-14
2013-10-13,Jacksonville,Denver,19,35,2173,-5000,24.0,26.5,47.0,52.5,2013-14
2013-10-13,Arizona,SanFrancisco,20,32,370,-470,7.5,9.5,43.0,40.5,2013-14
2013-10-13,NewOrleans,NewEngland,27,30,120,-140,3.0,2.5,51.0,50.5,2013-14
2013-10-13,Washington,Dallas,16,31,200,-240,4.0,5.5,47.5,52.0,2013-14
2013-10-14,Indianapolis,SanDiego,9,19,-105,-115,3.0,0.0,45.5,50.5,2013-14
2013-10-17,Seattle,Arizona,34,22,-220,185,6.5,4.5,42.5,41.5,2013-14
2013-10-20,NewEngland,NYJets,27,30,-180,160,3.0,3.5,43.5,43.0,2013-14
2013-10-20,SanDiego,Jacksonville,24,6,-325,265,7.5,7.0,44.5,44.0,2013-14
2013-10-20,Houston,KansasCity,16,17,230,-280,4.0,6.5,39.5,39.0,2013-14
2013-10-20,Cincinnati,Detroit,27,24,135,-155,2.5,3.0,46.0,45.5,2013-14
2013-10-20,Buffalo,Miami,23,21,225,-275,7.5,6.0,43.5,44.0,2013-14
2013-10-20,Chicago,Washington,41,45,-120,100,2.0,1.0,51.0,48.0,2013-14
2013-10-20,Dallas,Philadelphia,17,3,145,-165,0.0,3.0,56.0,55.0,2013-14
2013-10-20,St.Louis,Carolina,15,30,265,-325,6.5,7.5,41.5,42.5,2013-14
2013-10-20,TampaBay,Atlanta,23,31,230,-280,7.0,6.5,42.0,43.0,2013-14
2013-10-20,SanFrancisco,Tennessee,31,17,-170,150,5.0,3.0,38.5,41.0,2013-14
2013-10-20,Cleveland,GreenBay,13,31,330,-410,11.0,8.5,45.5,45.0,2013-14
2013-10-20,Baltimore,Pittsburgh,16,19,110,-130,2.5,2.5,40.5,41.5,2013-14
2013-10-20,Denver,Indianapolis,33,39,-275,225,5.5,6.5,56.0,55.0,2013-14
2013-10-21,Minnesota,NYGiants,7,23,180,-210,2.5,4.0,46.0,47.5,2013-14
2013-10-24,Carolina,TampaBay,31,13,-265,220,3.5,6.5,38.5,38.5,2013-14
2013-10-27,SanFrancisco,Jacksonville,42,10,-1250,790,14.0,15.5,40.0,40.0,2013-14
2013-10-27,Dallas,Detroit,30,31,135,-160,2.5,3.0,50.5,51.0,2013-14
2013-10-27,NYGiants,Philadelphia,15,7,189,-225,5.5,5.0,53.0,49.5,2013-14
2013-10-27,Cleveland,KansasCity,17,23,270,-330,7.0,7.0,40.0,39.0,2013-14
2013-10-27,Buffalo,NewOrleans,17,35,395,-510,11.5,10.0,48.5,48.0,2013-14
2013-10-27,Miami,NewEngland,17,27,227,-275,4.5,6.5,46.0,46.0,2013-14
2013-10-27,NYJets,Cincinnati,9,49,215,-260,7.0,6.5,40.5,40.5,2013-14
2013-10-27,Pittsburgh,Oakland,18,21,-150,130,2.5,2.5,41.0,40.0,2013-14
2013-10-27,Washington,Denver,21,45,399,-516,14.0,11.0,52.0,58.5,2013-14
2013-10-27,Atlanta,Arizona,13,27,128,-148,0.0,2.5,45.0,44.5,2013-14
2013-10-27,GreenBay,Minnesota,44,31,-330,270,6.5,7.0,50.5,47.5,2013-14
2013-10-28,Seattle,St.Louis,14,9,-700,510,6.0,13.0,46.0,43.5,2013-14
2013-10-31,Cincinnati,Miami,20,22,-155,135,1.0,3.0,42.0,42.0,2013-14
2013-11-03,Atlanta,Carolina,10,34,330,-415,7.0,9.0,41.0,47.0,2013-14
2013-11-03,Minnesota,Dallas,23,27,315,-390,10.0,8.0,46.0,50.5,2013-14
2013-11-03,NewOrleans,NYJets,20,26,-235,195,3.0,6.0,44.5,45.5,2013-14
2013-11-03,Tennessee,St.Louis,28,21,-170,145,3.0,3.0,41.0,41.0,2013-14
2013-11-03,KansasCity,Buffalo,23,13,-210,180,3.5,4.5,43.0,41.0,2013-14
2013-11-03,SanDiego,Washington,24,30,105,-125,2.5,2.0,50.0,49.0,2013-14
2013-11-03,Philadelphia,Oakland,49,20,-105,-115,3.0,0.0,46.5,45.0,2013-14
2013-11-03,TampaBay,Seattle,24,27,810,-1300,14.0,15.5,41.0,40.0,2013-14
2013-11-03,Baltimore,Cleveland,18,24,-116,-104,3.0,1.0,40.0,42.5,2013-14
2013-11-03,Pittsburgh,NewEngland,31,55,205,-245,5.5,5.5,42.0,42.5,2013-14
2013-11-03,Indianapolis,Houston,27,24,-115,-105,1.0,1.0,45.5,41.5,2013-14
2013-11-04,Chicago,GreenBay,27,20,380,-500,11.0,10.0,48.5,50.5,2013-14
2013-11-07,Washington,Minnesota,27,34,-115,-105,2.5,1.0,47.5,48.0,2013-14
2013-11-10,Jacksonville,Tennessee,29,27,470,-630,12.0,11.5,42.5,42.0,2013-14
2013-11-10,Philadelphia,GreenBay,27,13,-116,-104,10.0,1.0,53.0,47.0,2013-14
2013-11-10,BuffaloBills,Pittsburgh,10,23,125,-145,5.0,2.5,42.0,43.0,2013-14
2013-11-10,Oakland,NewYork,20,24,265,-325,7.0,7.0,42.0,41.0,2013-14
2013-11-10,St.Louis,Indianapolis,38,8,280,-340,13.0,7.0,42.0,43.0,2013-14
2013-11-10,Seattle,Atlanta,33,10,-175,150,4.0,3.0,45.0,47.0,2013-14
2013-11-10,Cincinnati,Baltimore,17,20,105,-125,2.5,2.0,42.0,43.5,2013-14
2013-11-10,Detroit,Chicago,21,19,-121,101,3.5,1.5,49.5,52.0,2013-14
2013-11-10,Carolina,SanFrancisco,10,9,210,-250,6.5,6.0,41.0,42.5,2013-14
2013-11-10,Houston,Arizona,24,27,165,-195,3.0,4.0,41.0,42.0,2013-14
2013-11-10,Denver,SanDiego,28,20,-320,265,7.0,7.0,56.0,56.0,2013-14
2013-11-10,Dallas,NewOrleans,17,49,230,-280,6.5,6.5,50.0,55.0,2013-14
2013-11-11,Miami,TampaBay,19,22,-135,115,3.5,2.5,41.0,39.0,2013-14
2013-11-14,Indianapolis,Tennessee,30,27,-150,130,2.5,3.0,43.0,42.0,2013-14
2013-11-17,Atlanta,TampaBay,28,41,110,-130,2.0,2.0,43.5,43.5,2013-14
2013-11-17,NYJets,Buffalo,14,37,-135,115,0.0,2.5,41.0,39.0,2013-14
2013-11-17,Detroit,Pittsburgh,27,37,-160,140,3.0,3.0,47.5,45.5,2013-14
2013-11-17,Washington,Philadelphia,16,24,180,-210,3.0,4.5,51.5,55.0,2013-14
2013-11-17,SanDiego,Miami,16,20,-145,125,1.0,2.5,45.5,44.5,2013-14
2013-11-17,Baltimore,Chicago,20,23,165,-190,3.0,4.0,47.0,41.0,2013-14
2013-11-17,Cleveland,Cincinnati,20,41,195,-230,6.0,4.5,41.5,39.0,2013-14
2013-11-17,Oakland,Houston,28,23,380,-505,7.0,10.5,42.5,41.0,2013-14
2013-11-17,Arizona,Jacksonville,27,14,-405,325,6.5,9.5,40.0,40.5,2013-14
2013-11-17,KansasCity,Denver,17,27,280,-350,8.0,7.5,51.0,49.5,2013-14
2013-11-17,Minnesota,Seattle,20,41,525,-675,13.5,13.5,47.0,45.0,2013-14
2013-11-17,SanFrancisco,NewOrleans,20,23,155,-175,3.0,3.0,47.5,50.5,2013-14
2013-11-17,GreenBay,NYGiants,13,27,155,-180,6.5,3.0,43.0,41.0,2013-14
2013-11-18,NewEngland,Carolina,20,24,140,-160,2.5,3.0,44.0,46.5,2013-14
2013-11-21,NewOrleans,Atlanta,17,13,-360,290,7.0,7.5,52.5,53.5,2013-14
2013-11-24,TampaBay,Detroit,24,21,265,-325,9.5,7.0,45.5,48.5,2013-14
2013-11-24,Jacksonville,Houston,13,6,385,-510,10.0,10.0,42.0,44.0,2013-14
2013-11-24,Minnesota,GreenBay,26,26,215,-265,5.0,6.0,45.0,44.5,2013-14
2013-11-24,SanDiego,KansasCity,41,38,160,-185,4.5,3.5,41.5,43.0,2013-14
2013-11-24,Carolina,Miami,20,16,-215,185,3.5,4.0,40.0,40.0,2013-14
2013-11-24,Pittsburgh,Cleveland,27,11,130,-150,2.5,2.5,41.0,40.0,2013-14
2013-11-24,Chicago,St.Louis,21,42,110,-130,0.0,2.5,46.0,45.5,2013-14
2013-11-24,NYJets,Baltimore,3,19,180,-210,3.0,4.5,40.5,38.0,2013-14
2013-11-24,Tennessee,Oakland,23,19,-150,130,1.5,3.0,41.0,42.5,2013-14
2013-11-24,Indianapolis,Arizona,11,40,160,-180,1.5,3.0,43.5,44.5,2013-14
2013-11-24,Dallas,NYGiants,24,21,110,-130,3.0,2.0,45.5,44.5,2013-14
2013-11-24,Denver,NewEngland,31,34,-110,-110,3.0,1.0,54.5,54.5,2013-14
2013-11-25,SanFrancisco,Washington,27,6,-240,200,3.5,5.5,45.5,45.0,2013-14
2013-11-28,GreenBay,Detroit,10,40,235,-275,4.0,6.5,49.5,49.5,2013-14
2013-11-28,Oakland,Dallas,24,31,370,-450,8.5,9.5,45.5,49.0,2013-14
2013-11-28,Pittsburgh,Baltimore,20,22,135,-155,2.5,3.0,41.5,40.0,2013-14
2013-12-01,Tennessee,Indianapolis,14,22,160,-185,4.0,3.5,44.5,47.0,2013-14
2013-12-01,Denver,KansasCity,35,28,-225,190,3.0,5.0,47.5,51.0,2013-14
2013-12-01,Jacksonville,Cleveland,32,28,260,-320,7.0,7.0,40.5,38.5,2013-14
2013-12-01,TampaBay,Carolina,6,27,280,-350,8.5,7.0,41.0,41.0,2013-14
2013-12-01,Chicago,Minnesota,20,23,115,-135,1.0,2.0,48.0,49.5,2013-14
2013-12-01,Arizona,Philadelphia,21,24,170,-195,3.0,3.5,48.5,48.5,2013-14
2013-12-01,Miami,NYJets,23,3,-115,-105,3.0,1.0,38.5,40.0,2013-14
2013-12-01,Atlanta,Buffalo,34,31,180,-210,3.5,5.0,48.0,49.0,2013-14
2013-12-01,St.Louis,SanFrancisco,13,23,290,-360,9.5,7.5,41.5,41.0,2013-14
2013-12-01,NewEngland,Houston,34,31,-305,245,7.0,7.0,46.0,49.5,2013-14
2013-12-01,Cincinnati,SanDiego,17,10,-135,115,1.5,2.5,45.0,48.5,2013-14
2013-12-01,NYGiants,Washington,24,17,-110,-110,2.0,1.0,45.0,47.0,2013-14
2013-12-02,NewOrleans,Seattle,7,34,230,-280,5.0,6.5,45.5,48.0,2013-14
2013-12-05,Houston,Jacksonville,20,27,-175,150,3.0,3.5,41.5,43.0,2013-14
2013-12-08,KansasCity,Washington,45,10,-185,160,3.0,3.5,44.0,44.0,2013-14
2013-12-08,Minnesota,Baltimore,26,29,230,-280,7.0,6.0,43.0,42.0,2013-14
2013-12-08,Cleveland,NewEngland,26,27,400,-525,10.5,10.0,45.0,47.5,2013-14
2013-12-08,Oakland,NYJets,27,37,135,-155,3.0,3.0,40.5,39.5,2013-14
2013-12-08,Indianapolis,Cincinnati,28,42,250,-310,5.5,7.5,44.0,43.5,2013-14
2013-12-08,Carolina,NewOrleans,13,31,155,-175,3.5,3.5,44.5,47.5,2013-14
2013-12-08,Detroit,Philadelphia,20,34,120,-140,2.5,2.5,53.0,51.0,2013-14
2013-12-08,Miami,Pittsburgh,34,28,140,-160,3.5,3.0,41.5,40.0,2013-14
2013-12-08,Buffalo,TampaBay,6,27,140,-160,2.5,3.0,43.0,43.0,2013-14
2013-12-08,Tennessee,Denver,28,51,520,-670,12.5,12.5,49.0,50.5,2013-14
2013-12-08,St.Louis,Arizona,10,30,180,-210,7.0,4.5,42.5,41.0,2013-14
2013-12-08,NYGiants,SanDiego,14,37,185,-220,3.0,4.5,45.0,47.0,2013-14
2013-12-08,Seattle,SanFrancisco,17,19,120,-140,2.5,2.5,41.5,41.0,2013-14
2013-12-08,Atlanta,GreenBay,21,22,165,-190,5.0,3.5,47.0,47.5,2013-14
2013-12-09,Dallas,Chicago,28,45,-105,-115,1.5,1.0,49.0,49.0,2013-14
2013-12-12,SanDiego,Denver,27,20,380,-487,10.5,9.5,52.5,57.0,2013-14
2013-12-15,Washington,Atlanta,26,27,205,-245,3.5,6.0,50.0,49.5,2013-14
2013-12-15,SanFrancisco,TampaBay,33,14,-215,185,5.0,4.5,42.0,41.0,2013-14
2013-12-15,Arizona,Tennessee,37,34,-145,125,3.0,3.0,41.5,42.5,2013-14
2013-12-15,NewOrleans,St.Louis,16,27,-295,245,4.5,7.0,46.5,48.0,2013-14
2013-12-15,Seattle,NYGiants,23,0,-410,330,6.5,8.5,41.5,43.5,2013-14
2013-12-15,Chicago,Cleveland,38,31,-110,-110,1.0,0.0,44.0,44.0,2013-14
2013-12-15,Houston,Indianapolis,3,25,210,-250,6.5,6.0,45.5,47.5,2013-14
2013-12-15,Buffalo,Jacksonville,27,20,-200,170,2.0,4.0,44.0,43.0,2013-14
2013-12-15,NewEngland,Miami,20,24,115,-135,3.0,2.0,45.5,46.5,2013-14
2013-12-15,Philadelphia,Minnesota,30,48,-290,240,3.5,7.0,50.5,53.0,2013-14
2013-12-15,NYJets,Carolina,20,30,345,-435,10.5,10.0,40.0,40.0,2013-14
2013-12-15,KansasCity,Oakland,56,31,-265,215,3.5,6.5,41.0,44.0,2013-14
2013-12-15,GreenBay,Dallas,37,36,185,-215,6.0,4.5,47.0,49.5,2013-14
2013-12-15,Cincinnati,Pittsburgh,20,30,-135,115,3.0,2.0,41.0,44.5,2013-14
2013-12-16,Baltimore,Detroit,18,16,175,-205,5.0,4.5,45.0,49.0,2013-14
2013-12-22,Miami,Buffalo,0,19,-105,-115,2.5,1.0,43.0,41.5,2013-14
2013-12-22,NewOrleans,Carolina,13,17,150,-175,3.0,3.0,45.5,44.5,2013-14
2013-12-22,Dallas,Washington,24,23,-165,140,2.5,3.0,51.5,51.5,2013-14
2013-12-22,TampaBay,St.Louis,13,23,150,-175,5.5,3.0,42.5,43.0,2013-14
2013-12-22,Chicago,Philadelphia,11,54,128,-148,4.0,3.0,54.5,53.5,2013-14
2013-12-22,Cleveland,NYJets,13,24,115,-135,1.0,2.5,39.5,41.5,2013-14
2013-12-22,Indianapolis,KansasCity,23,7,280,-340,6.5,7.5,41.5,47.0,2013-14
2013-12-22,Minnesota,Cincinnati,14,42,295,-360,7.0,7.5,47.0,48.0,2013-14
2013-12-22,Denver,Houston,37,13,-480,375,9.5,9.5,51.5,53.0,2013-14
2013-12-22,Tennessee,Jacksonville,20,16,-215,183,5.5,4.0,44.0,44.0,2013-14
2013-12-22,Arizona,Seattle,17,10,323,-401,9.5,8.0,45.0,42.5,2013-14
2013-12-22,NYGiants,Detroit,23,20,350,-440,9.5,9.5,48.5,47.0,2013-14
2013-12-22,Oakland,SanDiego,13,26,359,-456,8.5,10.0,49.5,50.0,2013-14
2013-12-22,Pittsburgh,GreenBay,38,31,-115,-105,3.0,1.0,45.0,44.0,2013-14
2013-12-22,NewEngland,Baltimore,41,7,-120,100,2.5,1.5,45.0,45.0,2013-14
2013-12-23,Atlanta,SanFrancisco,24,34,670,-1000,12.5,14.5,45.0,46.5,2013-14
2013-12-29,Carolina,Atlanta,21,20,-245,205,7.0,4.5,45.5,46.5,2013-14
2013-12-29,GreenBay,Chicago,33,28,-155,135,3.0,3.0,51.0,51.5,2013-14
2013-12-29,Houston,Tennessee,10,16,245,-305,6.0,6.5,44.5,45.0,2013-14
2013-12-29,Cleveland,Pittsburgh,7,20,310,-390,5.5,9.0,44.0,44.5,2013-14
2013-12-29,Washington,NYGiants,6,20,155,-175,3.0,3.5,45.5,44.5,2013-14
2013-12-29,Baltimore,Cincinnati,17,34,240,-290,4.0,6.5,44.5,42.0,2013-14
2013-12-29,Jacksonville,Indianapolis,10,30,435,-560,11.5,11.5,45.5,45.0,2013-14
2013-12-29,Philadelphia,Dallas,24,22,-320,260,2.5,7.0,55.5,54.0,2013-14
2013-12-29,NYJets,Miami,20,7,245,-305,6.5,7.0,41.0,41.0,2013-14
2013-12-29,Detroit,Minnesota,13,14,-135,115,2.0,2.0,51.5,50.5,2013-14
2013-12-29,Buffalo,NewEngland,20,34,270,-330,7.5,7.5,47.0,45.5,2013-14
2013-12-29,TampaBay,NewOrleans,17,42,450,-575,12.5,11.5,47.0,47.0,2013-14
2013-12-29,Denver,Oakland,34,14,-525,400,10.5,10.0,53.5,54.5,2013-14
2013-12-29,SanFrancisco,Arizona,23,20,135,-155,1.5,3.0,43.0,41.0,2013-14
2013-12-29,KansasCity,SanDiego,24,27,625,-875,10.0,14.5,45.0,45.5,2013-14
2013-12-29,St.Louis,Seattle,9,27,480,-630,10.5,13.0,44.5,41.0,2013-14
2014-01-04,KansasCity,Indianapolis,44,45,-130,110,2.5,2.5,46.5,47.5,2013-14
2014-01-04,NewOrleans,Philadelphia,26,24,140,-165,2.5,3.0,54.5,54.5,2013-14
2014-01-05,SanDiego,Cincinnati,27,10,227,-275,7.0,6.0,46.0,48.0,2013-14
2014-01-05,SanFrancisco,GreenBay,23,20,-179,154,2.5,3.0,48.5,46.5,2013-14
2014-01-11,NewOrleans,Seattle,15,23,315,-395,8.5,9.0,48.0,44.5,2013-14
2014-01-11,Indianapolis,NewEngland,22,43,249,-302,7.0,7.0,52.5,51.0,2013-14
2014-01-12,SanFrancisco,Carolina,23,10,-120,100,1.0,1.0,43.0,41.5,2013-14
2014-01-12,SanDiego,Denver,17,24,264,-324,9.5,7.5,54.5,55.0,2013-14
2014-01-19,NewEngland,Denver,16,26,200,-240,6.5,5.0,54.5,57.0,2013-14
2014-01-19,SanFrancisco,Seattle,17,23,170,-200,3.5,4.0,41.0,40.5,2013-14
2014-02-02,Seattle,Denver,43,8,115,-135,1.5,2.0,47.5,47.0,2013-14
2014-09-04,GreenBay,Seattle,16,36,195,-235,5.5,4.5,45.0,47.0,2014-15
2014-09-07,NewOrleans,Atlanta,34,37,-160,140,1.5,3.0,51.5,51.0,2014-15
2014-09-07,Minnesota,St.Louis,34,6,135,-155,5.5,2.5,45.0,44.0,2014-15
2014-09-07,Cleveland,Pittsburgh,27,30,210,-250,5.0,5.5,40.5,41.5,2014-15
2014-09-07,Jacksonville,Philadelphia,17,34,415,-540,11.0,11.0,51.5,49.0,2014-15
2014-09-07,Oakland,NYJets,14,19,245,-305,4.5,6.5,39.5,41.0,2014-15
2014-09-07,Cincinnati,Baltimore,23,16,-110,-110,2.5,0.0,43.0,43.5,2014-15
2014-09-07,Buffalo,Chicago,23,20,235,-285,6.0,6.5,48.5,47.0,2014-15
2014-09-07,Washington,Houston,6,17,150,-170,2.5,3.0,46.0,44.0,2014-15
2014-09-07,Tennessee,KansasCity,26,10,145,-165,6.0,3.0,44.0,45.5,2014-15
2014-09-07,NewEngland,Miami,20,33,-185,160,3.5,3.5,47.0,47.5,2014-15
2014-09-07,Carolina,TampaBay,20,14,195,-230,2.0,5.0,39.5,38.5,2014-15
2014-09-07,SanFrancisco,Dallas,28,17,-165,145,3.5,3.0,48.0,48.5,2014-15
2014-09-07,Indianapolis,Denver,24,31,310,-390,6.5,9.0,55.0,53.5,2014-15
2014-09-08,NYGiants,Detroit,14,35,230,-275,4.0,6.5,45.5,45.5,2014-15
2014-09-08,SanDiego,Arizona,17,18,135,-160,3.0,3.0,44.0,45.5,2014-15
2014-09-11,Pittsburgh,Baltimore,6,26,126,-146,3.0,2.5,43.5,44.0,2014-15
2014-09-14,Detroit,Carolina,7,24,105,-125,3.0,1.5,43.5,43.0,2014-15
2014-09-14,Miami,Buffalo,10,29,105,-125,1.0,1.5,44.5,43.0,2014-15
2014-09-14,Jacksonville,Washington,10,41,195,-230,6.5,4.5,45.0,43.0,2014-15
2014-09-14,Dallas,Tennessee,26,10,145,-170,3.5,3.0,47.5,49.0,2014-15
2014-09-14,Arizona,NYGiants,25,14,105,-125,1.5,1.5,45.5,41.5,2014-15
2014-09-14,NewEngland,Minnesota,30,7,-170,145,3.0,3.0,49.0,49.0,2014-15
2014-09-14,NewOrleans,Cleveland,24,26,-242,202,6.0,5.0,47.5,49.0,2014-15
2014-09-14,Atlanta,Cincinnati,10,24,200,-240,5.5,5.5,48.0,49.0,2014-15
2014-09-14,St.Louis,TampaBay,19,17,180,-215,3.5,4.0,38.0,37.5,2014-15
2014-09-14,Seattle,SanDiego,21,30,-230,195,5.0,5.0,45.0,45.0,2014-15
2014-09-14,Houston,Oakland,30,14,-164,139,3.0,3.0,40.0,41.0,2014-15
2014-09-14,NYJets,GreenBay,24,31,280,-340,8.0,7.0,46.0,46.5,2014-15
2014-09-14,KansasCity,Denver,17,24,600,-900,12.0,13.0,52.0,49.0,2014-15
2014-09-14,Chicago,SanFrancisco,28,20,250,-300,6.5,7.0,48.0,47.0,2014-15
2014-09-15,Philadelphia,Indianapolis,30,27,135,-160,2.5,3.0,52.5,53.5,2014-15
2014-09-18,TampaBay,Atlanta,14,56,230,-280,5.5,7.0,45.0,47.0,2014-15
2014-09-21,SanDiego,Buffalo,22,10,126,-146,1.0,3.0,44.5,45.5,2014-15
2014-09-21,Dallas,St.Louis,34,31,-135,115,1.0,2.0,45.0,45.0,2014-15
2014-09-21,Washington,Philadelphia,34,37,180,-215,7.0,4.0,50.0,49.5,2014-15
2014-09-21,Houston,NYGiants,17,30,100,-120,2.5,1.0,42.0,41.5,2014-15
2014-09-21,Minnesota,NewOrleans,9,20,400,-500,9.5,9.5,51.0,49.5,2014-15
2014-09-21,Tennessee,Cincinnati,7,33,230,-275,6.5,6.0,43.5,45.0,2014-15
2014-09-21,Baltimore,Cleveland,23,21,-125,105,1.0,1.5,41.5,43.0,2014-15
2014-09-21,GreenBay,Detroit,7,19,105,-125,2.5,1.5,52.0,51.5,2014-15
2014-09-21,Indianapolis,Jacksonville,44,17,-245,205,7.0,6.0,46.0,45.5,2014-15
2014-09-21,Oakland,NewEngland,9,16,600,-900,14.0,13.5,47.0,47.0,2014-15
2014-09-21,SanFrancisco,Arizona,14,23,-151,131,3.0,3.0,42.0,41.0,2014-15
2014-09-21,Denver,Seattle,20,26,185,-220,4.5,4.0,49.0,47.5,2014-15
2014-09-21,KansasCity,Miami,34,15,210,-250,5.0,6.0,41.5,43.0,2014-15
2014-09-21,Pittsburgh,Carolina,37,19,170,-200,3.5,3.0,40.0,43.0,2014-15
2014-09-22,Chicago,NYJets,27,19,105,-125,0.0,1.5,45.5,45.0,2014-15
2014-09-25,NYGiants,Washington,45,14,147,-172,4.5,3.0,44.5,44.5,2014-15
2014-09-28,Miami,Oakland,38,14,-185,160,3.5,4.0,40.0,41.0,2014-15
2014-09-28,GreenBay,Chicago,38,17,-130,110,1.0,1.5,49.5,51.0,2014-15
2014-09-28,Buffalo,Houston,17,23,125,-145,4.0,2.5,42.0,44.0,2014-15
2014-09-28,Tennessee,Indianapolis,17,41,275,-345,7.0,7.5,45.5,45.5,2014-15
2014-09-28,Carolina,Baltimore,10,38,145,-165,3.0,3.0,39.0,42.5,2014-15
2014-09-28,Detroit,NYJets,24,17,105,-125,1.0,1.5,44.5,43.5,2014-15
2014-09-28,TampaBay,Pittsburgh,27,24,275,-345,8.0,7.5,43.5,44.5,2014-15
2014-09-28,Jacksonville,SanDiego,14,33,520,-670,13.5,12.0,44.5,45.0,2014-15
2014-09-28,Philadelphia,SanFrancisco,21,26,175,-205,3.5,3.5,51.0,49.5,2014-15
2014-09-28,Atlanta,Minnesota,28,41,-230,195,3.0,5.5,47.0,48.0,2014-15
2014-09-28,NewOrleans,Dallas,17,38,-145,125,3.0,3.0,52.5,54.0,2014-15
2014-09-30,NewEngland,KansasCity,14,41,-140,120,4.0,3.0,45.0,45.5,2014-15
2014-10-02,Minnesota,GreenBay,10,42,345,-425,10.0,9.5,49.0,46.5,2014-15
2014-10-05,Chicago,Carolina,24,31,100,-120,2.5,1.5,45.5,47.0,2014-15
2014-10-05,Cleveland,Tennessee,29,28,-120,100,1.0,1.0,44.5,44.0,2014-15
2014-10-05,St.Louis,Philadelphia,28,34,169,-199,8.0,3.5,48.5,48.0,2014-15
2014-10-05,Atlanta,NYGiants,20,30,180,-215,3.0,4.0,49.0,50.5,2014-15
2014-10-05,TampaBay,NewOrleans,31,37,460,-600,11.0,11.0,49.0,47.0,2014-15
2014-10-05,Houston,Dallas,17,20,195,-235,4.0,4.5,46.0,48.0,2014-15
2014-10-05,Buffalo,Detroit,17,14,190,-225,7.0,4.5,44.0,43.0,2014-15
2014-10-05,Baltimore,Indianapolis,13,20,120,-140,3.0,2.5,46.5,49.0,2014-15
2014-10-05,Pittsburgh,Jacksonville,17,9,-260,215,6.0,6.0,45.5,46.5,2014-15
2014-10-05,Arizona,Denver,20,41,315,-385,8.5,8.5,49.5,47.0,2014-15
2014-10-05,KansasCity,SanFrancisco,17,22,190,-225,5.0,5.0,44.5,43.5,2014-15
2014-10-05,NYJets,SanDiego,0,31,260,-314,7.0,7.0,43.5,45.0,2014-15
2014-10-05,Cincinnati,NewEngland,17,43,-140,120,0.0,2.5,46.0,46.0,2014-15
2014-10-06,Seattle,Washington,27,17,-330,270,7.0,7.0,45.5,45.5,2014-15
2014-10-09,Indianapolis,Houston,33,28,-135,115,2.5,2.5,45.0,45.5,2014-15
2014-10-12,Denver,NYJets,31,17,-445,355,7.0,10.0,46.5,47.0,2014-15
2014-10-12,Pittsburgh,Cleveland,10,31,110,-130,0.0,2.0,46.5,46.5,2014-15
2014-10-12,Jacksonville,Tennessee,14,16,180,-210,4.0,4.0,43.0,42.5,2014-15
2014-10-12,Chicago,Atlanta,27,13,160,-185,3.0,3.5,54.0,55.5,2014-15
2014-10-12,GreenBay,Miami,27,24,-125,105,3.5,1.5,48.5,46.5,2014-15
2014-10-12,Detroit,Minnesota,17,3,100,-120,1.0,1.0,43.0,43.0,2014-15
2014-10-12,Carolina,Cincinnati,37,37,250,-310,7.0,7.0,43.5,44.0,2014-15
2014-10-12,NewEngland,Buffalo,37,22,-105,-115,3.0,0.0,45.0,44.0,2014-15
2014-10-12,Baltimore,TampaBay,48,17,-180,155,3.0,3.5,42.5,44.0,2014-15
2014-10-12,SanDiego,Oakland,31,28,-370,300,7.0,7.0,42.5,44.0,2014-15
2014-10-12,Dallas,Seattle,30,23,355,-445,8.0,10.0,47.5,47.0,2014-15
2014-10-12,Washington,Arizona,20,30,200,-235,2.5,5.5,45.0,47.0,2014-15
2014-10-12,NYGiants,Philadelphia,0,27,105,-125,3.0,1.5,51.0,50.5,2014-15
2014-10-13,SanFrancisco,St.Louis,31,17,-200,170,3.5,3.0,43.5,45.0,2014-15
2014-10-16,NYJets,NewEngland,25,27,387,-506,8.5,9.5,47.0,44.5,2014-15
2014-10-19,Cincinnati,Indianapolis,0,27,155,-175,3.0,3.0,49.0,50.5,2014-15
2014-10-19,Tennessee,Washington,17,19,215,-255,4.0,6.0,46.0,46.0,2014-15
2014-10-19,Miami,Chicago,27,14,155,-175,3.0,3.0,48.5,47.5,2014-15
2014-10-19,Cleveland,Jacksonville,6,24,-210,180,4.0,4.0,45.0,44.5,2014-15
2014-10-19,Seattle,St.Louis,26,28,-310,250,6.5,6.5,45.0,44.0,2014-15
2014-10-19,Carolina,GreenBay,17,38,235,-285,7.0,6.5,48.5,48.5,2014-15
2014-10-19,Atlanta,Baltimore,7,29,235,-285,7.0,6.5,49.5,49.5,2014-15
2014-10-19,Minnesota,Buffalo,16,17,230,-280,4.5,6.5,44.5,43.5,2014-15
2014-10-19,NewOrleans,Detroit,23,24,100,-120,2.5,1.0,50.0,46.0,2014-15
2014-10-19,KansasCity,SanDiego,23,20,140,-160,5.5,3.0,46.5,46.0,2014-15
2014-10-19,NYGiants,Dallas,21,31,190,-225,4.5,5.0,48.5,47.0,2014-15
2014-10-19,Arizona,Oakland,24,13,-190,165,4.0,3.5,44.0,46.5,2014-15
2014-10-19,SanFrancisco,Denver,17,42,250,-310,6.0,7.0,49.5,48.0,2014-15
2014-10-20,Houston,Pittsburgh,23,30,135,-160,4.0,3.0,44.0,44.0,2014-15
2014-10-23,SanDiego,Denver,21,35,330,-410,7.5,9.0,51.0,50.5,2014-15
2014-10-26,Detroit,Atlanta,22,21,-180,155,3.5,3.0,47.0,45.0,2014-15
2014-10-26,Minnesota,TampaBay,19,13,-101,-119,2.5,1.0,41.5,43.0,2014-15
2014-10-26,Chicago,NewEngland,23,51,205,-245,7.0,5.5,49.5,52.0,2014-15
2014-10-26,St.Louis,KansasCity,7,34,290,-350,6.0,7.5,43.0,44.0,2014-15
2014-10-26,Seattle,Carolina,13,9,-270,225,3.5,6.0,44.5,44.5,2014-15
2014-10-26,Buffalo,NYJets,43,23,136,-161,2.5,3.0,41.0,40.0,2014-15
2014-10-26,Miami,Jacksonville,27,13,-320,265,4.0,7.0,43.5,42.0,2014-15
2014-10-26,Houston,Tennessee,30,16,-181,156,1.0,3.0,43.5,43.0,2014-15
2014-10-26,Baltimore,Cincinnati,24,27,-151,131,3.0,3.0,46.0,44.5,2014-15
2014-10-26,Philadelphia,Arizona,20,24,-121,101,2.5,1.0,48.0,48.0,2014-15
2014-10-26,Indianapolis,Pittsburgh,34,51,-250,210,2.5,4.5,48.5,48.0,2014-15
2014-10-26,Oakland,Cleveland,13,23,245,-295,7.0,6.5,43.0,44.0,2014-15
2014-10-26,GreenBay,NewOrleans,23,44,106,-125,0.0,2.0,52.5,55.0,2014-15
2014-10-27,Washington,Dallas,20,17,355,-450,7.5,9.0,51.0,48.5,2014-15
2014-10-30,NewOrleans,Carolina,28,10,-180,155,1.5,3.0,49.0,49.0,2014-15
2014-11-02,SanDiego,Miami,0,37,120,-140,1.5,3.0,44.0,45.0,2014-15
2014-11-02,Jacksonville,Cincinnati,23,33,380,-475,13.0,10.0,43.0,44.0,2014-15
2014-11-02,TampaBay,Cleveland,17,22,265,-325,6.0,7.0,44.5,44.0,2014-15
2014-11-02,Washington,Minnesota,26,29,-115,-105,1.0,1.0,44.0,44.0,2014-15
2014-11-02,Philadelphia,Houston,31,21,-135,115,3.0,2.5,50.0,48.5,2014-15
2014-11-02,NYJets,KansasCity,10,24,345,-425,9.5,9.0,41.5,41.5,2014-15
2014-11-02,Arizona,Dallas,28,17,105,-125,4.0,1.0,45.0,45.0,2014-15
2014-11-02,St.Louis,SanFrancisco,13,10,430,-550,9.5,10.0,44.0,44.0,2014-15
2014-11-02,Denver,NewEngland,21,43,-165,140,3.5,3.0,54.0,53.0,2014-15
2014-11-02,Oakland,Seattle,24,30,602,-904,15.0,13.0,41.5,44.0,2014-15
2014-11-02,Baltimore,Pittsburgh,23,43,110,-130,0.0,2.0,44.0,47.5,2014-15
2014-11-03,Indianapolis,NYGiants,40,24,-165,140,3.0,3.0,49.5,51.0,2014-15
2014-11-06,Cleveland,Cincinnati,24,3,215,-260,6.0,6.0,44.0,46.5,2014-15
2014-11-09,Dallas,Jacksonville,31,17,-345,285,7.5,7.5,45.5,45.0,2014-15
2014-11-09,Miami,Detroit,16,20,130,-150,3.0,3.0,42.5,43.0,2014-15
2014-11-09,KansasCity,Buffalo,17,13,114,-134,1.0,2.5,43.0,42.0,2014-15
2014-11-09,SanFrancisco,NewOrleans,27,24,195,-235,3.5,6.0,49.0,49.0,2014-15
2014-11-09,Tennessee,Baltimore,7,21,430,-550,10.5,10.0,44.0,44.5,2014-15
2014-11-09,Pittsburgh,NYJets,13,20,-215,180,5.5,4.0,45.5,47.0,2014-15
2014-11-09,Atlanta,TampaBay,27,17,-175,150,1.0,3.0,44.5,47.0,2014-15
2014-11-09,Denver,Oakland,41,17,-725,525,10.5,13.0,49.0,50.5,2014-15
2014-11-09,St.Louis,Arizona,14,31,265,-325,7.0,7.0,43.0,43.5,2014-15
2014-11-09,NYGiants,Seattle,17,38,345,-425,9.0,9.0,45.0,44.5,2014-15
2014-11-09,Chicago,GreenBay,14,55,311,-381,7.0,9.0,52.0,53.0,2014-15
2014-11-10,Carolina,Philadelphia,21,45,265,-325,5.5,7.5,48.0,48.5,2014-15
2014-11-13,Buffalo,Miami,9,22,175,-205,5.0,3.5,42.0,40.5,2014-15
2014-11-16,Houston,Cleveland,23,7,195,-230,3.0,4.5,42.0,41.5,2014-15
2014-11-16,Minnesota,Chicago,13,21,115,-135,3.0,2.5,47.0,46.5,2014-15
2014-11-16,Philadelphia,GreenBay,20,53,180,-215,4.0,4.0,56.5,55.5,2014-15
2014-11-16,Seattle,KansasCity,20,24,-120,100,1.0,1.0,42.0,43.0,2014-15
2014-11-16,Atlanta,Carolina,19,17,-140,120,0.0,2.5,46.0,46.5,2014-15
2014-11-16,Cincinnati,NewOrleans,27,10,305,-375,5.5,8.5,50.5,51.0,2014-15
2014-11-16,TampaBay,Washington,27,7,255,-310,7.0,6.5,46.0,46.5,2014-15
2014-11-16,Denver,St.Louis,7,22,-400,325,8.0,8.0,50.5,49.5,2014-15
2014-11-16,SanFrancisco,NYGiants,16,10,-200,170,3.0,4.0,43.5,44.5,2014-15
2014-11-16,Oakland,SanDiego,6,13,432,-552,9.0,10.0,44.0,45.5,2014-15
2014-11-16,Detroit,Arizona,6,14,-125,105,2.5,1.0,41.5,41.5,2014-15
2014-11-16,NewEngland,Indianapolis,42,20,142,-168,2.5,3.0,56.0,58.0,2014-15
2014-11-17,Pittsburgh,Tennessee,27,24,-315,260,5.5,7.0,47.0,46.0,2014-15
2014-11-20,KansasCity,Oakland,20,24,-360,295,6.5,7.0,43.5,41.5,2014-15
2014-11-23,Cleveland,Atlanta,26,24,125,-145,3.0,2.5,46.5,48.5,2014-15
2014-11-23,Tennessee,Philadelphia,24,43,490,-685,11.0,11.0,48.5,49.0,2014-15
2014-11-23,Detroit,NewEngland,9,34,270,-330,6.0,7.0,48.0,47.0,2014-15
2014-11-23,GreenBay,Minnesota,24,21,-360,300,10.0,7.5,48.0,50.0,2014-15
2014-11-23,Jacksonville,Indianapolis,3,23,545,-800,13.5,13.0,50.0,49.0,2014-15
2014-11-23,Cincinnati,Houston,22,13,125,-145,1.0,2.5,44.0,44.5,2014-15
2014-11-23,TampaBay,Chicago,13,21,170,-210,5.5,4.0,48.0,46.5,2014-15
2014-11-23,Arizona,Seattle,3,19,280,-340,6.5,7.5,42.0,41.5,2014-15
2014-11-23,St.Louis,SanDiego,24,27,180,-220,6.0,5.0,44.5,43.5,2014-15
2014-11-23,Miami,Denver,36,39,245,-300,8.0,6.5,49.0,47.0,2014-15
2014-11-23,Washington,SanFrancisco,13,17,375,-460,9.0,9.0,44.5,44.0,2014-15
2014-11-23,Dallas,NYGiants,31,28,-210,170,3.0,4.0,47.5,48.5,2014-15
2014-11-24,Baltimore,NewOrleans,34,27,120,-140,3.0,3.0,49.5,50.5,2014-15
2014-11-24,NYJets,Buffalo,3,38,130,-150,2.5,3.0,41.5,42.5,2014-15
2014-11-27,Chicago,Detroit,17,34,295,-345,7.0,7.0,46.5,46.0,2014-15
2014-11-27,Philadelphia,Dallas,33,10,155,-175,3.0,3.0,54.0,56.0,2014-15
2014-11-27,Seattle,SanFrancisco,19,3,100,-120,2.0,1.0,41.0,40.0,2014-15
2014-11-30,Washington,Indianapolis,27,49,310,-380,9.5,8.0,51.0,48.5,2014-15
2014-11-30,Tennessee,Houston,21,45,260,-310,7.0,6.5,43.0,43.0,2014-15
2014-11-30,Cleveland,Buffalo,10,26,155,-175,2.0,3.0,41.0,42.0,2014-15
2014-11-30,SanDiego,Baltimore,34,33,240,-290,5.5,6.5,46.0,45.5,2014-15
2014-11-30,NYGiants,Jacksonville,24,25,-155,135,1.5,3.0,44.0,44.0,2014-15
2014-11-30,Cincinnati,TampaBay,14,13,-240,200,4.0,6.0,44.0,43.5,2014-15
2014-11-30,Oakland,St.Louis,0,52,225,-265,7.0,6.0,43.0,43.0,2014-15
2014-11-30,NewOrleans,Pittsburgh,35,32,160,-190,4.0,3.5,53.0,54.5,2014-15
2014-11-30,Carolina,Minnesota,13,31,120,-140,3.0,2.5,41.0,41.5,2014-15
2014-11-30,Arizona,Atlanta,18,29,-125,105,1.5,1.5,45.0,45.5,2014-15
2014-11-30,NewEngland,GreenBay,21,26,120,-140,3.0,3.0,57.0,57.5,2014-15
2014-11-30,Denver,KansasCity,29,16,100,-120,1.0,1.0,49.0,49.0,2014-15
2014-12-01,Miami,NYJets,16,13,-310,255,5.5,7.0,41.5,41.5,2014-15
2014-12-04,Dallas,Chicago,41,28,-190,161,3.5,3.5,50.0,50.0,2014-15
2014-12-07,Baltimore,Miami,28,13,140,-165,3.0,3.0,45.0,45.0,2014-15
2014-12-07,Pittsburgh,Cincinnati,42,21,135,-160,3.5,3.0,47.0,47.5,2014-15
2014-12-07,Indianapolis,Cleveland,25,24,-160,135,3.5,3.0,50.0,50.5,2014-15
2014-12-07,Houston,Jacksonville,27,13,-290,240,4.0,7.0,42.0,41.5,2014-15
2014-12-07,NYGiants,Tennessee,36,7,-160,135,0.0,3.0,45.0,46.5,2014-15
2014-12-07,Carolina,NewOrleans,41,10,380,-475,10.0,9.0,48.0,50.0,2014-15
2014-12-07,TampaBay,Detroit,17,34,405,-525,10.0,10.0,41.5,42.0,2014-15
2014-12-07,St.Louis,Washington,24,0,-142,123,1.5,3.0,44.0,44.5,2014-15
2014-12-07,NYJets,Minnesota,24,30,175,-205,5.5,4.0,40.0,40.0,2014-15
2014-12-07,Buffalo,Denver,17,24,355,-440,10.0,9.5,48.5,47.5,2014-15
2014-12-07,KansasCity,Arizona,14,17,-140,121,0.0,3.0,40.0,41.0,2014-15
2014-12-07,SanFrancisco,Oakland,13,24,-400,325,7.5,8.5,41.0,40.0,2014-15
2014-12-07,Seattle,Philadelphia,24,14,-122,102,0.0,1.5,49.0,48.0,2014-15
2014-12-07,NewEngland,SanDiego,23,14,-215,180,3.0,4.0,50.5,53.5,2014-15
2014-12-08,Atlanta,GreenBay,37,43,575,-800,11.5,13.5,56.0,54.5,2014-15
2014-12-11,Arizona,St.Louis,12,6,215,-260,2.5,6.0,41.0,40.5,2014-15
2014-12-14,Oakland,KansasCity,13,31,420,-550,12.0,11.0,41.5,41.5,2014-15
2014-12-14,Jacksonville,Baltimore,12,20,600,-900,13.5,14.0,45.5,44.5,2014-15
2014-12-14,Pittsburgh,Atlanta,27,20,-150,130,2.5,3.0,54.5,55.5,2014-15
2014-12-14,Houston,Indianapolis,10,17,260,-320,6.5,6.5,50.0,49.0,2014-15
2014-12-14,Cincinnati,Cleveland,30,0,110,-130,2.5,2.0,44.0,44.0,2014-15
2014-12-14,Miami,NewEngland,13,41,345,-425,8.0,9.5,49.0,49.0,2014-15
2014-12-14,TampaBay,Carolina,17,19,160,-190,5.5,3.0,43.5,41.0,2014-15
2014-12-14,Washington,NYGiants,13,24,245,-300,6.5,6.5,48.0,46.5,2014-15
2014-12-14,GreenBay,Buffalo,13,21,-190,160,5.0,4.0,50.0,49.5,2014-15
2014-12-14,Minnesota,Detroit,14,16,325,-400,7.5,8.0,44.0,42.5,2014-15
2014-12-14,NYJets,Tennessee,16,11,-190,160,1.0,3.0,42.0,41.5,2014-15
2014-12-14,Denver,SanDiego,22,10,-220,180,3.5,4.5,50.5,49.0,2014-15
2014-12-14,SanFrancisco,Seattle,7,17,360,-440,8.5,9.5,38.5,38.5,2014-15
2014-12-14,Dallas,Philadelphia,38,27,150,-170,3.5,3.0,55.5,54.5,2014-15
2014-12-15,NewOrleans,Chicago,31,15,-190,161,3.0,3.0,54.0,53.5,2014-15
2014-12-18,Tennessee,Jacksonville,13,21,180,-210,3.0,4.0,40.5,39.0,2014-15
2014-12-20,SanDiego,SanFrancisco,38,35,115,-135,2.5,2.0,42.5,40.5,2014-15
2014-12-20,Philadelphia,Washington,24,27,-310,255,8.0,7.0,50.5,51.0,2014-15
2014-12-21,Minnesota,Miami,35,37,190,-230,7.0,5.0,42.0,42.5,2014-15
2014-12-21,GreenBay,TampaBay,20,3,-650,470,10.0,12.0,50.5,48.5,2014-15
2014-12-21,Detroit,Chicago,20,14,-430,350,6.5,10.0,46.0,44.5,2014-15
2014-12-21,Atlanta,NewOrleans,30,14,230,-270,6.0,6.0,55.0,56.0,2014-15
2014-12-21,NewEngland,NYJets,17,16,-460,375,11.0,10.0,47.5,47.0,2014-15
2014-12-21,KansasCity,Pittsburgh,12,20,120,-140,3.0,2.5,47.5,49.5,2014-15
2014-12-21,Cleveland,Carolina,13,17,210,-250,3.5,6.5,41.5,40.0,2014-15
2014-12-21,Baltimore,Houston,13,25,-285,240,4.0,6.5,41.5,42.0,2014-15
2014-12-21,NYGiants,St.Louis,37,27,245,-295,6.0,6.5,45.5,43.5,2014-15
2014-12-21,Buffalo,Oakland,24,26,-280,235,6.0,6.5,39.5,42.0,2014-15
2014-12-21,Indianapolis,Dallas,7,42,155,-180,3.0,3.0,55.5,53.5,2014-15
2014-12-21,Seattle,Arizona,35,6,-430,350,7.5,9.5,37.0,36.5,2014-15
2014-12-22,Denver,Cincinnati,28,37,-205,175,3.5,3.5,48.5,47.0,2014-15
2014-12-28,Detroit,GreenBay,20,30,340,-430,7.5,9.0,47.5,46.5,2014-15
2014-12-28,Jacksonville,Houston,17,23,315,-395,9.5,9.0,40.5,38.5,2014-15
2014-12-28,Cincinnati,Pittsburgh,17,27,140,-160,3.0,3.0,48.0,48.5,2014-15
2014-12-28,Indianapolis,Tennessee,27,10,-340,270,7.0,7.5,48.0,46.5,2014-15
2014-12-28,Cleveland,Baltimore,10,20,745,-1045,9.0,14.5,42.0,40.0,2014-15
2014-12-28,Buffalo,NewEngland,17,9,180,-210,3.5,4.5,44.0,43.5,2014-15
2014-12-28,NYJets,Miami,37,24,250,-310,6.0,7.0,42.0,41.0,2014-15
2014-12-28,Carolina,Atlanta,34,3,120,-140,3.5,2.5,48.0,48.0,2014-15
2014-12-28,Chicago,Minnesota,9,13,270,-330,7.0,7.0,43.5,47.0,2014-15
2014-12-28,SanDiego,KansasCity,7,19,135,-155,3.0,3.0,42.5,42.5,2014-15
2014-12-28,Philadelphia,NYGiants,34,26,-108,-108,1.5,0.0,52.0,52.0,2014-15
2014-12-28,Dallas,Washington,44,17,-270,220,5.0,6.0,49.5,47.5,2014-15
2014-12-28,NewOrleans,TampaBay,23,20,-265,215,3.5,6.0,47.0,46.5,2014-15
2014-12-28,St.Louis,Seattle,6,20,485,-635,13.5,11.5,41.0,41.5,2014-15
2014-12-28,Arizona,SanFrancisco,17,20,225,-275,4.0,6.0,37.0,38.0,2014-15
2014-12-28,Oakland,Denver,14,47,890,-1240,14.0,16.0,48.0,48.5,2014-15
2015-01-03,Baltimore,Pittsburgh,30,17,145,-170,3.0,3.0,46.5,47.0,2014-15
2015-01-03,Arizona,Carolina,16,27,212,-256,4.5,5.5,38.0,37.5,2014-15
2015-01-04,Detroit,Dallas,20,24,215,-260,7.0,6.0,48.0,48.0,2014-15
2015-01-04,Cincinnati,Indianapolis,10,26,170,-200,4.0,3.5,50.0,47.5,2014-15
2015-01-10,Baltimore,NewEngland,31,35,226,-268,7.0,7.0,49.0,47.0,2014-15
2015-01-10,Carolina,Seattle,17,31,510,-710,11.0,13.5,40.5,40.0,2014-15
2015-01-11,Dallas,GreenBay,21,26,200,-240,6.5,5.5,53.0,52.5,2014-15
2015-01-11,Indianapolis,Denver,24,13,345,-425,7.5,9.5,53.0,54.0,2014-15
2015-01-18,GreenBay,Seattle,22,28,310,-380,7.0,8.5,46.5,45.0,2014-15
2015-01-18,Indianapolis,NewEngland,7,45,265,-315,7.0,7.0,53.0,52.0,2014-15
2015-02-01,NewEngland,Seattle,28,24,-110,-110,3.0,0.0,49.0,47.5,2014-15
2015-09-10,Pittsburgh,NewEngland,21,28,300,-365,2.5,7.0,48.5,51.0,2015-16
2015-09-13,GreenBay,Chicago,31,23,-295,230,5.0,6.0,50.0,48.5,2015-16
2015-09-13,KansasCity,Houston,27,20,-119,-101,1.0,0.0,42.0,40.5,2015-16
2015-09-13,Cleveland,NYJets,10,31,170,-200,2.5,3.5,41.0,38.5,2015-16
2015-09-13,Indianapolis,Buffalo,14,27,-105,-115,2.5,0.0,47.0,44.0,2015-16
2015-09-13,Miami,Washington,17,10,-210,180,2.5,4.0,44.0,45.0,2015-16
2015-09-13,Carolina,Jacksonville,20,9,-150,130,4.0,3.0,42.5,41.0,2015-16
2015-09-13,Seattle,St.Louis,31,34,-175,155,3.0,3.5,43.0,41.0,2015-16
2015-09-13,NewOrleans,Arizona,19,31,117,-137,2.5,2.0,47.0,49.0,2015-16
2015-09-13,Detroit,SanDiego,28,33,160,-180,2.0,3.5,45.5,45.5,2015-16
2015-09-13,Tennessee,TampaBay,42,14,140,-160,3.0,3.0,42.0,40.0,2015-16
2015-09-13,Cincinnati,Oakland,33,13,-155,135,3.0,3.0,44.0,43.0,2015-16
2015-09-13,Baltimore,Denver,13,19,190,-230,4.0,5.0,52.0,46.5,2015-16
2015-09-13,NYGiants,Dallas,26,27,245,-310,6.0,7.0,49.5,52.0,2015-16
2015-09-14,Philadelphia,Atlanta,24,26,-185,165,1.0,3.0,53.0,55.0,2015-16
2015-09-14,Minnesota,SanFrancisco,3,20,-155,135,3.5,3.0,41.0,42.5,2015-16
2015-09-17,Denver,KansasCity,31,24,145,-165,2.5,3.0,45.0,41.5,2015-16
2015-09-20,Houston,Carolina,17,24,120,-140,3.5,3.0,41.0,41.0,2015-16
2015-09-20,TampaBay,NewOrleans,26,19,365,-460,10.5,10.0,48.5,47.0,2015-16
2015-09-20,SanFrancisco,Pittsburgh,18,43,215,-255,6.5,6.0,44.0,46.0,2015-16
2015-09-20,Detroit,Minnesota,16,26,130,-150,3.0,2.5,44.0,44.0,2015-16
2015-09-20,NewEngland,Buffalo,40,32,100,-120,1.5,1.0,46.0,45.0,2015-16
2015-09-20,Arizona,Chicago,48,23,-130,110,2.0,2.0,45.0,46.0,2015-16
2015-09-20,Tennessee,Cleveland,14,28,-101,-119,4.0,1.0,41.5,41.0,2015-16
2015-09-20,SanDiego,Cincinnati,19,24,160,-180,3.5,3.0,45.5,48.0,2015-16
2015-09-20,St.Louis,Washington,10,24,-180,160,3.0,3.0,41.5,41.0,2015-16
2015-09-20,Atlanta,NYGiants,24,20,110,-130,2.0,2.0,51.0,50.0,2015-16
2015-09-20,Baltimore,Oakland,33,37,-270,220,6.0,6.0,43.5,42.0,2015-16
2015-09-20,Miami,Jacksonville,20,23,-231,191,4.0,5.0,41.5,42.5,2015-16
2015-09-20,Dallas,Philadelphia,20,10,215,-255,5.0,6.5,55.5,53.0,2015-16
2015-09-20,Seattle,GreenBay,17,27,165,-185,3.5,3.0,48.0,49.5,2015-16
2015-09-21,NYJets,Indianapolis,20,7,215,-265,6.5,6.0,46.5,45.5,2015-16
2015-09-24,Washington,NYGiants,21,32,150,-170,4.0,3.0,45.0,45.0,2015-16
2015-09-27,Pittsburgh,St.Louis,12,6,-105,-115,2.5,1.0,48.0,48.5,2015-16
2015-09-27,SanDiego,Minnesota,14,31,115,-135,1.0,2.0,45.5,45.5,2015-16
2015-09-27,TampaBay,Houston,9,19,220,-270,6.5,6.0,41.5,41.0,2015-16
2015-09-27,Philadelphia,NYJets,24,17,150,-170,2.0,3.0,48.0,47.0,2015-16
2015-09-27,NewOrleans,Carolina,22,27,355,-445,3.5,9.5,44.0,43.0,2015-16
2015-09-27,Jacksonville,NewEngland,17,51,880,-1230,14.0,14.0,47.5,48.5,2015-16
2015-09-27,Cincinnati,Baltimore,28,24,120,-140,2.5,2.5,44.0,45.5,2015-16
2015-09-27,Oakland,Cleveland,27,20,160,-185,4.5,3.5,42.5,44.0,2015-16
2015-09-27,Indianapolis,Tennessee,35,33,-175,155,5.5,3.5,45.5,47.0,2015-16
2015-09-27,Atlanta,Dallas,39,28,-105,-115,1.5,1.0,44.0,43.0,2015-16
2015-09-27,SanFrancisco,Arizona,7,47,275,-335,6.5,7.0,44.5,45.0,2015-16
2015-09-27,Chicago,Seattle,0,26,1000,-1350,15.0,16.5,45.0,43.5,2015-16
2015-09-27,Buffalo,Miami,41,14,100,-120,2.5,1.0,43.5,43.0,2015-16
2015-09-27,Denver,Detroit,24,12,-150,130,3.0,3.0,44.5,46.0,2015-16
2015-09-28,KansasCity,GreenBay,28,38,210,-250,6.5,5.0,48.0,47.0,2015-16
2015-10-01,Baltimore,Pittsburgh,23,20,-150,130,2.0,3.0,45.5,44.0,2015-16
2015-10-04,NYJets,Miami,27,14,-145,125,1.0,3.0,41.0,42.0,2015-16
2015-10-04,Jacksonville,Indianapolis,13,16,185,-215,8.5,4.0,47.5,43.5,2015-16
2015-10-04,Houston,Atlanta,21,48,190,-230,5.0,4.0,45.0,47.5,2015-16
2015-10-04,Carolina,TampaBay,37,23,-157,138,3.0,3.0,40.0,40.0,2015-16
2015-10-04,NYGiants,Buffalo,24,10,234,-299,5.5,6.5,48.0,46.5,2015-16
2015-10-04,Oakland,Chicago,20,22,-179,158,2.0,3.0,44.0,44.5,2015-16
2015-10-04,Philadelphia,Washington,20,23,-150,130,3.0,3.0,48.0,45.0,2015-16
2015-10-04,KansasCity,Cincinnati,21,36,155,-175,4.0,3.5,44.5,45.0,2015-16
2015-10-04,Cleveland,SanDiego,27,30,213,-255,7.0,4.5,45.0,44.5,2015-16
2015-10-04,GreenBay,SanFrancisco,17,3,-360,295,7.0,7.0,47.5,48.0,2015-16
2015-10-04,Minnesota,Denver,20,23,241,-305,7.0,7.0,44.0,43.5,2015-16
2015-10-04,St.Louis,Arizona,24,22,260,-325,6.0,7.0,44.0,43.5,2015-16
2015-10-04,Dallas,NewOrleans,20,26,130,-150,3.0,3.0,47.0,48.0,2015-16
2015-10-05,Detroit,Seattle,10,13,405,-525,9.0,10.0,43.0,43.0,2015-16
2015-10-08,Indianapolis,Houston,27,20,185,-223,0.0,4.0,45.0,41.0,2015-16
2015-10-11,Jacksonville,TampaBay,31,38,-105,-115,3.0,1.0,43.5,41.5,2015-16
2015-10-11,Buffalo,Tennessee,14,13,-115,-105,3.0,0.0,44.5,43.0,2015-16
2015-10-11,Cleveland,Baltimore,33,30,225,-275,6.5,6.5,44.0,42.5,2015-16
2015-10-11,Washington,Atlanta,19,25,275,-340,8.0,7.0,47.0,48.0,2015-16
2015-10-11,Chicago,KansasCity,18,17,347,-428,10.0,9.0,46.5,43.5,2015-16
2015-10-11,NewOrleans,Philadelphia,17,39,230,-290,5.0,6.5,48.5,49.5,2015-16
2015-10-11,St.Louis,GreenBay,10,24,355,-450,10.0,9.0,47.5,45.0,2015-16
2015-10-11,Seattle,Cincinnati,24,27,145,-165,3.0,3.0,44.0,44.0,2015-16
2015-10-11,Arizona,Detroit,42,17,-230,190,3.0,5.0,44.0,46.0,2015-16
2015-10-11,NewEngland,Dallas,30,6,-400,325,7.0,8.0,49.0,51.0,2015-16
2015-10-11,Denver,Oakland,16,10,-236,198,5.5,5.5,44.0,44.5,2015-16
2015-10-11,SanFrancisco,NYGiants,27,30,285,-350,7.0,7.5,43.0,43.5,2015-16
2015-10-12,Pittsburgh,SanDiego,24,20,185,-215,3.5,4.0,44.5,46.0,2015-16
2015-10-15,Atlanta,NewOrleans,21,31,-155,135,3.0,3.0,51.0,52.5,2015-16
2015-10-17,Denver,Cleveland,26,23,-171,151,4.5,3.0,42.5,41.5,2015-16
2015-10-17,Cincinnati,Buffalo,34,21,-160,140,1.0,3.0,45.5,42.0,2015-16
2015-10-17,KansasCity,Minnesota,10,16,159,-179,3.5,3.0,44.5,43.0,2015-16
2015-10-17,Houston,Jacksonville,31,20,140,-160,0.0,3.0,43.0,43.0,2015-16
2015-10-17,Chicago,Detroit,34,37,170,-200,3.0,3.5,44.0,45.0,2015-16
2015-10-17,Washington,NYJets,20,34,285,-350,5.5,7.0,41.5,39.5,2015-16
2015-10-17,Arizona,Pittsburgh,13,25,-245,205,3.0,5.0,44.5,45.0,2015-16
2015-10-17,Miami,Tennessee,38,10,129,-148,3.0,3.0,45.5,44.0,2015-16
2015-10-17,Carolina,Seattle,27,23,285,-350,6.5,7.0,41.5,41.0,2015-16
2015-10-17,SanDiego,GreenBay,20,27,430,-550,9.5,10.5,50.0,50.0,2015-16
2015-10-17,Baltimore,SanFrancisco,20,25,-145,125,3.0,2.5,43.5,43.5,2015-16
2015-10-17,NewEngland,Indianapolis,34,27,-370,305,7.0,8.5,55.0,54.0,2015-16
2015-10-19,NYGiants,Philadelphia,7,27,175,-205,4.0,3.5,49.5,50.5,2015-16
2015-10-22,Seattle,SanFrancisco,20,3,-305,240,4.0,6.5,41.0,41.5,2015-16
2015-10-25,Buffalo,Jacksonville,31,34,-175,155,6.0,3.5,42.5,41.0,2015-16
2015-10-25,Cleveland,St.Louis,6,24,225,-275,5.5,6.0,42.5,43.5,2015-16
2015-10-25,Pittsburgh,KansasCity,13,23,170,-195,2.5,3.5,44.0,41.5,2015-16
2015-10-25,Houston,Miami,26,44,190,-220,5.5,4.5,43.0,46.0,2015-16
2015-10-25,NYJets,NewEngland,23,30,265,-325,9.5,7.0,49.0,47.0,2015-16
2015-10-25,Minnesota,Detroit,28,19,100,-120,1.0,1.0,44.0,44.5,2015-16
2015-10-25,Atlanta,Tennessee,10,7,-255,215,5.5,6.0,48.0,45.5,2015-16
2015-10-25,TampaBay,Washington,30,31,130,-150,4.0,3.0,45.5,42.0,2015-16
2015-10-25,NewOrleans,Indianapolis,27,21,210,-250,5.5,5.5,52.5,53.0,2015-16
2015-10-25,Oakland,SanDiego,37,29,170,-195,5.5,3.5,47.0,49.0,2015-16
2015-10-25,Dallas,NYGiants,20,27,145,-165,6.0,3.0,45.5,45.0,2015-16
2015-10-25,Philadelphia,Carolina,16,27,125,-145,3.5,3.0,47.0,46.0,2015-16
2015-10-26,Baltimore,Arizona,18,26,380,-475,7.0,10.0,49.0,49.0,2015-16
2015-10-29,Miami,NewEngland,7,36,345,-425,7.5,8.0,51.5,51.5,2015-16
2015-11-01,Detroit,KansasCity,10,45,152,-172,6.0,3.0,45.5,44.5,2015-16
2015-11-01,Minnesota,Chicago,23,20,-130,110,2.5,1.5,41.5,44.0,2015-16
2015-11-01,TampaBay,Atlanta,23,20,323,-396,7.0,8.0,49.0,47.0,2015-16
2015-11-01,NYGiants,NewOrleans,49,52,145,-165,3.0,3.0,49.0,51.5,2015-16
2015-11-01,SanFrancisco,St.Louis,6,27,315,-385,9.0,7.5,40.0,41.0,2015-16
2015-11-01,Arizona,Cleveland,34,20,-350,285,5.0,7.0,46.0,46.0,2015-16
2015-11-01,Cincinnati,Pittsburgh,16,10,-111,-109,2.0,0.0,48.5,49.0,2015-16
2015-11-01,SanDiego,Baltimore,26,29,180,-210,3.5,4.5,50.0,50.5,2015-16
2015-11-01,Tennessee,Houston,6,20,160,-180,4.5,3.5,43.5,42.5,2015-16
2015-11-01,NYJets,Oakland,20,34,-175,155,2.0,3.0,44.5,44.0,2015-16
2015-11-01,Seattle,Dallas,13,12,-215,185,6.0,4.0,41.0,41.5,2015-16
2015-11-01,GreenBay,Denver,10,29,-140,120,3.0,2.5,45.0,46.0,2015-16
2015-11-02,Indianapolis,Carolina,26,29,195,-235,7.0,5.0,45.5,45.0,2015-16
2015-11-05,Cleveland,Cincinnati,10,31,600,-900,10.5,13.0,47.5,45.5,2015-16
2015-11-08,Oakland,Pittsburgh,35,38,230,-280,6.0,6.0,47.5,48.0,2015-16
2015-11-08,Jacksonville,NYJets,23,28,295,-360,7.5,7.5,45.0,42.5,2015-16
2015-11-08,St.Louis,Minnesota,18,21,100,-120,3.0,1.0,40.0,40.0,2015-16
2015-11-08,Miami,Buffalo,17,33,170,-200,3.0,3.5,46.0,44.0,2015-16
2015-11-08,Tennessee,NewOrleans,34,28,235,-300,7.0,6.5,48.0,50.5,2015-16
2015-11-08,Washington,NewEngland,10,27,716,-1029,13.5,13.5,52.0,51.5,2015-16
2015-11-08,GreenBay,Carolina,29,37,-130,110,1.5,2.0,46.0,45.0,2015-16
2015-11-08,Atlanta,SanFrancisco,16,17,-450,355,3.0,9.0,44.5,44.0,2015-16
2015-11-08,NYGiants,TampaBay,32,18,-128,107,1.5,1.5,47.5,48.5,2015-16
2015-11-08,Denver,Indianapolis,24,27,-171,151,3.0,3.0,45.0,45.0,2015-16
2015-11-08,Philadelphia,Dallas,33,27,-175,155,1.5,3.0,45.5,44.0,2015-16
2015-11-09,Chicago,SanDiego,22,19,170,-200,4.5,3.5,52.0,49.5,2015-16
2015-11-12,Buffalo,NYJets,22,17,120,-140,3.0,2.5,44.5,41.5,2015-16
2015-11-15,Detroit,GreenBay,18,16,480,-605,12.0,10.5,48.0,50.0,2015-16
2015-11-15,Dallas,TampaBay,6,10,-115,-105,1.0,1.0,43.5,43.5,2015-16
2015-11-15,Carolina,Tennessee,27,10,-205,175,6.5,3.5,42.5,42.5,2015-16
2015-11-15,Chicago,St.Louis,37,13,310,-380,7.0,7.5,43.0,42.0,2015-16
2015-11-15,NewOrleans,Washington,14,47,-125,105,0.0,2.0,50.0,51.5,2015-16
2015-11-15,Miami,Philadelphia,20,19,215,-255,6.0,5.5,47.0,49.0,2015-16
2015-11-15,Cleveland,Pittsburgh,9,30,255,-315,4.5,7.0,41.0,43.0,2015-16
2015-11-15,Jacksonville,Baltimore,22,20,185,-220,6.0,4.0,50.0,47.0,2015-16
2015-11-15,Minnesota,Oakland,30,14,145,-165,3.0,3.0,44.0,44.5,2015-16
2015-11-15,KansasCity,Denver,29,13,185,-215,7.0,4.0,42.5,41.5,2015-16
2015-11-15,NewEngland,NYGiants,27,26,-340,280,7.0,7.0,54.0,52.5,2015-16
2015-11-15,Arizona,Seattle,39,32,140,-160,3.5,3.0,45.0,43.5,2015-16
2015-11-16,Houston,Cincinnati,10,6,420,-545,12.0,10.0,48.0,47.0,2015-16
2015-11-19,Tennessee,Jacksonville,13,19,125,-145,3.0,2.5,44.0,42.0,2015-16
2015-11-22,Washington,Carolina,16,44,270,-330,7.5,7.0,46.0,44.0,2015-16
2015-11-22,Oakland,Detroit,13,18,-125,105,0.0,1.5,48.5,50.0,2015-16
2015-11-22,Dallas,Miami,24,14,-135,115,1.5,2.5,46.5,45.5,2015-16
2015-11-22,Indianapolis,Atlanta,24,21,170,-195,6.5,3.5,46.0,47.5,2015-16
2015-11-22,St.Louis,Baltimore,13,16,135,-155,1.5,3.0,42.5,41.0,2015-16
2015-11-22,NYJets,Houston,17,24,-200,170,3.0,4.0,40.5,40.5,2015-16
2015-11-22,GreenBay,Minnesota,30,13,-105,-115,0.0,1.0,45.0,45.0,2015-16
2015-11-22,TampaBay,Philadelphia,45,17,250,-310,4.0,7.0,45.0,46.0,2015-16
2015-11-22,Denver,Chicago,17,15,-135,115,0.0,2.0,43.0,41.5,2015-16
2015-11-22,Cincinnati,Arizona,31,34,185,-215,3.5,4.0,47.0,48.0,2015-16
2015-11-22,SanFrancisco,Seattle,13,29,805,-1105,11.5,14.0,41.5,40.0,2015-16
2015-11-22,KansasCity,SanDiego,33,3,-175,155,3.0,3.0,46.0,46.0,2015-16
2015-11-23,Buffalo,NewEngland,13,20,290,-350,9.5,7.0,49.5,47.5,2015-16
2015-11-26,Philadelphia,Detroit,14,45,135,-155,0.0,3.0,47.0,47.0,2015-16
2015-11-26,Carolina,Dallas,33,14,-120,100,1.0,1.0,47.0,44.5,2015-16
2015-11-26,Chicago,GreenBay,17,13,375,-450,9.0,8.0,48.0,45.0,2015-16
2015-11-29,NewOrleans,Houston,6,24,160,-180,3.0,3.5,49.0,51.5,2015-16
2015-11-29,Minnesota,Atlanta,20,10,110,-130,2.0,2.0,44.0,45.0,2015-16
2015-11-29,St.Louis,Cincinnati,7,31,390,-480,9.0,9.5,42.5,42.0,2015-16
2015-11-29,TampaBay,Indianapolis,12,25,115,-135,2.5,2.5,47.0,46.5,2015-16
2015-11-29,NYGiants,Washington,14,20,-115,-105,0.0,1.0,47.0,48.0,2015-16
2015-11-29,Oakland,Tennessee,24,21,-120,100,2.0,1.0,45.0,45.0,2015-16
2015-11-29,Buffalo,KansasCity,22,30,190,-220,5.5,4.5,42.5,40.5,2015-16
2015-11-29,Miami,NYJets,20,38,180,-210,3.0,4.5,43.5,44.0,2015-16
2015-11-29,SanDiego,Jacksonville,31,25,200,-240,3.5,5.5,48.5,47.5,2015-16
2015-11-29,Arizona,SanFrancisco,19,13,-430,360,10.5,8.5,45.0,45.0,2015-16
2015-11-29,Pittsburgh,Seattle,30,39,130,-150,4.0,3.0,44.0,46.5,2015-16
2015-11-29,NewEngland,Denver,24,30,-135,115,3.0,2.5,44.5,42.5,2015-16
2015-11-30,Baltimore,Cleveland,33,27,220,-260,0.0,6.0,41.5,41.0,2015-16
2015-12-03,GreenBay,Detroit,27,23,-140,120,3.0,2.5,47.0,46.5,2015-16
2015-12-06,SanFrancisco,Chicago,26,20,235,-275,7.0,6.5,42.0,43.0,2015-16
2015-12-06,Cincinnati,Cleveland,37,3,-350,290,7.5,7.5,43.5,44.5,2015-16
2015-12-06,Jacksonville,Tennessee,39,42,125,-145,2.0,3.0,43.0,43.5,2015-16
2015-12-06,Houston,Buffalo,21,30,130,-150,3.0,3.0,42.5,42.0,2015-16
2015-12-06,Baltimore,Miami,13,15,150,-170,3.5,3.0,43.5,43.5,2015-16
2015-12-06,Carolina,NewOrleans,41,38,-280,240,6.0,6.0,49.5,50.5,2015-16
2015-12-06,Seattle,Minnesota,38,7,-150,130,0.0,3.0,41.0,43.5,2015-16
2015-12-06,Arizona,St.Louis,27,3,-200,175,6.0,3.5,44.5,43.5,2015-16
2015-12-06,Atlanta,TampaBay,19,23,-105,-115,1.0,1.0,45.0,46.5,2015-16
2015-12-06,NYJets,NYGiants,23,20,-145,125,0.0,2.5,45.0,46.5,2015-16
2015-12-06,Denver,SanDiego,17,3,-260,220,4.5,6.0,43.5,45.0,2015-16
2015-12-06,KansasCity,Oakland,34,20,-155,135,3.0,3.0,44.0,46.0,2015-16
2015-12-06,Philadelphia,NewEngland,35,28,400,-500,9.5,9.5,48.0,49.0,2015-16
2015-12-06,Indianapolis,Pittsburgh,10,45,350,-420,7.0,9.5,47.0,50.5,2015-16
2015-12-07,Dallas,Washington,19,16,110,-130,5.0,2.0,42.0,43.5,2015-16
2015-12-10,Minnesota,Arizona,20,23,400,-500,7.0,10.0,45.0,47.0,2015-16
2015-12-13,Pittsburgh,Cincinnati,33,20,100,-120,3.0,1.0,47.0,49.5,2015-16
2015-12-13,Buffalo,Philadelphia,20,23,100,-120,1.0,1.0,47.0,48.5,2015-16
2015-12-13,Atlanta,Carolina,0,38,330,-400,7.0,8.5,47.0,45.5,2015-16
2015-12-13,SanFrancisco,Cleveland,10,24,125,-145,0.0,2.5,40.5,43.0,2015-16
2015-12-13,Washington,Chicago,24,21,180,-210,3.0,4.0,44.0,43.5,2015-16
2015-12-13,Detroit,St.Louis,14,21,-160,140,1.5,3.0,41.5,41.5,2015-16
2015-12-13,SanDiego,KansasCity,3,10,525,-750,10.0,12.5,46.5,41.5,2015-16
2015-12-13,NewOrleans,TampaBay,24,17,210,-250,4.5,6.0,50.5,51.5,2015-16
2015-12-13,Indianapolis,Jacksonville,16,51,100,-120,0.0,1.0,46.0,46.0,2015-16
2015-12-13,Tennessee,NYJets,8,30,300,-360,7.0,8.0,43.5,43.0,2015-16
2015-12-13,NewEngland,Houston,27,6,-220,190,3.0,4.5,44.5,46.5,2015-16
2015-12-13,Oakland,Denver,15,12,220,-260,8.0,6.0,44.0,43.0,2015-16
2015-12-13,Dallas,GreenBay,7,28,235,-275,7.0,6.5,43.5,42.5,2015-16
2015-12-13,Seattle,Baltimore,35,6,-500,400,10.0,10.5,42.0,42.0,2015-16
2015-12-14,NYGiants,Miami,31,24,-130,110,0.0,2.0,47.5,48.0,2015-16
2015-12-17,TampaBay,St.Louis,23,31,-110,-110,1.0,0.0,42.0,41.5,2015-16
2015-12-19,NYJets,Dallas,19,16,-160,140,3.0,3.0,42.0,41.0,2015-16
2015-12-20,Chicago,Minnesota,17,38,170,-200,5.0,4.0,43.0,44.0,2015-16
2015-12-20,Atlanta,Jacksonville,23,17,110,-130,3.0,2.0,47.0,48.0,2015-16
2015-12-20,Houston,Indianapolis,16,10,120,-140,1.0,2.5,42.0,42.0,2015-16
2015-12-20,KansasCity,Baltimore,34,14,-290,230,7.0,6.5,43.0,41.0,2015-16
2015-12-20,Buffalo,Washington,25,35,-137,116,1.0,2.5,44.0,46.0,2015-16
2015-12-20,Tennessee,NewEngland,16,33,750,-1100,13.5,14.5,46.5,48.0,2015-16
2015-12-20,Arizona,Philadelphia,40,17,-175,155,3.5,3.5,50.0,51.0,2015-16
2015-12-20,Carolina,NYGiants,38,35,-235,195,4.0,5.0,47.5,46.5,2015-16
2015-12-20,Cleveland,Seattle,13,30,751,-1102,14.0,14.5,42.5,45.0,2015-16
2015-12-20,GreenBay,Oakland,30,20,-205,176,2.5,4.0,46.0,47.0,2015-16
2015-12-20,Miami,SanDiego,14,30,-101,-119,1.5,0.0,45.5,47.0,2015-16
2015-12-20,Denver,Pittsburgh,27,34,305,-370,6.0,7.5,45.0,45.0,2015-16
2015-12-20,Cincinnati,SanFrancisco,24,14,-315,250,4.5,7.0,42.0,40.5,2015-16
2015-12-21,Detroit,NewOrleans,35,27,115,-135,3.0,2.5,50.0,52.5,2015-16
2015-12-24,SanDiego,Oakland,20,23,175,-200,5.5,4.0,47.0,45.5,2015-16
2015-12-26,Washington,Philadelphia,38,24,160,-180,3.0,3.5,48.5,48.5,2015-16
2015-12-27,NYGiants,Minnesota,17,49,245,-310,6.5,7.0,45.5,44.5,2015-16
2015-12-27,Chicago,TampaBay,26,21,145,-165,2.5,3.0,46.5,43.5,2015-16
2015-12-27,Carolina,Atlanta,13,20,-330,265,7.0,7.0,47.5,45.0,2015-16
2015-12-27,Dallas,Buffalo,6,16,225,-275,6.5,6.0,44.0,42.0,2015-16
2015-12-27,Jacksonville,NewOrleans,27,38,110,-130,3.0,2.5,51.5,52.5,2015-16
2015-12-27,SanFrancisco,Detroit,17,32,325,-400,7.5,9.0,43.0,42.5,2015-16
2015-12-27,Cleveland,KansasCity,13,17,475,-625,12.5,11.5,44.0,43.0,2015-16
2015-12-27,Indianapolis,Miami,18,12,120,-140,1.0,2.5,44.0,44.0,2015-16
2015-12-27,NewEngland,NYJets,20,26,-135,115,3.0,2.5,46.5,45.5,2015-16
2015-12-27,Houston,Tennessee,34,6,-180,160,4.5,3.5,42.0,38.5,2015-16
2015-12-27,GreenBay,Arizona,8,38,210,-260,4.5,6.0,49.5,50.0,2015-16
2015-12-27,St.Louis,Seattle,23,17,460,-600,13.5,10.5,41.0,42.0,2015-16
2015-12-27,Pittsburgh,Baltimore,17,20,-597,458,10.0,11.0,47.0,48.0,2015-16
2015-12-28,Cincinnati,Denver,17,20,175,-200,3.5,3.5,42.0,39.0,2015-16
2016-01-03,NYJets,Buffalo,17,22,-145,125,0.0,3.0,44.0,41.0,2015-16
2016-01-03,TampaBay,Carolina,10,38,340,-423,11.0,10.0,47.0,44.5,2015-16
2016-01-03,NewEngland,Miami,10,20,-428,347,10.0,10.0,47.5,46.0,2015-16
2016-01-03,Baltimore,Cincinnati,16,24,326,-402,7.5,9.5,43.0,40.5,2015-16
2016-01-03,NewOrleans,Atlanta,20,17,205,-245,3.5,6.0,52.0,53.5,2015-16
2016-01-03,Jacksonville,Houston,6,30,190,-230,6.0,5.5,46.0,45.0,2015-16
2016-01-03,Pittsburgh,Cleveland,28,12,-650,500,10.5,12.5,47.5,47.0,2015-16
2016-01-03,Oakland,KansasCity,17,23,245,-310,7.0,7.0,45.0,44.0,2015-16
2016-01-03,Tennessee,Indianapolis,24,30,165,-185,4.0,3.5,41.0,39.0,2015-16
2016-01-03,Washington,Dallas,34,23,150,-170,1.0,3.0,40.0,41.0,2015-16
2016-01-03,Detroit,Chicago,24,20,-140,120,1.5,2.5,46.5,45.5,2015-16
2016-01-03,Philadelphia,NYGiants,35,30,168,-189,3.5,3.5,52.0,51.0,2015-16
2016-01-03,Minnesota,GreenBay,20,13,135,-155,3.0,3.0,48.5,44.0,2015-16
2016-01-03,SanDiego,Denver,20,27,355,-450,7.5,10.0,41.0,42.0,2015-16
2016-01-03,St.Louis,SanFrancisco,16,19,-170,150,3.0,3.0,37.0,39.5,2015-16
2016-01-03,Seattle,Arizona,36,6,205,-245,4.0,6.0,48.0,47.0,2015-16
2016-01-09,KansasCity,Houston,30,0,-160,140,3.0,3.0,40.5,39.5,2015-16
2016-01-09,Pittsburgh,Cincinnati,18,16,-125,105,3.0,1.5,46.0,46.5,2015-16
2016-01-10,Seattle,Minnesota,10,9,-250,210,5.0,5.0,42.5,40.5,2015-16
2016-01-10,GreenBay,Washington,35,18,105,-125,0.0,1.5,46.0,48.0,2015-16
2016-01-16,KansasCity,NewEngland,20,27,230,-280,4.5,6.0,45.5,44.5,2015-16
2016-01-16,GreenBay,Arizona,20,26,230,-290,7.0,7.0,50.0,49.0,2015-16
2016-01-17,Seattle,Carolina,24,31,125,-145,3.0,2.5,44.0,41.5,2015-16
2016-01-17,Pittsburgh,Denver,16,23,265,-320,7.0,7.0,40.0,41.0,2015-16
2016-01-23,NewEngland,Denver,18,20,-150,130,3.0,3.0,44.0,45.0,2015-16
2016-01-23,Arizona,Carolina,15,49,150,-170,3.0,3.0,47.0,47.5,2015-16
2016-02-07,Carolina,Denver,10,24,-210,180,4.0,5.0,45.0,43.5,2015-16
2016-09-08,Carolina,Denver,20,21,-141,121,1.0,3.0,43.5,40.5,2016-17
2016-09-11,TampaBay,Atlanta,31,24,120,-140,3.0,2.5,47.5,47.0,2016-17
2016-09-11,Minnesota,Tennessee,25,16,-140,120,3.0,2.5,42.5,40.0,2016-17
2016-09-11,Cleveland,Philadelphia,10,29,170,-200,4.0,3.5,41.5,41.5,2016-17
2016-09-11,Cincinnati,NYJets,23,22,-115,-105,1.0,0.0,42.5,42.0,2016-17
2016-09-11,Oakland,NewOrleans,35,34,130,-150,2.0,3.0,50.5,50.5,2016-17
2016-09-11,SanDiego,KansasCity,27,33,245,-310,7.0,6.5,43.0,46.0,2016-17
2016-09-11,Buffalo,Baltimore,7,13,140,-160,2.5,3.0,43.0,44.5,2016-17
2016-09-11,Chicago,Houston,14,23,200,-240,5.0,5.5,44.0,42.5,2016-17
2016-09-11,GreenBay,Jacksonville,27,23,-182,162,4.5,3.5,47.0,47.0,2016-17
2016-09-11,Miami,Seattle,10,12,385,-505,7.0,10.5,44.0,44.0,2016-17
2016-09-11,NYGiants,Dallas,20,19,-101,-119,4.0,0.0,49.0,48.0,2016-17
2016-09-11,Detroit,Indianapolis,39,35,119,-139,4.5,3.0,49.0,51.5,2016-17
2016-09-11,NewEngland,Arizona,23,21,330,-410,0.0,9.0,51.0,44.5,2016-17
2016-09-12,Pittsburgh,Washington,38,16,-140,121,3.0,2.5,50.5,48.5,2016-17
2016-09-12,LosAngeles,SanFrancisco,0,28,-135,115,2.0,2.5,46.0,44.0,2016-17
2016-09-15,NYJets,Buffalo,37,31,107,-127,3.0,1.5,42.5,40.5,2016-17
2016-09-18,Tennessee,Detroit,16,15,230,-270,5.0,6.0,47.0,48.0,2016-17
2016-09-18,KansasCity,Houston,12,19,-105,-115,1.0,1.0,43.5,42.5,2016-17
2016-09-18,Miami,NewEngland,24,31,200,-240,5.5,5.0,42.5,42.0,2016-17
2016-09-18,Baltimore,Cleveland,25,20,-200,175,6.5,4.5,43.5,42.5,2016-17
2016-09-18,Cincinnati,Pittsburgh,16,24,150,-170,4.0,3.0,48.0,48.0,2016-17
2016-09-18,Dallas,Washington,27,23,160,-180,3.0,3.5,46.5,47.0,2016-17
2016-09-18,NewOrleans,NYGiants,13,16,165,-185,3.5,3.5,51.5,54.5,2016-17
2016-09-18,SanFrancisco,Carolina,27,46,475,-650,11.5,12.0,44.5,45.0,2016-17
2016-09-18,TampaBay,Arizona,7,40,280,-340,7.0,7.0,49.5,49.5,2016-17
2016-09-18,Seattle,LosAngeles,3,9,-240,200,6.5,5.5,40.5,38.0,2016-17
2016-09-18,Indianapolis,Denver,20,34,230,-270,5.5,6.0,44.0,47.0,2016-17
2016-09-18,Atlanta,Oakland,35,28,170,-190,4.0,4.0,47.0,47.5,2016-17
2016-09-18,Jacksonville,SanDiego,14,38,140,-160,3.0,3.0,48.0,47.5,2016-17
2016-09-18,GreenBay,Minnesota,14,17,-125,105,3.0,2.0,44.0,43.0,2016-17
2016-09-19,Philadelphia,Chicago,29,14,141,-161,2.5,3.0,43.0,43.0,2016-17
2016-09-22,Houston,NewEngland,0,27,104,-124,0.0,1.0,41.0,38.5,2016-17
2016-09-25,Denver,Cincinnati,29,17,165,-185,3.0,3.5,41.0,41.5,2016-17
2016-09-25,Oakland,Tennessee,17,10,-125,105,0.0,1.5,48.0,47.0,2016-17
2016-09-25,Arizona,Buffalo,18,33,-240,200,5.0,5.5,47.0,48.0,2016-17
2016-09-25,Baltimore,Jacksonville,19,17,-125,105,0.0,1.5,47.5,45.5,2016-17
2016-09-25,Cleveland,Miami,24,30,350,-420,7.5,10.0,42.5,43.0,2016-17
2016-09-25,Washington,NYGiants,29,27,160,-180,4.0,3.5,47.5,47.0,2016-17
2016-09-25,Detroit,GreenBay,27,34,230,-270,8.5,6.0,48.0,47.5,2016-17
2016-09-25,Minnesota,Carolina,22,10,220,-260,7.5,6.0,43.0,42.5,2016-17
2016-09-25,SanFrancisco,Seattle,18,37,390,-480,10.0,10.5,42.0,41.0,2016-17
2016-09-25,LosAngeles,TampaBay,37,32,160,-180,3.5,3.5,42.0,40.5,2016-17
2016-09-25,Pittsburgh,Philadelphia,3,34,-200,175,3.5,4.0,46.5,46.5,2016-17
2016-09-25,NYJets,KansasCity,3,24,145,-165,3.5,3.0,44.0,44.5,2016-17
2016-09-25,SanDiego,Indianapolis,22,26,105,-125,3.0,1.5,50.5,51.5,2016-17
2016-09-25,Chicago,Dallas,17,31,225,-265,7.5,6.5,45.0,44.5,2016-17
2016-09-26,Atlanta,NewOrleans,45,32,135,-155,3.0,3.0,52.5,54.0,2016-17
2016-09-29,Miami,Cincinnati,7,22,295,-360,7.0,7.0,44.0,46.5,2016-17
2016-10-02,Indianapolis,Jacksonville,27,30,-110,-110,1.0,0.0,49.5,48.5,2016-17
2016-10-02,Cleveland,Washington,20,31,290,-350,10.0,7.5,45.5,48.0,2016-17
2016-10-02,Buffalo,NewEngland,16,0,170,-190,6.5,3.5,43.5,41.0,2016-17
2016-10-02,Seattle,NYJets,27,17,-110,-110,3.0,0.0,41.5,39.5,2016-17
2016-10-02,Carolina,Atlanta,33,48,-145,125,3.5,3.0,50.0,48.5,2016-17
2016-10-02,Detroit,Chicago,14,17,-180,160,3.0,3.5,46.5,48.0,2016-17
2016-10-02,Tennessee,Houston,20,27,175,-200,6.5,4.0,41.0,40.5,2016-17
2016-10-02,Oakland,Baltimore,28,27,160,-180,4.0,3.5,47.0,45.0,2016-17
2016-10-02,Denver,TampaBay,27,7,-175,155,3.0,3.5,44.5,43.0,2016-17
2016-10-02,Dallas,SanFrancisco,24,17,-125,105,3.0,1.5,46.0,44.0,2016-17
2016-10-02,NewOrleans,SanDiego,35,34,170,-190,4.5,4.0,53.5,54.0,2016-17
2016-10-02,LosAngeles,Arizona,17,13,375,-450,9.5,9.5,44.0,44.0,2016-17
2016-10-02,KansasCity,Pittsburgh,7,43,160,-180,4.5,3.5,47.5,48.5,2016-17
2016-10-03,NYGiants,Minnesota,10,24,170,-200,3.5,3.5,44.0,42.5,2016-17
2016-10-06,Arizona,SanFrancisco,33,21,-200,170,2.5,3.5,43.0,42.5,2016-17
2016-10-09,Houston,Minnesota,13,31,219,-269,6.0,6.0,40.0,39.0,2016-17
2016-10-09,Tennessee,Miami,30,17,120,-140,3.5,2.5,44.0,44.0,2016-17
2016-10-09,NewEngland,Cleveland,33,13,-501,400,10.0,10.0,47.0,47.5,2016-17
2016-10-09,NYJets,Pittsburgh,13,31,345,-425,7.0,9.0,48.5,49.5,2016-17
2016-10-09,Washington,Baltimore,16,10,169,-199,3.5,4.0,47.0,44.5,2016-17
2016-10-09,Philadelphia,Detroit,23,24,-181,161,2.0,3.0,46.0,46.0,2016-17
2016-10-09,Chicago,Indianapolis,23,29,180,-210,4.0,4.0,47.5,47.5,2016-17
2016-10-09,Atlanta,Denver,23,16,172,-202,6.0,3.5,47.5,45.0,2016-17
2016-10-09,Buffalo,LosAngeles,30,19,-143,123,2.5,2.5,40.0,41.5,2016-17
2016-10-09,SanDiego,Oakland,31,34,165,-185,4.0,3.5,52.5,51.0,2016-17
2016-10-09,Cincinnati,Dallas,14,28,-140,120,1.0,2.5,45.5,45.5,2016-17
2016-10-09,NYGiants,GreenBay,16,23,235,-300,7.0,6.5,48.0,49.5,2016-17
2016-10-10,TampaBay,Carolina,17,14,215,-265,4.5,6.0,46.0,47.0,2016-17
2016-10-13,Denver,SanDiego,13,21,-157,137,2.5,3.0,46.0,44.0,2016-17
2016-10-16,Cincinnati,NewEngland,17,35,310,-370,8.0,7.5,47.0,48.5,2016-17
2016-10-16,Baltimore,NYGiants,23,27,180,-210,3.0,4.0,44.5,42.5,2016-17
2016-10-16,Carolina,NewOrleans,38,41,-140,120,3.0,2.5,53.0,54.0,2016-17
2016-10-16,Pittsburgh,Miami,15,30,-350,290,7.5,7.5,48.0,49.5,2016-17
2016-10-16,Jacksonville,Chicago,17,16,125,-145,1.5,2.5,47.0,46.5,2016-17
2016-10-16,SanFrancisco,Buffalo,16,45,280,-340,7.5,7.5,45.5,44.0,2016-17
2016-10-16,LosAngeles,Detroit,28,31,130,-150,3.0,3.0,43.5,44.5,2016-17
2016-10-16,Cleveland,Tennessee,26,28,280,-340,6.0,7.5,45.5,45.0,2016-17
2016-10-16,Philadelphia,Washington,20,27,-160,140,1.5,3.0,46.5,45.0,2016-17
2016-10-16,KansasCity,Oakland,26,10,-130,110,1.5,2.0,48.0,47.0,2016-17
2016-10-16,Atlanta,Seattle,24,26,250,-300,5.5,7.0,46.0,46.0,2016-17
2016-10-16,Dallas,GreenBay,30,16,200,-240,7.0,4.5,47.0,47.5,2016-17
2016-10-16,Indianapolis,Houston,23,26,150,-170,3.5,3.0,46.0,48.0,2016-17
2016-10-17,NYJets,Arizona,3,28,285,-350,7.5,7.0,47.0,46.0,2016-17
2016-10-20,Chicago,GreenBay,10,26,265,-330,9.0,7.0,47.0,47.0,2016-17
2016-10-23,NYGiants,LosAngeles,17,10,-155,135,3.0,3.0,44.5,45.5,2016-17
2016-10-23,Minnesota,Philadelphia,10,21,-140,120,2.5,3.0,40.0,39.0,2016-17
2016-10-23,NewOrleans,KansasCity,21,27,225,-275,6.5,6.5,49.0,51.5,2016-17
2016-10-23,Washington,Detroit,17,20,-116,-104,1.0,1.5,51.0,50.5,2016-17
2016-10-23,Cleveland,Cincinnati,17,31,440,-583,10.0,11.5,46.0,47.0,2016-17
2016-10-23,Buffalo,Miami,25,28,-140,120,3.0,2.5,45.5,46.0,2016-17
2016-10-23,Oakland,Jacksonville,33,16,110,-130,1.0,2.0,50.0,47.5,2016-17
2016-10-23,Indianapolis,Tennessee,34,26,176,-205,2.0,4.0,49.0,48.0,2016-17
2016-10-23,Baltimore,NYJets,16,24,114,-134,1.0,2.0,41.5,40.5,2016-17
2016-10-23,SanDiego,Atlanta,33,30,185,-223,6.0,5.5,51.5,53.5,2016-17
2016-10-23,TampaBay,SanFrancisco,34,17,105,-125,2.5,2.5,47.5,45.5,2016-17
2016-10-23,NewEngland,Pittsburgh,27,16,-325,262,7.0,7.0,46.0,50.0,2016-17
2016-10-23,Seattle,Arizona,6,6,120,-140,2.5,2.5,43.5,43.0,2016-17
2016-10-24,Houston,Denver,9,27,325,-400,6.5,9.0,41.5,40.0,2016-17
2016-10-27,Jacksonville,Tennessee,22,36,130,-150,3.0,3.0,46.5,43.5,2016-17
2016-10-30,Washington,Cincinnati,27,27,135,-155,2.5,3.0,46.0,48.5,2016-17
2016-10-30,GreenBay,Atlanta,32,33,139,-159,2.5,3.0,52.0,51.0,2016-17
2016-10-30,Detroit,Houston,13,20,-103,-117,2.5,1.0,45.0,46.5,2016-17
2016-10-30,Seattle,NewOrleans,20,25,-118,-102,3.5,1.0,47.5,50.0,2016-17
2016-10-30,NewEngland,Buffalo,41,25,-260,210,5.5,5.5,47.0,48.0,2016-17
2016-10-30,NYJets,Cleveland,31,28,-137,117,4.5,2.5,43.0,45.5,2016-17
2016-10-30,Oakland,TampaBay,30,24,-121,101,0.0,0.0,49.5,48.5,2016-17
2016-10-30,KansasCity,Indianapolis,30,14,-147,127,3.0,3.0,49.5,50.5,2016-17
2016-10-30,SanDiego,Denver,19,27,165,-185,6.5,4.0,44.5,43.5,2016-17
2016-10-30,Arizona,Carolina,20,30,120,-140,2.5,2.5,48.0,46.0,2016-17
2016-10-30,Philadelphia,Dallas,23,29,195,-235,4.5,5.0,43.5,43.5,2016-17
2016-10-31,Minnesota,Chicago,10,20,-245,205,6.0,5.5,41.0,39.5,2016-17
2016-11-03,Atlanta,TampaBay,43,28,-210,180,3.0,4.5,51.5,49.5,2016-17
2016-11-06,Jacksonville,KansasCity,14,19,270,-330,8.5,7.0,45.5,42.5,2016-17
2016-11-06,Detroit,Minnesota,22,16,195,-230,6.0,5.0,41.0,42.5,2016-17
2016-11-06,Philadelphia,NYGiants,23,28,135,-155,3.0,3.0,44.0,43.5,2016-17
2016-11-06,Dallas,Cleveland,35,10,-320,265,8.0,7.0,46.5,49.0,2016-17
2016-11-06,NYJets,Miami,23,27,165,-185,4.0,4.0,45.0,45.5,2016-17
2016-11-06,Pittsburgh,Baltimore,14,21,-175,155,3.0,3.0,43.0,46.0,2016-17
2016-11-06,NewOrleans,SanFrancisco,41,23,-240,200,3.5,5.5,51.0,52.5,2016-17
2016-11-06,Carolina,LosAngeles,13,10,-160,140,3.0,3.0,46.0,44.5,2016-17
2016-11-06,Indianapolis,GreenBay,31,26,300,-360,7.0,7.5,52.5,52.0,2016-17
2016-11-06,Tennessee,SanDiego,35,43,165,-185,4.5,3.5,48.5,48.0,2016-17
2016-11-06,Denver,Oakland,20,30,-105,-115,2.5,1.0,44.5,44.5,2016-17
2016-11-07,Buffalo,Seattle,25,31,210,-260,7.0,6.0,44.0,43.5,2016-17
2016-11-10,Cleveland,Baltimore,7,28,295,-360,10.5,7.5,44.0,44.0,2016-17
2016-11-13,Houston,Jacksonville,24,21,135,-155,1.5,3.0,43.5,42.0,2016-17
2016-11-13,KansasCity,Carolina,20,17,140,-160,3.0,3.0,44.5,44.0,2016-17
2016-11-13,Denver,NewOrleans,25,23,135,-155,1.5,3.0,47.0,50.5,2016-17
2016-11-13,LosAngeles,NYJets,9,6,-125,105,3.0,1.5,42.0,38.5,2016-17
2016-11-13,Atlanta,Philadelphia,15,24,110,-130,1.0,1.5,49.5,49.0,2016-17
2016-11-13,Minnesota,Washington,20,26,125,-145,2.5,2.5,42.0,42.0,2016-17
2016-11-13,GreenBay,Tennessee,25,47,-160,140,3.0,3.0,48.0,49.0,2016-17
2016-11-13,Chicago,TampaBay,10,36,-155,135,0.0,3.0,46.5,45.0,2016-17
2016-11-13,Miami,SanDiego,31,24,175,-200,4.0,4.0,48.0,49.0,2016-17
2016-11-13,SanFrancisco,Arizona,20,23,650,-1000,12.5,14.0,48.0,46.5,2016-17
2016-11-13,Dallas,Pittsburgh,35,30,155,-175,3.0,3.0,49.5,51.0,2016-17
2016-11-13,Seattle,NewEngland,31,24,290,-350,7.5,7.5,48.5,49.5,2016-17
2016-11-14,Cincinnati,NYGiants,20,21,-110,-110,3.0,0.0,46.0,49.5,2016-17
2016-11-17,NewOrleans,Carolina,20,23,160,-180,4.0,3.5,53.5,53.5,2016-17
2016-11-20,Tennessee,Indianapolis,17,24,130,-150,3.0,3.0,53.5,54.0,2016-17
2016-11-20,Jacksonville,Detroit,19,26,195,-230,7.0,5.0,47.0,47.0,2016-17
2016-11-20,TampaBay,KansasCity,19,17,245,-290,7.5,7.0,44.5,45.0,2016-17
2016-11-20,Chicago,NYGiants,16,22,245,-290,7.0,7.0,45.5,41.5,2016-17
2016-11-20,Arizona,Minnesota,24,30,110,-130,0.0,2.0,41.0,39.5,2016-17
2016-11-20,Buffalo,Cincinnati,16,12,120,-140,3.0,2.5,47.0,48.0,2016-17
2016-11-20,Baltimore,Dallas,17,27,250,-300,6.5,7.0,43.5,44.5,2016-17
2016-11-20,Pittsburgh,Cleveland,24,9,-370,310,10.0,8.0,49.5,45.5,2016-17
2016-11-20,Miami,LosAngeles,14,10,-110,-110,1.0,0.0,41.0,39.0,2016-17
2016-11-20,NewEngland,SanFrancisco,30,17,-500,400,13.5,11.0,51.5,51.5,2016-17
2016-11-20,Philadelphia,Seattle,15,26,235,-275,6.0,6.5,46.0,43.0,2016-17
2016-11-20,GreenBay,Washington,24,42,130,-150,2.0,3.0,51.0,48.5,2016-17
2016-11-21,Houston,Oakland,20,27,230,-270,5.5,6.5,46.5,46.0,2016-17
2016-11-24,Minnesota,Detroit,13,16,110,-130,3.0,2.0,42.0,42.0,2016-17
2016-11-24,Washington,Dallas,26,31,200,-240,6.0,5.5,49.5,53.0,2016-17
2016-11-24,Pittsburgh,Indianapolis,28,7,-420,350,2.0,8.5,53.0,49.5,2016-17
2016-11-27,SanDiego,Houston,21,13,-140,120,1.0,2.5,47.0,46.0,2016-17
2016-11-27,Tennessee,Chicago,27,21,-284,226,2.0,6.5,45.5,42.0,2016-17
2016-11-27,Jacksonville,Buffalo,21,28,315,-385,7.0,7.5,47.0,44.0,2016-17
2016-11-27,Cincinnati,Baltimore,14,19,158,-178,3.0,3.5,41.5,42.0,2016-17
2016-11-27,Arizona,Atlanta,19,38,170,-200,4.5,4.0,51.0,48.0,2016-17
2016-11-27,SanFrancisco,Miami,24,31,260,-325,7.0,7.0,46.5,44.5,2016-17
2016-11-27,LosAngeles,NewOrleans,21,49,287,-352,7.0,7.5,46.0,45.0,2016-17
2016-11-27,NYGiants,Cleveland,27,13,-315,250,7.0,6.5,45.0,46.5,2016-17
2016-11-27,Seattle,TampaBay,5,14,-240,200,4.5,5.0,45.0,46.5,2016-17
2016-11-27,Carolina,Oakland,32,35,161,-181,4.0,3.5,48.0,48.0,2016-17
2016-11-27,KansasCity,Denver,30,27,170,-200,3.5,3.5,40.5,39.5,2016-17
2016-11-27,NewEngland,NYJets,22,17,-460,365,9.0,9.0,48.0,48.0,2016-17
2016-11-28,GreenBay,Philadelphia,27,13,175,-205,3.0,4.0,47.0,47.0,2016-17
2016-12-01,Dallas,Minnesota,17,15,-160,140,3.5,3.0,43.5,43.5,2016-17
2016-12-04,Denver,Jacksonville,20,10,-180,160,4.0,3.5,43.0,38.5,2016-17
2016-12-04,KansasCity,Atlanta,29,28,199,-241,4.0,5.0,49.0,50.0,2016-17
2016-12-04,Houston,GreenBay,13,21,284,-350,6.0,7.0,45.5,44.0,2016-17
2016-12-04,Philadelphia,Cincinnati,14,32,103,-123,1.5,1.0,42.5,41.5,2016-17
2016-12-04,Detroit,NewOrleans,28,13,230,-290,3.5,6.0,54.0,53.5,2016-17
2016-12-04,SanFrancisco,Chicago,6,26,-115,-105,1.0,1.0,42.5,44.0,2016-17
2016-12-04,LosAngeles,NewEngland,10,26,600,-900,13.0,13.0,46.0,44.0,2016-17
2016-12-04,Miami,Baltimore,6,38,170,-200,3.5,3.0,41.5,41.5,2016-17
2016-12-04,Buffalo,Oakland,24,38,131,-151,3.5,3.0,50.0,48.5,2016-17
2016-12-04,TampaBay,SanDiego,28,21,165,-185,3.5,3.0,48.0,49.5,2016-17
2016-12-04,Washington,Arizona,23,31,118,-138,2.5,2.5,50.5,48.0,2016-17
2016-12-04,NYGiants,Pittsburgh,14,24,239,-303,4.5,6.5,50.0,50.0,2016-17
2016-12-04,Carolina,Seattle,7,40,345,-425,6.5,9.0,45.0,44.0,2016-17
2016-12-05,Indianapolis,NYJets,41,10,105,-125,0.0,1.5,48.5,48.5,2016-17
2016-12-08,Oakland,KansasCity,13,21,170,-190,3.0,3.5,47.0,46.0,2016-17
2016-12-11,Denver,Tennessee,10,13,115,-135,1.0,2.0,43.5,44.0,2016-17
2016-12-11,SanDiego,Carolina,16,28,105,-125,1.5,1.0,49.5,48.5,2016-17
2016-12-11,Houston,Indianapolis,22,17,235,-300,6.5,6.5,47.0,47.5,2016-17
2016-12-11,Cincinnati,Cleveland,23,10,-185,165,5.0,4.0,44.0,41.5,2016-17
2016-12-11,Pittsburgh,Buffalo,27,20,-123,103,1.0,1.0,47.5,45.5,2016-17
2016-12-11,Arizona,Miami,23,26,-130,110,2.5,2.0,44.0,44.5,2016-17
2016-12-11,Chicago,Detroit,17,20,295,-360,9.5,7.0,44.0,42.0,2016-17
2016-12-11,Minnesota,Jacksonville,25,16,-179,159,3.0,3.0,40.0,38.0,2016-17
2016-12-11,NewOrleans,TampaBay,11,16,120,-140,2.5,2.5,51.0,52.0,2016-17
2016-12-11,Washington,Philadelphia,27,22,-122,103,0.0,2.0,47.5,48.5,2016-17
2016-12-11,NYJets,SanFrancisco,23,17,130,-150,1.0,3.0,45.0,43.0,2016-17
2016-12-11,Seattle,GreenBay,10,38,-151,131,3.0,3.0,46.5,46.5,2016-17
2016-12-11,Atlanta,LosAngeles,42,14,-214,184,5.5,4.5,46.0,43.5,2016-17
2016-12-11,Dallas,NYGiants,7,10,-185,165,3.0,3.5,47.5,47.0,2016-17
2016-12-12,Baltimore,NewEngland,23,30,220,-260,8.0,6.0,44.5,46.0,2016-17
2016-12-15,LosAngeles,Seattle,3,24,900,-1600,14.0,16.0,40.5,39.5,2016-17
2016-12-17,Miami,NYJets,34,13,-145,125,3.0,2.5,41.5,39.5,2016-17
2016-12-18,TampaBay,Dallas,20,26,255,-320,7.0,7.0,46.0,47.5,2016-17
2016-12-18,Detroit,NYGiants,6,17,175,-205,4.0,4.0,44.0,42.5,2016-17
2016-12-18,Philadelphia,Baltimore,26,27,205,-245,6.0,5.0,42.0,41.0,2016-17
2016-12-18,GreenBay,Chicago,30,27,-240,200,6.5,4.5,44.0,40.0,2016-17
2016-12-18,Indianapolis,Minnesota,34,6,200,-240,4.0,5.0,44.0,44.5,2016-17
2016-12-18,Cleveland,Buffalo,13,33,380,-480,10.5,10.5,44.0,43.5,2016-17
2016-12-18,Tennessee,KansasCity,19,17,220,-270,6.0,6.0,43.5,43.0,2016-17
2016-12-18,Jacksonville,Houston,20,21,165,-185,6.0,3.5,41.0,39.5,2016-17
2016-12-18,NewOrleans,Arizona,48,41,140,-160,3.0,3.0,50.0,48.0,2016-17
2016-12-18,SanFrancisco,Atlanta,13,41,625,-925,13.0,14.0,51.5,51.5,2016-17
2016-12-18,NewEngland,Denver,16,3,-150,130,3.0,3.0,44.5,43.0,2016-17
2016-12-18,Oakland,SanDiego,19,16,-141,121,3.0,2.5,51.0,50.0,2016-17
2016-12-18,Pittsburgh,Cincinnati,24,20,-160,140,3.5,3.0,45.0,46.0,2016-17
2016-12-19,Carolina,Washington,26,15,245,-310,4.5,7.0,51.0,51.0,2016-17
2016-12-22,NYGiants,Philadelphia,19,24,100,-120,3.0,1.0,42.0,42.5,2016-17
2016-12-24,Washington,Chicago,41,21,-150,130,3.0,3.0,45.5,49.0,2016-17
2016-12-24,Miami,Buffalo,34,31,190,-220,3.0,4.5,44.0,44.5,2016-17
2016-12-24,TampaBay,NewOrleans,24,31,155,-175,3.0,3.0,52.5,53.5,2016-17
2016-12-24,Atlanta,Carolina,33,16,-155,135,1.0,3.0,52.0,49.0,2016-17
2016-12-24,Minnesota,GreenBay,25,38,240,-280,7.0,6.0,43.5,44.5,2016-17
2016-12-24,NYJets,NewEngland,3,41,1200,-3000,14.0,17.0,44.5,44.5,2016-17
2016-12-24,Tennessee,Jacksonville,17,38,-200,175,3.5,4.0,44.5,44.0,2016-17
2016-12-24,SanDiego,Cleveland,17,20,-210,180,6.5,4.5,45.5,45.5,2016-17
2016-12-24,Indianapolis,Oakland,25,33,160,-180,4.0,3.0,52.5,52.0,2016-17
2016-12-24,SanFrancisco,LosAngeles,22,21,215,-255,3.0,6.0,41.0,39.5,2016-17
2016-12-24,Arizona,Seattle,34,31,360,-430,7.0,9.0,44.0,43.5,2016-17
2016-12-24,Cincinnati,Houston,10,12,135,-155,3.0,3.0,41.0,41.5,2016-17
2016-12-25,Baltimore,Pittsburgh,27,31,210,-260,4.0,5.5,44.5,46.5,2016-17
2016-12-25,Denver,KansasCity,10,33,170,-200,4.5,3.5,38.0,38.5,2016-17
2016-12-26,Detroit,Dallas,21,42,220,-260,7.0,6.5,41.5,47.0,2016-17
2017-01-01,Houston,Tennessee,17,24,145,-165,3.0,3.0,41.0,41.5,2016-17
2017-01-01,Buffalo,NYJets,10,30,-185,165,5.0,3.5,45.0,43.0,2016-17
2017-01-01,Baltimore,Cincinnati,10,27,-145,125,2.5,2.5,41.5,40.5,2016-17
2017-01-01,NYGiants,Washington,19,10,340,-410,5.0,9.5,44.0,47.0,2016-17
2017-01-01,GreenBay,Detroit,31,24,-190,170,3.0,3.5,48.0,50.5,2016-17
2017-01-01,Jacksonville,Indianapolis,20,24,220,-260,7.0,5.5,48.5,48.5,2016-17
2017-01-01,Dallas,Philadelphia,13,27,210,-250,3.5,6.5,45.0,44.0,2016-17
2017-01-01,Chicago,Minnesota,10,38,220,-260,6.5,6.0,40.0,44.0,2016-17
2017-01-01,Carolina,TampaBay,16,17,160,-180,3.5,3.5,47.5,44.5,2016-17
2017-01-01,Cleveland,Pittsburgh,24,27,160,-180,12.5,3.5,45.5,41.5,2016-17
2017-01-01,NewOrleans,Atlanta,32,38,320,-380,6.5,7.5,56.0,59.0,2016-17
2017-01-01,NewEngland,Miami,35,14,-380,320,6.0,8.0,44.5,46.5,2016-17
2017-01-01,Arizona,LosAngeles,44,6,-320,265,7.5,7.0,41.5,39.0,2016-17
2017-01-01,KansasCity,SanDiego,37,27,-240,200,4.5,5.5,45.0,44.5,2016-17
2017-01-01,Seattle,SanFrancisco,25,23,-550,425,9.0,11.5,44.5,44.5,2016-17
2017-01-01,Oakland,Denver,6,24,105,-125,3.5,1.5,40.0,40.0,2016-17
2017-01-07,Oakland,Houston,14,27,190,-220,3.0,4.0,47.0,37.5,2016-17
2017-01-07,Detroit,Seattle,6,26,330,-400,4.0,8.0,44.5,45.0,2016-17
2017-01-08,Miami,Pittsburgh,12,30,500,-700,10.0,11.5,47.5,47.5,2016-17
2017-01-08,NYGiants,GreenBay,13,38,195,-230,4.0,5.5,44.5,46.5,2016-17
2017-01-14,Seattle,Atlanta,20,36,235,-275,3.5,6.5,49.5,51.5,2016-17
2017-01-14,Houston,NewEngland,16,34,1000,-2000,14.5,17.0,45.5,44.5,2016-17
2017-01-15,Pittsburgh,KansasCity,18,16,110,-130,1.0,2.0,46.5,45.5,2016-17
2017-01-15,GreenBay,Dallas,34,31,200,-240,4.0,5.0,51.5,53.5,2016-17
2017-01-22,GreenBay,Atlanta,21,44,195,-230,5.0,6.0,60.5,60.5,2016-17
2017-01-22,Pittsburgh,NewEngland,17,36,200,-240,5.5,5.5,51.0,50.5,2016-17
2017-02-05,NewEngland,Atlanta,34,28,-140,120,3.0,3.0,57.5,57.0,2016-17
2017-09-07,KansasCity,NewEngland,42,27,371,-480,7.0,8.0,48.0,47.5,2017-18
2017-09-10,NYJets,Buffalo,12,21,317,-400,6.0,7.0,43.0,42.0,2017-18
2017-09-10,Atlanta,Chicago,23,17,-319,259,7.0,6.5,50.5,48.0,2017-18
2017-09-10,Jacksonville,Houston,29,7,207,-250,4.5,6.0,42.0,38.0,2017-18
2017-09-10,Philadelphia,Washington,30,17,-130,110,3.0,2.0,48.5,49.0,2017-18
2017-09-10,Arizona,Detroit,23,35,-130,110,2.5,2.0,48.0,48.5,2017-18
2017-09-10,Oakland,Tennessee,26,16,120,-140,1.5,3.0,51.5,50.5,2017-18
2017-09-10,Baltimore,Cincinnati,20,0,130,-150,2.0,2.5,42.5,41.5,2017-18
2017-09-10,Pittsburgh,Cleveland,21,18,-500,384,9.5,10.0,47.5,47.5,2017-18
2017-09-10,Indianapolis,LARams,9,46,163,-190,3.0,3.5,47.0,41.5,2017-18
2017-09-10,Seattle,GreenBay,9,17,125,-145,3.0,2.5,49.0,50.0,2017-18
2017-09-10,Carolina,SanFrancisco,23,3,-230,192,3.5,4.0,48.0,44.5,2017-18
2017-09-10,NYGiants,Dallas,3,19,231,-281,6.5,6.0,49.0,46.0,2017-18
2017-09-11,NewOrleans,Minnesota,19,29,156,-181,3.5,3.0,47.5,47.5,2017-18
2017-09-11,LAChargers,Denver,21,24,124,-144,3.5,3.0,44.0,41.5,2017-18
2017-09-14,Houston,Cincinnati,13,9,199,-240,3.0,5.0,38.5,38.5,2017-18
2017-09-17,Tennessee,Jacksonville,37,16,-125,105,0.0,1.0,43.5,41.0,2017-18
2017-09-17,Cleveland,Baltimore,10,24,299,-375,7.0,7.5,41.0,39.5,2017-18
2017-09-17,Buffalo,Carolina,3,9,216,-261,7.0,6.0,42.5,43.5,2017-18
2017-09-17,NewEngland,NewOrleans,36,20,-263,216,4.5,5.5,54.0,54.5,2017-18
2017-09-17,Arizona,Indianapolis,16,13,-310,252,7.5,6.5,44.5,44.0,2017-18
2017-09-17,Philadelphia,KansasCity,20,27,170,-200,4.5,4.0,47.5,46.5,2017-18
2017-09-17,Minnesota,Pittsburgh,9,26,296,-370,7.0,8.0,45.5,43.5,2017-18
2017-09-17,Chicago,TampaBay,7,29,249,-305,6.0,7.0,43.0,44.0,2017-18
2017-09-17,Miami,LAChargers,19,17,166,-195,5.0,3.5,45.5,46.0,2017-18
2017-09-17,NYJets,Oakland,20,45,664,-1000,13.5,14.0,43.5,43.5,2017-18
2017-09-17,Washington,LARams,27,20,130,-150,2.5,3.0,46.0,46.5,2017-18
2017-09-17,Dallas,Denver,17,42,-141,121,1.5,2.5,42.5,43.5,2017-18
2017-09-17,SanFrancisco,Seattle,9,12,665,-1002,13.0,13.5,43.5,41.0,2017-18
2017-09-17,GreenBay,Atlanta,23,34,156,-180,3.0,3.0,53.5,54.5,2017-18
2017-09-18,Detroit,NYGiants,24,10,148,-170,4.5,3.0,43.5,42.5,2017-18
2017-09-21,LARams,SanFrancisco,41,39,-148,128,2.5,3.0,42.0,40.5,2017-18
2017-09-24,Baltimore,Jacksonville,7,44,-180,150,4.0,3.0,40.5,38.0,2017-18
2017-09-24,Cleveland,Indianapolis,28,31,-120,100,2.5,1.0,41.0,42.5,2017-18
2017-09-24,Pittsburgh,Chicago,17,23,-350,275,8.0,7.0,46.0,43.5,2017-18
2017-09-24,Miami,NYJets,6,20,-250,200,6.5,5.5,41.0,43.0,2017-18
2017-09-24,Denver,Buffalo,16,26,-190,160,1.0,3.5,41.0,39.5,2017-18
2017-09-24,Houston,NewEngland,33,36,800,-1400,12.0,13.5,44.0,44.5,2017-18
2017-09-24,NewOrleans,Carolina,34,13,210,-260,6.0,5.5,49.0,46.5,2017-18
2017-09-24,TampaBay,Minnesota,17,34,-110,-110,1.5,0.0,40.5,41.0,2017-18
2017-09-24,Atlanta,Detroit,30,26,-160,140,3.0,3.0,49.0,51.0,2017-18
2017-09-24,NYGiants,Philadelphia,24,27,190,-240,5.5,5.0,43.0,42.5,2017-18
2017-09-24,Seattle,Tennessee,27,33,110,-130,1.0,2.0,44.0,41.0,2017-18
2017-09-24,KansasCity,LAChargers,24,10,-150,130,3.5,3.0,45.5,48.0,2017-18
2017-09-24,Cincinnati,GreenBay,24,27,300,-400,9.0,7.0,45.5,48.0,2017-18
2017-09-24,Oakland,Washington,10,27,-200,170,3.5,3.5,53.5,53.5,2017-18
2017-09-25,Dallas,Arizona,28,17,-155,135,3.5,3.0,47.5,46.5,2017-18
2017-09-28,Chicago,GreenBay,14,35,317,-400,7.5,7.0,45.5,44.5,2017-18
2017-10-01,NewOrleans,Miami,20,0,-210,175,2.0,4.0,50.0,52.0,2017-18
2017-10-01,Carolina,NewEngland,33,30,400,-550,8.0,9.5,47.0,48.0,2017-18
2017-10-01,LARams,Dallas,35,30,210,-260,8.0,5.5,46.0,50.5,2017-18
2017-10-01,Detroit,Minnesota,14,7,130,-150,1.0,2.5,43.5,43.0,2017-18
2017-10-01,Tennessee,Houston,14,57,-140,120,1.0,2.5,44.0,43.5,2017-18
2017-10-01,Jacksonville,NYJets,20,23,-230,185,3.5,4.5,40.0,38.5,2017-18
2017-10-01,Cincinnati,Cleveland,31,7,-185,155,4.0,3.0,40.0,41.5,2017-18
2017-10-01,Pittsburgh,Baltimore,26,9,-190,160,2.0,3.5,45.0,42.0,2017-18
2017-10-01,Buffalo,Atlanta,23,17,340,-440,8.0,9.0,49.0,48.0,2017-18
2017-10-01,NYGiants,TampaBay,23,25,120,-140,4.0,2.5,43.5,45.5,2017-18
2017-10-01,Philadelphia,LAChargers,26,24,110,-130,1.0,2.0,46.5,48.0,2017-18
2017-10-01,SanFrancisco,Arizona,15,18,230,-280,7.0,6.5,44.5,43.5,2017-18
2017-10-01,Oakland,Denver,10,16,175,-210,2.5,4.0,47.0,44.0,2017-18
2017-10-01,Indianapolis,Seattle,18,46,650,-1000,13.0,12.5,41.0,41.5,2017-18
2017-10-02,Washington,KansasCity,20,29,241,-295,7.0,6.5,49.0,47.5,2017-18
2017-10-05,NewEngland,TampaBay,19,14,-193,165,4.0,3.5,54.0,54.5,2017-18
2017-10-08,LAChargers,NYGiants,27,22,150,-180,3.0,3.0,43.5,45.5,2017-18
2017-10-08,Buffalo,Cincinnati,16,20,145,-170,1.0,3.0,38.5,39.0,2017-18
2017-10-08,NYJets,Cleveland,17,14,-125,105,1.0,1.5,39.5,41.0,2017-18
2017-10-08,Jacksonville,Pittsburgh,30,9,280,-360,8.5,7.0,44.5,41.5,2017-18
2017-10-08,Tennessee,Miami,10,16,100,-120,3.0,1.0,43.5,41.5,2017-18
2017-10-08,SanFrancisco,Indianapolis,23,26,100,-120,1.5,1.0,43.0,43.5,2017-18
2017-10-08,Arizona,Philadelphia,7,34,240,-300,6.0,6.5,45.5,44.5,2017-18
2017-10-08,Carolina,Detroit,27,24,110,-130,3.0,2.0,43.5,42.0,2017-18
2017-10-08,Seattle,LARams,16,10,110,-130,1.0,2.0,46.0,46.5,2017-18
2017-10-08,Baltimore,Oakland,30,17,130,-150,0.0,3.0,40.0,40.5,2017-18
2017-10-08,GreenBay,Dallas,35,31,120,-140,2.5,2.5,53.5,52.5,2017-18
2017-10-08,KansasCity,Houston,42,34,-130,110,0.0,2.0,47.0,45.5,2017-18
2017-10-09,Minnesota,Chicago,20,17,-184,158,0.0,3.5,40.5,41.0,2017-18
2017-10-12,Philadelphia,Carolina,28,23,131,-151,3.0,3.0,45.0,43.5,2017-18
2017-10-15,Cleveland,Houston,17,33,299,-375,9.0,7.5,44.0,46.0,2017-18
2017-10-15,NewEngland,NYJets,24,17,-460,358,9.5,9.0,47.0,48.5,2017-18
2017-10-15,Miami,Atlanta,20,17,664,-1000,10.0,14.0,47.5,46.0,2017-18
2017-10-15,Detroit,NewOrleans,38,52,195,-235,3.0,5.0,51.0,50.0,2017-18
2017-10-15,GreenBay,Minnesota,10,23,-155,135,3.5,3.0,47.0,46.5,2017-18
2017-10-15,Chicago,Baltimore,27,24,184,-220,7.0,5.0,40.0,39.5,2017-18
2017-10-15,SanFrancisco,Washington,24,26,450,-605,10.0,11.0,46.5,46.0,2017-18
2017-10-15,LARams,Jacksonville,27,17,-107,-113,0.0,1.0,44.0,42.0,2017-18
2017-10-15,TampaBay,Arizona,33,38,-143,123,2.0,2.5,44.5,46.0,2017-18
2017-10-15,Pittsburgh,KansasCity,19,13,160,-185,4.0,3.0,47.0,46.0,2017-18
2017-10-15,LAChargers,Oakland,17,16,144,-165,4.0,3.0,51.0,47.5,2017-18
2017-10-15,NYGiants,Denver,23,10,575,-825,10.0,13.5,41.0,37.5,2017-18
2017-10-16,Indianapolis,Tennessee,22,36,238,-291,8.0,6.5,49.0,46.5,2017-18
2017-10-19,KansasCity,Oakland,30,31,-155,135,3.0,3.0,47.5,46.0,2017-18
2017-10-22,Tennessee,Cleveland,12,9,-270,220,5.0,6.0,46.5,42.5,2017-18
2017-10-22,Jacksonville,Indianapolis,27,0,-165,142,3.0,3.0,44.5,41.5,2017-18
2017-10-22,Cincinnati,Pittsburgh,14,29,180,-220,6.0,4.0,41.0,40.0,2017-18
2017-10-22,Baltimore,Minnesota,16,24,205,-255,4.5,5.0,39.5,37.5,2017-18
2017-10-22,NYJets,Miami,28,31,142,-165,3.5,3.0,38.5,39.5,2017-18
2017-10-22,TampaBay,Buffalo,27,30,150,-180,3.0,3.0,44.0,46.0,2017-18
2017-10-22,Carolina,Chicago,3,17,-155,135,4.0,3.0,41.0,39.5,2017-18
2017-10-22,NewOrleans,GreenBay,26,17,-200,170,5.5,4.0,48.0,45.5,2017-18
2017-10-22,Arizona,LARams,0,33,145,-170,3.0,3.0,47.5,45.5,2017-18
2017-10-22,Dallas,SanFrancisco,40,10,-300,240,6.0,6.5,47.0,48.5,2017-18
2017-10-22,Seattle,NYGiants,24,7,-210,175,7.0,4.0,39.0,38.5,2017-18
2017-10-22,Denver,LAChargers,0,21,-120,100,1.0,1.0,43.5,41.0,2017-18
2017-10-22,Atlanta,NewEngland,7,23,125,-145,4.5,3.0,53.5,57.0,2017-18
2017-10-23,Washington,Philadelphia,24,34,200,-250,5.0,5.0,48.5,48.5,2017-18
2017-10-26,Miami,Baltimore,0,40,135,-155,3.0,3.0,38.0,38.0,2017-18
2017-10-29,Minnesota,Cleveland,33,16,-550,416,8.5,11.0,37.5,38.0,2017-18
2017-10-29,Chicago,NewOrleans,12,20,310,-390,9.0,7.5,50.0,46.0,2017-18
2017-10-29,Atlanta,NYJets,25,20,-306,249,4.5,6.5,47.0,44.0,2017-18
2017-10-29,Carolina,TampaBay,17,3,107,-127,2.5,1.5,44.0,46.0,2017-18
2017-10-29,SanFrancisco,Philadelphia,10,33,588,-850,13.0,13.0,47.5,45.0,2017-18
2017-10-29,Oakland,Buffalo,14,34,111,-131,3.0,2.5,44.5,47.0,2017-18
2017-10-29,Indianapolis,Cincinnati,23,24,416,-550,10.0,11.0,41.0,44.0,2017-18
2017-10-29,LAChargers,NewEngland,13,21,250,-306,7.0,6.5,49.0,49.0,2017-18
2017-10-29,Houston,Seattle,38,41,235,-286,6.0,6.0,43.0,45.0,2017-18
2017-10-29,Dallas,Washington,33,19,-166,145,0.0,3.0,50.5,46.0,2017-18
2017-10-29,Pittsburgh,Detroit,20,15,-176,152,3.0,3.0,44.5,44.5,2017-18
2017-10-30,Denver,KansasCity,19,29,274,-340,7.5,7.0,44.0,42.0,2017-18
2017-11-02,Buffalo,NYJets,21,34,-185,155,3.5,3.0,42.0,42.5,2017-18
2017-11-05,Denver,Philadelphia,23,51,260,-330,7.5,7.0,44.0,41.0,2017-18
2017-11-05,LARams,NYGiants,51,17,-270,220,4.0,6.0,43.5,42.5,2017-18
2017-11-05,TampaBay,NewOrleans,10,30,260,-330,7.0,7.0,50.0,54.5,2017-18
2017-11-05,Cincinnati,Jacksonville,7,23,210,-260,3.5,5.5,39.5,38.0,2017-18
2017-11-05,Atlanta,Carolina,17,20,-155,135,1.5,3.0,44.0,42.0,2017-18
2017-11-05,Indianapolis,Houston,20,14,210,-260,13.0,6.0,48.0,45.0,2017-18
2017-11-05,Baltimore,Tennessee,20,23,140,-160,4.0,3.0,43.0,41.0,2017-18
2017-11-05,Arizona,SanFrancisco,20,10,-135,115,1.0,2.5,39.0,39.0,2017-18
2017-11-05,Washington,Seattle,17,14,350,-450,7.0,8.5,45.0,44.5,2017-18
2017-11-05,KansasCity,Dallas,17,28,120,-140,1.0,2.5,48.5,53.0,2017-18
2017-11-05,Oakland,Miami,27,24,-170,145,2.5,3.0,43.5,44.0,2017-18
2017-11-06,Detroit,GreenBay,30,17,-140,120,2.0,2.5,43.0,42.5,2017-18
2017-11-09,Seattle,Arizona,22,16,-280,230,6.5,6.0,43.0,40.5,2017-18
2017-11-12,Minnesota,Washington,38,30,-115,-105,2.5,1.0,43.0,42.0,2017-18
2017-11-12,GreenBay,Chicago,23,16,190,-240,5.0,5.0,38.0,37.5,2017-18
2017-11-12,Pittsburgh,Indianapolis,20,17,-600,425,10.0,11.0,43.0,46.5,2017-18
2017-11-12,LAChargers,Jacksonville,17,20,190,-240,4.0,4.5,41.5,40.5,2017-18
2017-11-12,NYJets,TampaBay,10,15,100,-120,0.0,1.0,41.0,44.5,2017-18
2017-11-12,Cincinnati,Tennessee,20,24,185,-230,4.0,5.0,40.5,40.5,2017-18
2017-11-12,NewOrleans,Buffalo,47,10,-135,115,2.5,2.0,48.5,48.0,2017-18
2017-11-12,Cleveland,Detroit,24,38,375,-500,12.0,10.0,44.0,42.5,2017-18
2017-11-12,Houston,LARams,7,33,450,-650,10.0,13.0,47.0,45.5,2017-18
2017-11-12,Dallas,Atlanta,7,27,170,-200,3.0,3.5,50.5,49.5,2017-18
2017-11-12,NYGiants,SanFrancisco,21,31,-160,140,1.0,3.0,42.0,41.5,2017-18
2017-11-12,NewEngland,Denver,41,16,-340,270,7.0,7.0,46.5,44.5,2017-18
2017-11-13,Miami,Carolina,21,45,318,-401,9.0,8.0,39.5,38.5,2017-18
2017-11-16,Tennessee,Pittsburgh,17,40,275,-350,7.0,7.0,43.5,44.5,2017-18
2017-11-19,Detroit,Chicago,27,24,-170,145,3.0,3.0,44.0,40.5,2017-18
2017-11-19,KansasCity,NYGiants,9,12,-450,350,12.5,10.0,44.0,45.0,2017-18
2017-11-19,TampaBay,Miami,30,20,-125,105,1.5,1.5,43.5,44.0,2017-18
2017-11-19,Baltimore,GreenBay,23,0,-135,115,2.5,2.5,38.0,38.5,2017-18
2017-11-19,LARams,Minnesota,7,24,110,-130,1.5,2.0,46.0,46.5,2017-18
2017-11-19,Arizona,Houston,21,31,115,-135,0.0,2.5,39.0,38.5,2017-18
2017-11-19,Jacksonville,Cleveland,19,7,-340,270,9.0,7.0,38.0,37.0,2017-18
2017-11-19,Washington,NewOrleans,31,34,350,-450,8.0,9.0,49.0,53.0,2017-18
2017-11-19,Buffalo,LAChargers,24,54,250,-310,3.5,7.0,44.0,41.5,2017-18
2017-11-19,Cincinnati,Denver,20,17,130,-150,2.5,2.5,40.0,38.0,2017-18
2017-11-19,NewEngland,Oakland,33,8,-330,260,5.0,7.0,50.0,55.5,2017-18
2017-11-19,Philadelphia,Dallas,37,9,-270,220,3.5,6.5,47.0,48.5,2017-18
2017-11-20,Atlanta,Seattle,34,31,-120,100,3.0,1.0,45.0,46.0,2017-18
2017-11-23,Minnesota,Detroit,30,23,-145,125,0.0,2.5,44.5,45.5,2017-18
2017-11-23,LAChargers,Dallas,28,6,-115,-105,1.0,1.0,48.0,46.0,2017-18
2017-11-23,NYGiants,Washington,10,20,295,-390,7.5,7.0,44.5,44.0,2017-18
2017-11-26,Cleveland,Cincinnati,16,30,300,-400,9.0,7.5,38.0,39.0,2017-18
2017-11-26,Chicago,Philadelphia,3,31,750,-1200,13.0,13.5,44.0,43.0,2017-18
2017-11-26,Miami,NewEngland,17,35,1000,-2000,17.0,16.5,47.0,49.0,2017-18
2017-11-26,Buffalo,KansasCity,16,10,320,-420,10.0,9.0,47.0,46.5,2017-18
2017-11-26,TampaBay,Atlanta,20,34,450,-650,10.0,10.0,48.0,47.0,2017-18
2017-11-26,Carolina,NYJets,35,27,-260,210,4.0,6.0,39.5,39.5,2017-18
2017-11-26,Tennessee,Indianapolis,20,16,-180,150,3.0,3.0,46.0,46.5,2017-18
2017-11-26,Seattle,SanFrancisco,24,13,-310,250,7.0,6.5,43.0,45.0,2017-18
2017-11-26,NewOrleans,LARams,20,26,130,-150,2.5,2.5,53.5,54.0,2017-18
2017-11-26,Jacksonville,Arizona,24,27,-270,220,5.0,6.5,38.0,36.5,2017-18
2017-11-26,Denver,Oakland,14,21,180,-220,5.0,4.0,44.0,41.0,2017-18
2017-11-26,GreenBay,Pittsburgh,28,31,750,-1200,13.5,14.0,41.5,43.0,2017-18
2017-11-27,Houston,Baltimore,16,23,310,-390,7.0,7.5,38.0,39.5,2017-18
2017-11-30,Washington,Dallas,14,38,-127,107,1.0,2.0,44.0,47.0,2017-18
2017-12-03,Detroit,Baltimore,20,44,120,-140,2.5,2.5,43.0,43.5,2017-18
2017-12-03,SanFrancisco,Chicago,15,14,120,-140,2.5,2.5,42.0,42.0,2017-18
2017-12-03,Minnesota,Atlanta,14,9,110,-130,2.0,2.0,48.5,48.5,2017-18
2017-12-03,NewEngland,Buffalo,23,3,-410,310,7.5,8.0,48.5,49.0,2017-18
2017-12-03,Denver,Miami,9,35,-125,105,1.0,1.5,41.0,41.0,2017-18
2017-12-03,Houston,Tennessee,13,24,260,-330,7.0,7.0,42.5,42.0,2017-18
2017-12-03,Indianapolis,Jacksonville,10,30,375,-500,10.0,10.0,41.0,41.0,2017-18
2017-12-03,TampaBay,GreenBay,20,26,145,-170,3.0,3.0,45.0,45.5,2017-18
2017-12-03,KansasCity,NYJets,31,38,-220,180,3.5,4.0,44.0,44.0,2017-18
2017-12-03,Carolina,NewOrleans,21,31,220,-270,5.5,6.0,48.0,48.0,2017-18
2017-12-03,Cleveland,LAChargers,10,19,700,-1100,13.5,13.5,45.0,44.5,2017-18
2017-12-03,LARams,Arizona,32,16,-340,270,7.5,7.0,43.0,43.0,2017-18
2017-12-03,NYGiants,Oakland,17,24,360,-470,10.0,9.5,43.0,42.5,2017-18
2017-12-03,Philadelphia,Seattle,10,24,-220,180,3.5,4.0,46.5,46.5,2017-18
2017-12-04,Pittsburgh,Cincinnati,23,20,-220,190,5.5,4.5,43.0,42.5,2017-18
2017-12-07,NewOrleans,Atlanta,17,20,115,-135,2.0,2.5,55.0,51.5,2017-18
2017-12-10,Detroit,TampaBay,24,21,-110,-110,0.0,0.0,48.0,48.0,2017-18
2017-12-10,Chicago,Cincinnati,33,7,215,-265,5.5,6.0,37.0,40.0,2017-18
2017-12-10,Indianapolis,Buffalo,7,13,160,-190,0.0,3.5,13.5,36.5,2017-18
2017-12-10,Seattle,Jacksonville,24,30,125,-145,3.5,2.5,39.5,41.0,2017-18
2017-12-10,Oakland,KansasCity,15,26,185,-230,4.5,4.5,47.5,48.5,2017-18
2017-12-10,Minnesota,Carolina,24,31,-135,115,1.0,2.5,42.0,40.5,2017-18
2017-12-10,GreenBay,Cleveland,27,21,-140,120,4.0,2.5,39.5,37.5,2017-18
2017-12-10,SanFrancisco,Houston,26,16,110,-130,1.0,2.0,43.0,45.0,2017-18
2017-12-10,Washington,LAChargers,13,30,235,-290,7.0,6.0,46.0,46.5,2017-18
2017-12-10,NYJets,Denver,0,23,-115,-105,1.0,1.0,40.5,40.5,2017-18
2017-12-10,Tennessee,Arizona,7,12,-150,130,3.5,3.0,44.5,42.0,2017-18
2017-12-10,Philadelphia,LARams,43,35,-125,105,1.0,2.0,51.0,47.5,2017-18
2017-12-10,Dallas,NYGiants,30,10,-210,175,6.0,3.5,41.0,42.0,2017-18
2017-12-10,Baltimore,Pittsburgh,38,39,220,-270,6.0,6.0,44.0,43.5,2017-18
2017-12-11,NewEngland,Miami,20,27,-600,425,12.0,10.5,48.5,48.0,2017-18
2017-12-14,Denver,Indianapolis,25,13,-145,125,1.5,3.0,41.5,40.5,2017-18
2017-12-16,Chicago,Detroit,10,20,190,-240,7.0,5.0,44.0,43.5,2017-18
2017-12-16,LAChargers,KansasCity,13,30,-110,-110,1.0,0.0,46.0,47.0,2017-18
2017-12-17,Philadelphia,NYGiants,34,29,-400,300,8.0,7.5,40.0,41.0,2017-18
2017-12-17,GreenBay,Carolina,24,31,130,-150,2.0,3.0,44.5,46.5,2017-18
2017-12-17,Cincinnati,Minnesota,7,34,600,-900,10.0,13.0,41.0,42.5,2017-18
2017-12-17,Miami,Buffalo,16,24,160,-190,4.0,3.5,38.5,40.0,2017-18
2017-12-17,Houston,Jacksonville,7,45,425,-600,13.0,10.5,40.0,39.5,2017-18
2017-12-17,NYJets,NewOrleans,19,31,950,-1800,15.0,15.5,47.0,47.0,2017-18
2017-12-17,Arizona,Washington,15,20,180,-220,6.0,4.0,44.0,40.0,2017-18
2017-12-17,Baltimore,Cleveland,27,10,-310,250,9.0,6.5,40.0,42.5,2017-18
2017-12-17,LARams,Seattle,42,7,-110,-110,1.5,0.0,48.0,47.5,2017-18
2017-12-17,NewEngland,Pittsburgh,27,24,-135,115,3.0,2.5,53.0,53.0,2017-18
2017-12-17,Tennessee,SanFrancisco,23,25,115,-135,1.0,2.0,44.5,44.5,2017-18
2017-12-17,Dallas,Oakland,20,17,-160,140,0.0,3.0,45.0,46.5,2017-18
2017-12-18,Atlanta,TampaBay,24,21,-350,275,5.0,7.0,47.5,49.5,2017-18
2017-12-23,Indianapolis,Baltimore,16,23,700,-1100,13.5,13.5,41.0,41.0,2017-18
2017-12-23,Minnesota,GreenBay,16,0,-450,350,9.0,8.5,42.0,41.0,2017-18
2017-12-24,Detroit,Cincinnati,17,26,-175,148,3.5,3.0,43.5,43.5,2017-18
2017-12-24,LAChargers,NYJets,14,7,-360,280,7.0,7.0,42.5,42.5,2017-18
2017-12-24,LARams,Tennessee,27,23,-240,190,7.0,5.5,49.0,46.0,2017-18
2017-12-24,Cleveland,Chicago,3,20,190,-240,7.0,5.5,38.5,36.5,2017-18
2017-12-24,TampaBay,Carolina,19,22,400,-550,10.0,10.0,46.5,47.0,2017-18
2017-12-24,Atlanta,NewOrleans,13,23,200,-250,5.5,5.5,53.0,51.5,2017-18
2017-12-24,Denver,Washington,11,27,145,-170,4.0,3.0,42.0,38.5,2017-18
2017-12-24,Miami,KansasCity,13,29,450,-650,10.0,11.0,45.0,43.5,2017-18
2017-12-24,Buffalo,NewEngland,16,37,450,-650,13.0,11.0,47.0,47.5,2017-18
2017-12-24,Jacksonville,SanFrancisco,33,44,-210,175,5.5,4.0,42.5,43.0,2017-18
2017-12-24,NYGiants,Arizona,0,23,155,-185,4.5,3.0,40.5,39.5,2017-18
2017-12-24,Seattle,Dallas,21,12,190,-240,4.5,4.5,47.0,47.5,2017-18
2017-12-25,Pittsburgh,Houston,34,6,-475,365,10.0,9.0,44.0,45.5,2017-18
2017-12-25,Oakland,Philadelphia,10,19,415,-565,9.0,10.0,48.5,45.5,2017-18
2017-12-31,Cincinnati,Baltimore,31,27,350,-450,10.0,8.0,41.0,39.0,2017-18
2017-12-31,GreenBay,Detroit,11,35,300,-400,7.5,7.5,42.5,45.0,2017-18
2017-12-31,Buffalo,Miami,22,16,-150,130,2.5,2.5,42.0,42.0,2017-18
2017-12-31,Carolina,Atlanta,10,22,210,-260,3.0,5.0,47.0,44.5,2017-18
2017-12-31,NewOrleans,TampaBay,24,31,-320,255,7.5,6.0,50.0,49.0,2017-18
2017-12-31,Jacksonville,Tennessee,10,15,135,-155,3.0,2.5,41.0,40.5,2017-18
2017-12-31,NYJets,NewEngland,6,26,1200,-3000,16.0,16.0,46.0,43.5,2017-18
2017-12-31,Houston,Indianapolis,13,22,210,-260,4.0,5.5,41.0,41.5,2017-18
2017-12-31,Cleveland,Pittsburgh,24,28,178,-215,14.0,5.0,41.0,37.5,2017-18
2017-12-31,Washington,NYGiants,10,18,-240,190,3.0,5.0,40.0,41.0,2017-18
2017-12-31,Chicago,Minnesota,10,23,650,-1000,12.5,13.0,40.0,38.5,2017-18
2017-12-31,Dallas,Philadelphia,6,0,-210,175,2.0,4.0,43.0,41.0,2017-18
2017-12-31,Oakland,LAChargers,10,30,270,-340,9.0,7.0,44.0,43.0,2017-18
2017-12-31,Arizona,Seattle,26,24,320,-420,10.0,8.0,41.0,38.0,2017-18
2017-12-31,KansasCity,Denver,27,24,145,-170,3.0,3.0,41.0,37.5,2017-18
2017-12-31,SanFrancisco,LARams,34,13,-300,240,3.5,6.5,46.0,43.5,2017-18
2018-01-06,Tennessee,KansasCity,22,21,350,-450,7.5,8.5,45.0,44.0,2017-18
2018-01-06,Atlanta,LARams,26,13,210,-260,4.0,6.0,49.5,48.5,2017-18
2018-01-07,Buffalo,Jacksonville,3,10,330,-430,7.5,8.5,41.0,40.0,2017-18
2018-01-07,Carolina,NewOrleans,26,31,250,-310,5.5,6.5,48.0,48.0,2017-18
2018-01-13,Atlanta,Philadelphia,10,15,-145,125,3.0,2.5,43.5,40.0,2017-18
2018-01-13,Tennessee,NewEngland,14,35,650,-1000,13.5,14.0,47.0,48.0,2017-18
2018-01-14,Jacksonville,Pittsburgh,45,42,280,-360,7.0,7.0,41.0,40.5,2017-18
2018-01-14,NewOrleans,Minnesota,24,29,200,-250,3.5,5.5,44.5,47.0,2017-18
2018-01-21,Jacksonville,NewEngland,20,24,275,-350,0.0,7.5,46.5,45.5,2017-18
2018-01-21,Minnesota,Philadelphia,7,38,-155,135,3.0,3.0,38.5,39.0,2017-18
2018-02-04,Philadelphia,NewEngland,41,33,170,-200,6.0,4.0,47.5,49.5,2017-18
2018-09-06,Atlanta,Philadelphia,12,18,-119,-101,4.0,0.0,46.5,44.0,2018-19
2018-09-09,Pittsburgh,Cleveland,21,21,-185,155,6.5,3.5,47.0,41.0,2018-19
2018-09-09,SanFrancisco,Minnesota,16,24,230,-280,4.5,6.0,47.0,46.0,2018-19
2018-09-09,Cincinnati,Indianapolis,34,23,-115,-105,1.0,1.0,47.0,47.5,2018-19
2018-09-09,Buffalo,Baltimore,3,47,290,-380,3.5,7.5,42.5,38.5,2018-19
2018-09-09,Jacksonville,NYGiants,20,15,-145,125,3.5,3.0,44.0,42.5,2018-19
2018-09-09,TampaBay,NewOrleans,48,40,400,-550,7.0,10.0,51.5,49.5,2018-19
2018-09-09,Houston,NewEngland,20,27,225,-275,6.5,6.0,51.0,49.5,2018-19
2018-09-09,Tennessee,Miami,20,27,-110,-110,2.5,0.0,46.5,43.5,2018-19
2018-09-09,KansasCity,LAChargers,38,28,160,-190,3.0,3.5,47.5,48.5,2018-19
2018-09-09,Seattle,Denver,24,27,160,-190,1.5,3.0,42.5,43.0,2018-19
2018-09-09,Dallas,Carolina,8,16,145,-170,2.5,3.0,44.0,42.0,2018-19
2018-09-09,Washington,Arizona,24,6,115,-135,0.0,2.0,44.0,43.5,2018-19
2018-09-09,Chicago,GreenBay,23,24,250,-310,8.5,7.0,47.5,45.0,2018-19
2018-09-10,NYJets,Detroit,48,17,280,-360,6.5,7.0,44.0,44.0,2018-19
2018-09-10,LARams,Oakland,33,13,-300,240,1.0,6.5,49.5,47.0,2018-19
2018-09-13,Baltimore,Cincinnati,23,34,-120,100,2.0,1.0,44.5,43.5,2018-19
2018-09-16,Indianapolis,Washington,21,9,210,-260,4.5,6.0,47.5,48.5,2018-19
2018-09-16,Carolina,Atlanta,24,31,190,-240,5.5,5.5,44.0,43.5,2018-19
2018-09-16,Minnesota,GreenBay,29,29,-125,105,2.0,1.5,47.0,44.5,2018-19
2018-09-16,LAChargers,Buffalo,31,20,-360,280,7.0,7.5,44.5,41.5,2018-19
2018-09-16,Houston,Tennessee,17,20,-200,170,2.5,3.5,45.0,40.5,2018-19
2018-09-16,KansasCity,Pittsburgh,42,37,180,-220,4.0,4.5,50.5,53.0,2018-19
2018-09-16,Miami,NYJets,20,12,145,-170,3.5,3.0,44.0,43.0,2018-19
2018-09-16,Philadelphia,TampaBay,21,27,-160,140,3.0,3.0,44.0,46.5,2018-19
2018-09-16,Cleveland,NewOrleans,18,21,400,-550,9.0,9.5,47.5,51.0,2018-19
2018-09-16,Arizona,LARams,0,34,650,-1000,13.0,12.0,46.5,43.5,2018-19
2018-09-16,Detroit,SanFrancisco,27,30,225,-275,5.5,6.0,47.0,48.5,2018-19
2018-09-16,NewEngland,Jacksonville,20,31,-125,105,2.5,1.5,45.0,44.5,2018-19
2018-09-16,Oakland,Denver,19,20,210,-260,6.0,6.0,45.0,44.5,2018-19
2018-09-16,NYGiants,Dallas,13,20,120,-140,3.5,2.5,43.5,42.0,2018-19
2018-09-17,Seattle,Chicago,17,24,190,-240,3.0,5.0,43.5,42.0,2018-19
2018-09-20,NYJets,Cleveland,17,21,170,-200,3.0,3.0,40.5,41.0,2018-19
2018-09-23,Indianapolis,Philadelphia,16,20,247,-302,6.5,6.5,48.0,45.0,2018-19
2018-09-23,Cincinnati,Carolina,21,31,130,-150,3.0,2.5,44.0,44.5,2018-19
2018-09-23,Tennessee,Jacksonville,9,6,390,-510,9.0,10.0,39.0,39.5,2018-19
2018-09-23,NewOrleans,Atlanta,43,37,111,-131,3.5,1.5,52.5,54.0,2018-19
2018-09-23,Denver,Baltimore,14,27,199,-240,4.5,5.5,44.0,46.0,2018-19
2018-09-23,NYGiants,Houston,27,22,230,-280,6.0,6.5,42.0,44.5,2018-19
2018-09-23,Oakland,Miami,20,28,127,-147,3.0,2.5,44.0,45.5,2018-19
2018-09-23,GreenBay,Washington,17,31,-142,122,3.0,2.0,47.5,46.0,2018-19
2018-09-23,Buffalo,Minnesota,27,6,948,-1703,16.0,17.0,41.5,41.0,2018-19
2018-09-23,SanFrancisco,KansasCity,27,38,230,-280,4.0,6.0,54.5,53.5,2018-19
2018-09-23,LAChargers,LARams,23,35,263,-325,7.0,7.0,48.0,49.5,2018-19
2018-09-23,Chicago,Arizona,16,14,-265,219,5.5,5.5,40.0,39.0,2018-19
2018-09-23,Dallas,Seattle,13,24,111,-130,1.0,1.5,41.5,40.0,2018-19
2018-09-23,NewEngland,Detroit,10,26,-313,254,6.5,7.0,50.0,56.0,2018-19
2018-09-24,Pittsburgh,TampaBay,30,27,100,-120,2.0,1.0,50.0,55.5,2018-19
2018-09-27,Minnesota,LARams,31,38,260,-330,7.0,7.0,47.0,49.0,2018-19
2018-09-30,Miami,NewEngland,7,38,250,-310,7.0,6.5,48.0,50.5,2018-19
2018-09-30,Houston,Indianapolis,37,34,-120,100,2.5,1.0,47.0,48.5,2018-19
2018-09-30,Cincinnati,Atlanta,37,36,160,-190,5.5,3.5,48.0,52.5,2018-19
2018-09-30,Buffalo,GreenBay,0,22,290,-380,11.0,9.0,44.0,44.0,2018-19
2018-09-30,Detroit,Dallas,24,26,120,-140,3.5,2.5,44.0,44.0,2018-19
2018-09-30,NYJets,Jacksonville,12,31,280,-360,9.0,7.0,38.0,40.5,2018-19
2018-09-30,TampaBay,Chicago,10,48,125,-145,3.0,2.5,47.0,45.5,2018-19
2018-09-30,Philadelphia,Tennessee,23,26,-150,130,3.0,3.0,42.0,41.0,2018-19
2018-09-30,Seattle,Arizona,20,17,-190,160,4.0,3.5,37.0,40.0,2018-19
2018-09-30,Cleveland,Oakland,42,45,120,-140,0.0,2.5,44.5,44.0,2018-19
2018-09-30,SanFrancisco,LAChargers,27,29,375,-500,9.5,10.0,47.0,46.5,2018-19
2018-09-30,NewOrleans,NYGiants,33,18,-180,150,4.0,3.0,49.0,52.0,2018-19
2018-09-30,Baltimore,Pittsburgh,26,14,142,-165,3.0,3.0,51.0,52.0,2018-19
2018-10-01,KansasCity,Denver,27,23,-185,155,5.0,3.5,55.0,53.5,2018-19
2018-10-04,Indianapolis,NewEngland,24,38,500,-700,10.0,11.0,53.0,49.5,2018-19
2018-10-07,Baltimore,Cleveland,9,12,-185,155,3.0,3.0,47.0,45.0,2018-19
2018-10-07,Jacksonville,KansasCity,14,30,135,-155,3.0,3.0,49.5,48.0,2018-19
2018-10-07,Tennessee,Buffalo,12,13,-300,240,4.0,6.5,39.5,38.0,2018-19
2018-10-07,NYGiants,Carolina,31,33,240,-300,6.5,6.5,44.0,43.5,2018-19
2018-10-07,Denver,NYJets,16,34,-110,-110,2.0,0.0,43.0,42.5,2018-19
2018-10-07,Atlanta,Pittsburgh,17,41,155,-185,3.0,3.5,56.0,57.5,2018-19
2018-10-07,GreenBay,Detroit,23,31,110,-130,1.0,1.5,51.0,50.0,2018-19
2018-10-07,Miami,Cincinnati,17,27,210,-260,6.0,6.0,50.0,48.0,2018-19
2018-10-07,Oakland,LAChargers,10,26,190,-240,7.5,5.5,51.0,52.0,2018-19
2018-10-07,Arizona,SanFrancisco,28,18,142,-165,5.5,3.0,41.0,40.5,2018-19
2018-10-07,Minnesota,Philadelphia,23,21,160,-190,3.0,3.5,44.5,48.5,2018-19
2018-10-07,LARams,Seattle,33,31,-360,280,7.0,7.5,48.0,50.5,2018-19
2018-10-07,Dallas,Houston,16,19,155,-185,3.0,3.5,45.5,45.5,2018-19
2018-10-08,Washington,NewOrleans,19,43,215,-265,6.5,6.0,51.0,52.5,2018-19
2018-10-11,Philadelphia,NYGiants,34,13,-137,117,2.5,2.0,45.0,45.0,2018-19
2018-10-14,Arizona,Minnesota,17,27,375,-500,10.5,9.5,43.0,43.5,2018-19
2018-10-14,LAChargers,Cleveland,38,14,-110,-110,2.0,0.0,46.5,47.0,2018-19
2018-10-14,Chicago,Miami,28,31,-350,275,2.0,7.0,43.5,40.5,2018-19
2018-10-14,Carolina,Washington,17,23,-125,105,1.0,1.5,45.5,44.5,2018-19
2018-10-14,Indianapolis,NYJets,34,42,125,-145,3.5,2.5,46.0,48.0,2018-19
2018-10-14,Pittsburgh,Cincinnati,28,21,100,-120,2.5,1.0,54.5,50.0,2018-19
2018-10-14,TampaBay,Atlanta,29,34,140,-160,3.5,3.0,57.0,57.5,2018-19
2018-10-14,Seattle,Oakland,27,3,-160,140,3.0,3.0,47.0,48.0,2018-19
2018-10-14,Buffalo,Houston,13,20,375,-500,9.5,10.0,41.0,40.0,2018-19
2018-10-14,LARams,Denver,23,20,-330,260,7.0,7.0,53.0,50.5,2018-19
2018-10-14,Jacksonville,Dallas,7,40,-170,145,1.5,3.0,41.5,39.5,2018-19
2018-10-14,Baltimore,Tennessee,21,0,-140,120,0.0,2.5,42.5,43.0,2018-19
2018-10-14,KansasCity,NewEngland,40,43,170,-200,3.0,4.0,58.0,59.5,2018-19
2018-10-15,SanFrancisco,GreenBay,30,33,377,-490,9.0,9.0,46.5,46.5,2018-19
2018-10-18,Denver,Arizona,45,10,-115,-105,2.5,1.0,40.5,42.5,2018-19
2018-10-21,Tennessee,LAChargers,19,20,240,-300,6.5,6.5,45.5,46.0,2018-19
2018-10-21,NewEngland,Chicago,38,31,-130,110,2.5,2.0,50.0,49.5,2018-19
2018-10-21,Cleveland,TampaBay,23,26,160,-190,3.0,3.5,49.5,52.5,2018-19
2018-10-21,Detroit,Miami,32,21,-190,160,2.5,3.0,47.0,47.0,2018-19
2018-10-21,Carolina,Philadelphia,21,17,200,-250,4.5,5.0,45.0,45.0,2018-19
2018-10-21,Buffalo,Indianapolis,5,37,250,-310,9.5,7.0,44.0,43.5,2018-19
2018-10-21,Cincinnati,KansasCity,10,45,240,-300,5.0,6.5,58.5,56.5,2018-19
2018-10-21,Minnesota,NYJets,37,17,-190,160,3.0,3.5,47.0,45.0,2018-19
2018-10-21,Houston,Jacksonville,20,7,160,-190,3.5,3.5,44.0,42.5,2018-19
2018-10-21,NewOrleans,Baltimore,24,23,125,-145,2.5,2.5,51.0,49.0,2018-19
2018-10-21,Dallas,Washington,17,20,-130,110,1.5,2.0,42.0,40.5,2018-19
2018-10-21,LARams,SanFrancisco,39,10,-450,350,10.0,9.0,52.0,52.0,2018-19
2018-10-22,NYGiants,Atlanta,20,23,199,-240,3.5,4.0,54.0,52.0,2018-19
2018-10-25,Miami,Houston,23,42,290,-380,7.0,7.5,45.5,45.0,2018-19
2018-10-28,Philadelphia,Jacksonville,24,18,-220,180,2.0,4.0,41.0,44.5,2018-19
2018-10-28,Cleveland,Pittsburgh,18,33,340,-440,7.5,8.0,50.5,47.5,2018-19
2018-10-28,Denver,KansasCity,23,30,330,-430,9.5,8.0,55.5,53.0,2018-19
2018-10-28,NYJets,Chicago,10,24,300,-400,7.0,8.0,46.0,42.0,2018-19
2018-10-28,Washington,NYGiants,20,13,-120,100,1.0,1.0,42.0,43.5,2018-19
2018-10-28,Seattle,Detroit,28,14,145,-170,3.0,3.0,49.0,48.0,2018-19
2018-10-28,TampaBay,Cincinnati,34,37,160,-190,4.5,3.5,53.5,54.5,2018-19
2018-10-28,Baltimore,Carolina,21,36,-150,130,1.0,3.0,43.5,44.0,2018-19
2018-10-28,Indianapolis,Oakland,42,28,-200,170,1.5,3.5,51.0,51.0,2018-19
2018-10-28,SanFrancisco,Arizona,15,18,-150,130,0.0,3.0,43.5,40.0,2018-19
2018-10-28,GreenBay,LARams,27,29,290,-380,10.0,7.5,56.0,57.0,2018-19
2018-10-28,NewOrleans,Minnesota,30,20,-140,120,1.5,2.5,53.0,54.0,2018-19
2018-10-29,NewEngland,Buffalo,25,6,-1200,750,13.5,14.0,44.5,44.0,2018-19
2018-11-01,Oakland,SanFrancisco,3,34,-130,110,2.5,1.5,46.0,44.0,2018-19
2018-11-04,Detroit,Minnesota,9,24,190,-240,5.5,5.0,48.5,47.0,2018-19
2018-11-04,KansasCity,Cleveland,37,21,-430,330,9.0,8.5,52.5,51.5,2018-19
2018-11-04,Pittsburgh,Baltimore,23,16,110,-130,2.5,1.5,47.0,47.0,2018-19
2018-11-04,TampaBay,Carolina,28,42,230,-280,6.5,6.0,55.0,56.0,2018-19
2018-11-04,NYJets,Miami,6,13,135,-155,2.5,3.0,43.5,43.0,2018-19
2018-11-04,Atlanta,Washington,38,14,105,-125,1.5,1.5,48.0,47.0,2018-19
2018-11-04,Chicago,Buffalo,41,9,-550,400,10.0,10.0,37.0,38.0,2018-19
2018-11-04,Houston,Denver,19,17,100,-120,1.0,1.0,45.5,46.5,2018-19
2018-11-04,LAChargers,Seattle,25,17,100,-120,0.0,1.0,47.0,49.0,2018-19
2018-11-04,LARams,NewOrleans,35,45,-135,115,2.5,2.0,58.5,57.5,2018-19
2018-11-04,GreenBay,NewEngland,17,31,175,-210,5.0,5.0,56.0,57.0,2018-19
2018-11-05,Tennessee,Dallas,28,14,190,-240,5.5,4.5,40.5,40.0,2018-19
2018-11-08,Carolina,Pittsburgh,21,52,170,-200,5.0,3.5,50.0,51.0,2018-19
2018-11-11,Buffalo,NYJets,41,10,250,-310,8.5,7.0,37.0,37.5,2018-19
2018-11-11,Atlanta,Cleveland,16,28,-250,200,3.5,5.5,51.0,49.5,2018-19
2018-11-11,NewOrleans,Cincinnati,51,14,-275,225,4.5,6.0,55.5,53.5,2018-19
2018-11-11,Washington,TampaBay,16,3,160,-190,0.0,3.5,51.5,51.0,2018-19
2018-11-11,NewEngland,Tennessee,10,34,-300,240,7.0,6.5,46.5,46.5,2018-19
2018-11-11,Miami,GreenBay,12,31,550,-800,9.0,13.0,47.5,49.0,2018-19
2018-11-11,Jacksonville,Indianapolis,26,29,140,-160,3.0,3.0,47.5,48.0,2018-19
2018-11-11,Detroit,Chicago,22,34,275,-350,6.5,7.0,47.0,45.0,2018-19
2018-11-11,Arizona,KansasCity,14,26,1000,-2000,17.0,15.5,50.0,49.5,2018-19
2018-11-11,LAChargers,Oakland,20,6,-600,425,10.0,10.0,50.0,50.5,2018-19
2018-11-11,Seattle,LARams,31,36,400,-550,9.5,9.5,51.5,51.0,2018-19
2018-11-11,Dallas,Philadelphia,27,20,300,-400,6.5,7.5,43.0,45.5,2018-19
2018-11-12,NYGiants,SanFrancisco,27,23,145,-170,3.0,3.0,44.0,45.0,2018-19
2018-11-15,GreenBay,Seattle,24,27,140,-160,2.5,3.0,49.5,49.0,2018-19
2018-11-18,Carolina,Detroit,19,20,-220,180,3.5,4.0,50.5,48.5,2018-19
2018-11-18,Dallas,Atlanta,22,19,170,-200,3.0,3.5,47.5,50.0,2018-19
2018-11-18,Cincinnati,Baltimore,21,24,240,-300,4.5,6.5,43.5,43.5,2018-19
2018-11-18,Minnesota,Chicago,20,25,120,-140,3.0,2.5,45.5,43.5,2018-19
2018-11-18,Philadelphia,NewOrleans,7,48,260,-330,9.0,7.0,54.5,57.5,2018-19
2018-11-18,Tennessee,Indianapolis,10,38,105,-125,3.0,1.5,48.0,50.0,2018-19
2018-11-18,Houston,Washington,23,21,-170,145,2.0,3.0,43.0,40.5,2018-19
2018-11-18,TampaBay,NYGiants,35,38,145,-170,2.0,3.0,52.0,54.0,2018-19
2018-11-18,Denver,LAChargers,23,22,275,-350,7.0,7.0,47.0,47.0,2018-19
2018-11-18,Oakland,Arizona,23,21,180,-220,3.0,4.5,41.0,41.0,2018-19
2018-11-18,Pittsburgh,Jacksonville,20,16,-210,175,6.0,4.0,47.5,47.0,2018-19
2018-11-19,KansasCity,LARams,51,54,150,-180,3.0,3.0,63.5,64.0,2018-19
2018-11-22,Chicago,Detroit,23,16,-170,145,4.0,3.0,46.5,43.0,2018-19
2018-11-22,Washington,Dallas,23,31,280,-360,9.0,7.0,41.0,40.0,2018-19
2018-11-22,Atlanta,NewOrleans,17,31,500,-700,12.0,12.5,59.0,61.5,2018-19
2018-11-25,Jacksonville,Buffalo,21,24,-170,145,4.0,3.0,38.0,36.5,2018-19
2018-11-25,Oakland,Baltimore,17,34,575,-850,11.0,13.0,43.5,42.0,2018-19
2018-11-25,SanFrancisco,TampaBay,9,27,105,-125,3.5,2.0,54.0,55.0,2018-19
2018-11-25,NYGiants,Philadelphia,22,25,190,-240,4.5,5.0,46.5,50.0,2018-19
2018-11-25,Cleveland,Cincinnati,35,20,-110,-110,3.0,0.0,48.0,47.0,2018-19
2018-11-25,NewEngland,NYJets,27,13,-800,550,9.0,12.5,47.0,46.5,2018-19
2018-11-25,Seattle,Carolina,30,27,140,-160,3.0,3.0,47.0,47.0,2018-19
2018-11-25,Miami,Indianapolis,24,27,340,-440,10.0,8.0,51.0,52.5,2018-19
2018-11-25,Arizona,LAChargers,10,45,700,-1100,11.0,14.0,44.0,43.5,2018-19
2018-11-25,Pittsburgh,Denver,17,24,-170,145,3.5,3.0,47.5,47.5,2018-19
2018-11-25,GreenBay,Minnesota,17,24,170,-200,3.5,3.5,48.5,48.5,2018-19
2018-11-26,Tennessee,Houston,17,34,170,-200,5.5,3.5,43.0,42.5,2018-19
2018-11-29,NewOrleans,Dallas,10,13,-400,300,7.5,7.5,54.5,51.5,2018-19
2018-12-02,Indianapolis,Jacksonville,0,6,-240,190,3.0,4.5,48.0,45.5,2018-19
2018-12-02,LAChargers,Pittsburgh,33,30,160,-190,3.5,3.0,52.5,53.5,2018-19
2018-12-02,Carolina,TampaBay,17,24,-190,160,3.0,3.5,56.0,52.0,2018-19
2018-12-02,Baltimore,Atlanta,26,16,135,-155,2.0,2.5,48.0,46.5,2018-19
2018-12-02,Cleveland,Houston,13,29,200,-250,6.5,5.0,48.0,48.0,2018-19
2018-12-02,Buffalo,Miami,17,21,160,-190,6.0,3.5,42.0,40.0,2018-19
2018-12-02,Chicago,NYGiants,27,30,-190,160,3.5,3.5,45.0,43.5,2018-19
2018-12-02,Denver,Cincinnati,24,10,-200,170,4.5,3.5,43.5,45.0,2018-19
2018-12-02,LARams,Detroit,30,16,-550,400,10.0,10.0,55.0,54.0,2018-19
2018-12-02,Arizona,GreenBay,20,17,600,-900,14.0,13.5,46.0,41.0,2018-19
2018-12-02,KansasCity,Oakland,40,33,-1100,700,15.0,14.0,56.0,53.5,2018-19
2018-12-02,NYJets,Tennessee,22,26,400,-550,10.0,9.5,40.0,40.5,2018-19
2018-12-02,Minnesota,NewEngland,10,24,220,-270,6.0,6.0,48.0,50.5,2018-19
2018-12-02,SanFrancisco,Seattle,16,43,425,-600,10.0,9.5,46.5,45.5,2018-19
2018-12-03,Washington,Philadelphia,13,28,220,-270,7.0,6.0,44.0,45.0,2018-19
2018-12-06,Jacksonville,Tennessee,9,30,200,-250,4.0,5.5,38.0,37.0,2018-19
2018-12-09,Baltimore,KansasCity,24,27,250,-310,7.5,7.0,49.0,49.0,2018-19
2018-12-09,Indianapolis,Houston,24,21,180,-220,5.5,4.0,49.0,49.0,2018-19
2018-12-09,Carolina,Cleveland,20,26,-120,100,1.0,1.0,46.5,48.0,2018-19
2018-12-09,Atlanta,GreenBay,20,34,160,-190,4.0,4.0,48.0,50.5,2018-19
2018-12-09,NewOrleans,TampaBay,28,14,-450,350,8.0,9.5,57.5,55.0,2018-19
2018-12-09,NYJets,Buffalo,27,23,180,-220,9.0,4.0,38.0,37.0,2018-19
2018-12-09,NewEngland,Miami,33,34,-450,350,9.0,9.0,48.0,49.5,2018-19
2018-12-09,LARams,Chicago,6,15,-155,135,3.0,3.0,54.0,50.5,2018-19
2018-12-09,NYGiants,Washington,40,16,-165,142,0.0,3.0,41.0,39.5,2018-19
2018-12-09,Denver,SanFrancisco,14,20,-160,140,4.5,3.0,44.0,45.0,2018-19
2018-12-09,Cincinnati,LAChargers,21,26,900,-1600,14.5,16.5,48.0,48.5,2018-19
2018-12-09,Detroit,Arizona,17,3,-145,125,1.5,2.5,41.5,40.5,2018-19
2018-12-09,Philadelphia,Dallas,23,29,150,-180,4.0,3.0,43.5,45.5,2018-19
2018-12-09,Pittsburgh,Oakland,21,24,-600,425,0.0,10.0,52.0,51.0,2018-19
2018-12-10,Minnesota,Seattle,7,21,142,-165,3.5,3.0,46.0,45.5,2018-19
2018-12-13,LAChargers,KansasCity,29,28,170,-200,3.0,3.5,56.5,54.5,2018-19
2018-12-15,Houston,NYJets,29,22,-350,275,7.0,7.0,42.5,44.5,2018-19
2018-12-15,Cleveland,Denver,17,16,105,-125,3.0,1.5,44.5,47.5,2018-19
2018-12-16,Miami,Minnesota,17,41,320,-420,7.0,8.0,43.0,45.5,2018-19
2018-12-16,Oakland,Cincinnati,16,30,145,-170,3.5,3.0,46.5,46.0,2018-19
2018-12-16,TampaBay,Baltimore,12,20,330,-430,8.0,9.0,47.5,44.5,2018-19
2018-12-16,Dallas,Indianapolis,0,23,155,-185,2.5,3.0,47.0,47.0,2018-19
2018-12-16,Detroit,Buffalo,13,14,130,-150,0.0,2.5,38.0,39.5,2018-19
2018-12-16,GreenBay,Chicago,17,24,200,-250,6.5,5.5,46.5,46.0,2018-19
2018-12-16,Tennessee,NYGiants,17,0,-145,125,2.0,2.5,44.0,42.0,2018-19
2018-12-16,Washington,Jacksonville,16,13,290,-380,6.5,7.5,36.0,36.5,2018-19
2018-12-16,Arizona,Atlanta,14,40,350,-450,9.0,9.0,44.0,43.5,2018-19
2018-12-16,Seattle,SanFrancisco,23,26,-220,180,6.5,4.0,44.5,44.0,2018-19
2018-12-16,NewEngland,Pittsburgh,10,17,-140,120,1.0,2.5,52.5,55.0,2018-19
2018-12-16,Philadelphia,LARams,30,23,600,-900,9.5,13.5,54.5,53.0,2018-19
2018-12-17,NewOrleans,Carolina,12,9,-270,220,6.5,6.0,54.0,50.0,2018-19
2018-12-22,Washington,Tennessee,16,25,500,-700,10.5,12.0,37.0,38.0,2018-19
2018-12-22,Baltimore,LAChargers,22,10,175,-210,4.5,4.0,45.0,43.0,2018-19
2018-12-23,TampaBay,Dallas,20,27,275,-350,7.0,7.0,46.0,48.0,2018-19
2018-12-23,Buffalo,NewEngland,12,24,700,-1100,13.0,14.0,45.5,45.5,2018-19
2018-12-23,Atlanta,Carolina,24,10,-145,125,3.0,2.5,47.5,46.5,2018-19
2018-12-23,Jacksonville,Miami,17,7,150,-180,5.0,3.0,39.5,39.0,2018-19
2018-12-23,NYGiants,Indianapolis,27,28,400,-550,9.0,9.5,47.0,48.0,2018-19
2018-12-23,Houston,Philadelphia,30,32,115,-135,1.5,2.5,45.0,47.0,2018-19
2018-12-23,Minnesota,Detroit,27,9,-310,250,5.0,6.5,43.0,41.5,2018-19
2018-12-23,GreenBay,NYJets,44,38,-160,140,3.5,3.0,46.0,47.0,2018-19
2018-12-23,Cincinnati,Cleveland,18,26,330,-430,7.0,9.5,46.0,43.5,2018-19
2018-12-23,LARams,Arizona,31,9,-900,600,14.0,14.0,47.5,44.0,2018-19
2018-12-23,Chicago,SanFrancisco,14,9,-200,170,5.0,3.5,44.0,43.5,2018-19
2018-12-23,Pittsburgh,NewOrleans,28,31,240,-300,5.5,6.5,52.0,54.0,2018-19
2018-12-23,KansasCity,Seattle,31,38,-120,100,2.5,1.0,54.0,54.5,2018-19
2018-12-24,Denver,Oakland,14,27,-140,120,3.0,2.5,45.0,42.5,2018-19
2018-12-30,Dallas,NYGiants,36,35,280,-360,3.0,7.5,43.5,38.0,2018-19
2018-12-30,Oakland,KansasCity,3,35,700,-1100,14.0,14.0,55.5,53.5,2018-19
2018-12-30,Carolina,NewOrleans,33,14,300,-400,9.0,8.0,44.5,41.5,2018-19
2018-12-30,NYJets,NewEngland,3,38,700,-1100,13.0,14.0,48.0,47.0,2018-19
2018-12-30,Philadelphia,Washington,24,0,-265,215,7.0,6.0,42.0,42.5,2018-19
2018-12-30,Detroit,GreenBay,31,0,300,-400,8.0,7.5,44.5,44.5,2018-19
2018-12-30,Jacksonville,Houston,3,20,300,-400,9.0,7.0,40.5,39.5,2018-19
2018-12-30,Cleveland,Baltimore,24,26,260,-330,6.0,7.0,41.5,40.5,2018-19
2018-12-30,Atlanta,TampaBay,34,32,-150,130,2.0,2.5,49.5,52.0,2018-19
2018-12-30,Miami,Buffalo,17,42,225,-275,3.0,5.5,38.0,39.5,2018-19
2018-12-30,Indianapolis,Tennessee,33,17,-240,190,2.5,5.0,44.0,42.5,2018-19
2018-12-30,Cincinnati,Pittsburgh,13,16,500,-700,14.5,13.5,48.0,45.5,2018-19
2018-12-30,Chicago,Minnesota,24,10,210,-260,4.0,6.0,41.5,40.0,2018-19
2018-12-30,LAChargers,Denver,23,9,-310,250,4.0,6.5,41.5,43.0,2018-19
2018-12-30,Arizona,Seattle,24,27,700,-1100,13.5,14.5,40.0,40.0,2018-19
2018-12-30,SanFrancisco,LARams,32,48,375,-500,10.5,10.5,50.5,50.5,2018-19
2019-01-05,Indianapolis,Houston,21,7,105,-125,2.0,1.5,47.0,49.0,2018-19
2019-01-05,Seattle,Dallas,22,24,135,-155,1.0,2.5,41.5,43.5,2018-19
2019-01-06,LAChargers,Baltimore,23,17,130,-150,3.0,3.0,41.5,42.0,2018-19
2019-01-06,Philadelphia,Chicago,16,15,240,-300,4.5,6.5,41.0,42.5,2018-19
2019-01-12,Indianapolis,KansasCity,13,31,175,-210,4.0,4.5,55.5,55.5,2018-19
2019-01-12,Dallas,LARams,22,30,275,-350,6.5,7.5,50.0,48.5,2018-19
2019-01-13,LAChargers,NewEngland,28,41,165,-185,5.0,3.5,47.5,47.5,2018-19
2019-01-13,Philadelphia,NewOrleans,14,20,350,-450,7.5,9.0,51.5,52.5,2018-19
2019-01-20,LARams,NewOrleans,26,23,145,-165,3.5,3.0,56.5,55.0,2018-19
2019-01-20,NewEngland,KansasCity,37,31,165,-185,3.0,3.5,58.5,56.0,2018-19
2019-02-03,NewEngland,LARams,13,3,-135,115,1.5,2.5,58.0,56.0,2018-19
2019-09-05,GreenBay,Chicago,10,3,140,-160,3.5,3.0,46.0,46.5,2019-20
2019-09-08,Atlanta,Minnesota,12,28,160,-190,4.5,3.5,47.5,46.5,2019-20
2019-09-08,Washington,Philadelphia,27,32,425,-600,8.0,10.0,46.5,44.0,2019-20
2019-09-08,Buffalo,NYJets,17,16,120,-140,3.5,2.5,38.5,41.0,2019-20
2019-09-08,Baltimore,Miami,59,10,-360,280,3.5,7.0,36.5,40.5,2019-20
2019-09-08,SanFrancisco,TampaBay,31,17,100,-120,1.0,1.0,48.5,51.0,2019-20
2019-09-08,KansasCity,Jacksonville,40,26,-190,160,5.0,3.5,52.5,49.0,2019-20
2019-09-08,Tennessee,Cleveland,43,13,215,-265,5.0,5.5,45.0,44.0,2019-20
2019-09-08,LARams,Carolina,30,27,-125,105,3.0,1.5,50.5,49.0,2019-20
2019-09-08,Detroit,Arizona,27,27,-150,130,0.0,3.0,48.5,46.0,2019-20
2019-09-08,Cincinnati,Seattle,20,21,375,-500,7.5,9.0,43.5,44.5,2019-20
2019-09-08,Indianapolis,LAChargers,24,30,240,-300,3.5,6.0,48.0,44.5,2019-20
2019-09-08,NYGiants,Dallas,17,35,270,-340,7.0,7.0,46.0,44.5,2019-20
2019-09-08,Pittsburgh,NewEngland,3,33,215,-265,6.0,5.5,51.5,49.0,2019-20
2019-09-09,Houston,NewOrleans,28,30,260,-330,7.5,6.5,54.0,52.0,2019-20
2019-09-09,Denver,Oakland,16,24,-155,135,3.0,3.0,43.0,42.5,2019-20
2019-09-12,TampaBay,Carolina,20,14,235,-290,6.0,6.5,51.0,48.0,2019-20
2019-09-15,Indianapolis,Tennessee,19,17,150,-180,3.0,3.0,44.0,43.5,2019-20
2019-09-15,LAChargers,Detroit,10,13,-110,-110,3.0,0.0,47.0,46.5,2019-20
2019-09-15,Buffalo,NYGiants,28,14,-120,100,0.0,1.0,43.0,44.5,2019-20
2019-09-15,Arizona,Baltimore,17,23,550,-800,12.0,13.0,41.5,46.0,2019-20
2019-09-15,NewEngland,Miami,43,0,-2500,1100,15.0,18.5,47.0,48.5,2019-20
2019-09-15,Dallas,Washington,31,21,-265,215,4.5,6.0,44.0,46.5,2019-20
2019-09-15,Jacksonville,Houston,12,13,280,-360,8.0,7.0,45.0,43.0,2019-20
2019-09-15,Seattle,Pittsburgh,28,26,180,-220,3.5,4.0,46.5,47.0,2019-20
2019-09-15,SanFrancisco,Cincinnati,41,17,-110,-110,1.0,0.0,45.0,46.5,2019-20
2019-09-15,Minnesota,GreenBay,16,21,140,-160,3.0,3.0,46.0,43.5,2019-20
2019-09-15,KansasCity,Oakland,28,10,-310,250,8.0,7.0,52.0,53.0,2019-20
2019-09-15,NewOrleans,LARams,9,27,105,-125,3.0,1.5,54.0,52.5,2019-20
2019-09-15,Chicago,Denver,16,14,-150,130,2.0,3.0,41.0,40.5,2019-20
2019-09-15,Philadelphia,Atlanta,20,24,-120,100,0.0,1.0,51.0,53.0,2019-20
2019-09-16,Cleveland,NYJets,23,3,-330,260,2.5,6.5,45.5,45.0,2019-20
2019-09-19,Tennessee,Jacksonville,7,20,-125,105,2.5,1.5,41.0,38.0,2019-20
2019-09-22,Denver,GreenBay,16,27,290,-380,7.0,7.0,43.5,41.0,2019-20
2019-09-22,Detroit,Philadelphia,27,24,180,-220,7.0,4.0,49.5,44.5,2019-20
2019-09-22,Baltimore,KansasCity,28,33,185,-230,5.0,4.5,51.5,52.0,2019-20
2019-09-22,Cincinnati,Buffalo,17,21,210,-260,4.0,6.0,40.5,43.0,2019-20
2019-09-22,Atlanta,Indianapolis,24,27,105,-125,2.5,1.5,48.0,48.0,2019-20
2019-09-22,Oakland,Minnesota,14,34,350,-450,7.0,9.0,43.0,43.5,2019-20
2019-09-22,NYJets,NewEngland,14,30,1400,-4000,21.5,21.0,45.5,43.0,2019-20
2019-09-22,Miami,Dallas,6,31,1500,-5000,17.0,22.5,47.0,46.5,2019-20
2019-09-22,NYGiants,TampaBay,32,31,200,-250,5.0,5.5,49.0,48.0,2019-20
2019-09-22,Carolina,Arizona,38,20,115,-135,3.5,2.0,43.5,45.5,2019-20
2019-09-22,NewOrleans,Seattle,33,27,200,-250,1.0,5.0,50.0,44.0,2019-20
2019-09-22,Houston,LAChargers,27,20,145,-170,3.5,3.0,49.0,49.5,2019-20
2019-09-22,Pittsburgh,SanFrancisco,20,24,240,-300,0.0,6.0,46.5,44.5,2019-20
2019-09-22,LARams,Cleveland,20,13,-220,180,2.5,4.5,51.0,48.0,2019-20
2019-09-23,Chicago,Washington,31,15,-240,190,4.0,4.5,42.5,41.0,2019-20
2019-09-26,Philadelphia,GreenBay,34,27,170,-200,3.0,3.5,48.0,46.5,2019-20
2019-09-29,Carolina,Houston,16,10,205,-255,4.0,5.5,47.0,47.5,2019-20
2019-09-29,Cleveland,Baltimore,40,25,300,-400,5.0,7.0,46.5,47.5,2019-20
2019-09-29,Washington,NYGiants,3,24,145,-170,1.5,3.0,46.0,48.0,2019-20
2019-09-29,LAChargers,Miami,30,10,-900,600,16.5,14.5,45.0,44.0,2019-20
2019-09-29,Oakland,Indianapolis,31,24,210,-260,6.5,5.5,44.0,46.5,2019-20
2019-09-29,KansasCity,Detroit,34,30,-400,300,6.0,7.5,53.0,54.5,2019-20
2019-09-29,NewEngland,Buffalo,16,10,-360,280,6.5,7.0,44.0,41.5,2019-20
2019-09-29,Tennessee,Atlanta,24,10,150,-180,4.5,3.0,46.5,46.0,2019-20
2019-09-29,TampaBay,LARams,55,40,375,-500,9.5,9.0,50.0,48.5,2019-20
2019-09-29,Seattle,Arizona,27,10,-260,210,3.5,5.5,46.0,49.0,2019-20
2019-09-29,Minnesota,Chicago,6,16,-110,-110,3.0,0.0,39.0,38.5,2019-20
2019-09-29,Jacksonville,Denver,26,24,125,-145,3.0,2.5,38.0,37.0,2019-20
2019-09-29,Dallas,NewOrleans,10,12,-150,130,3.0,2.5,45.0,47.0,2019-20
2019-09-30,Cincinnati,Pittsburgh,3,27,150,-180,4.5,3.5,43.5,44.5,2019-20
2019-10-03,LARams,Seattle,29,30,110,-130,2.0,1.5,48.0,48.0,2019-20
2019-10-06,Baltimore,Pittsburgh,26,23,-175,155,3.5,3.0,42.5,44.0,2019-20
2019-10-06,Chicago,Oakland,21,24,-330,260,7.0,7.0,41.0,40.0,2019-20
2019-10-06,Arizona,Cincinnati,26,23,135,-155,4.0,3.0,48.5,46.5,2019-20
2019-10-06,Jacksonville,Carolina,27,34,155,-185,4.0,3.0,42.0,40.5,2019-20
2019-10-06,Minnesota,NYGiants,28,10,-250,210,6.0,6.0,46.0,43.5,2019-20
2019-10-06,NewEngland,Washington,33,7,-1400,800,13.0,16.5,47.5,42.0,2019-20
2019-10-06,NYJets,Philadelphia,6,31,600,-900,14.0,14.0,44.5,43.0,2019-20
2019-10-06,TampaBay,NewOrleans,24,31,135,-155,5.5,3.0,47.0,46.5,2019-20
2019-10-06,Atlanta,Houston,32,53,180,-220,3.5,4.0,49.5,49.5,2019-20
2019-10-06,Buffalo,Tennessee,14,7,160,-190,2.5,3.5,38.0,38.5,2019-20
2019-10-06,Denver,LAChargers,20,13,195,-245,6.5,4.5,44.0,45.5,2019-20
2019-10-06,GreenBay,Dallas,34,24,155,-185,4.0,3.0,48.0,46.5,2019-20
2019-10-06,Indianapolis,KansasCity,19,13,450,-650,9.0,10.5,54.0,55.5,2019-20
2019-10-07,Cleveland,SanFrancisco,3,31,190,-240,5.0,5.0,47.0,48.0,2019-20
2019-10-10,NYGiants,NewEngland,14,35,850,-1500,15.0,17.0,46.5,43.0,2019-20
2019-10-13,Carolina,TampaBay,37,26,-130,110,2.5,2.0,46.0,47.5,2019-20
2019-10-13,Cincinnati,Baltimore,17,23,400,-550,10.5,10.5,48.0,47.0,2019-20
2019-10-13,Seattle,Cleveland,32,28,100,-120,2.5,1.0,46.0,45.5,2019-20
2019-10-13,Houston,KansasCity,31,24,160,-190,7.5,3.5,54.0,54.5,2019-20
2019-10-13,NewOrleans,Jacksonville,13,6,130,-150,2.5,2.5,43.5,42.0,2019-20
2019-10-13,Philadelphia,Minnesota,20,38,155,-185,3.0,3.5,44.0,45.0,2019-20
2019-10-13,Washington,Miami,17,16,-260,210,5.0,6.0,41.0,42.5,2019-20
2019-10-13,SanFrancisco,LARams,20,7,145,-170,4.0,3.0,48.5,50.0,2019-20
2019-10-13,Atlanta,Arizona,33,34,-160,140,3.0,3.0,47.0,52.5,2019-20
2019-10-13,Dallas,NYJets,22,24,-340,270,9.5,7.0,44.0,43.5,2019-20
2019-10-13,Tennessee,Denver,0,16,-105,-115,2.0,1.0,40.0,40.5,2019-20
2019-10-13,Pittsburgh,LAChargers,24,17,240,-300,5.0,6.0,43.5,42.5,2019-20
2019-10-14,Detroit,GreenBay,22,23,170,-200,6.5,3.5,46.5,46.5,2019-20
2019-10-17,KansasCity,Denver,30,6,-150,130,5.5,3.0,50.5,49.5,2019-20
2019-10-20,Arizona,NYGiants,27,21,160,-190,1.0,3.5,50.0,50.0,2019-20
2019-10-20,Houston,Indianapolis,23,30,105,-125,1.0,1.5,47.5,46.5,2019-20
2019-10-20,Miami,Buffalo,21,31,800,-1400,17.0,17.0,41.0,42.0,2019-20
2019-10-20,Minnesota,Detroit,42,30,-140,120,1.0,2.5,44.0,43.5,2019-20
2019-10-20,Oakland,GreenBay,24,42,220,-270,7.5,6.0,46.0,47.5,2019-20
2019-10-20,Jacksonville,Cincinnati,27,17,-220,180,4.5,4.5,47.5,44.0,2019-20
2019-10-20,LARams,Atlanta,37,10,-170,145,3.5,3.0,52.5,54.5,2019-20
2019-10-20,SanFrancisco,Washington,9,0,-500,375,10.0,10.0,43.0,38.5,2019-20
2019-10-20,LAChargers,Tennessee,20,23,140,-160,2.5,3.0,40.5,42.5,2019-20
2019-10-20,Baltimore,Seattle,30,16,130,-150,3.5,3.0,50.5,48.0,2019-20
2019-10-20,NewOrleans,Chicago,36,25,180,-220,4.0,4.0,38.5,37.0,2019-20
2019-10-20,Philadelphia,Dallas,10,37,140,-160,3.0,3.0,47.5,50.0,2019-20
2019-10-21,NewEngland,NYJets,33,0,-450,350,10.0,9.5,43.0,43.0,2019-20
2019-10-24,Washington,Minnesota,9,19,800,-1400,14.0,16.5,40.0,41.5,2019-20
2019-10-27,NYGiants,Detroit,26,31,230,-280,7.0,6.0,48.5,49.5,2019-20
2019-10-27,TampaBay,Tennessee,23,27,105,-125,3.0,1.5,47.0,45.5,2019-20
2019-10-27,LAChargers,Chicago,17,16,160,-190,4.5,3.5,40.5,41.0,2019-20
2019-10-27,Seattle,Atlanta,27,20,-400,300,3.0,7.5,54.0,49.0,2019-20
2019-10-27,NYJets,Jacksonville,15,29,260,-330,5.5,7.0,41.0,40.0,2019-20
2019-10-27,Philadelphia,Buffalo,31,13,-105,-115,2.5,1.0,41.5,38.5,2019-20
2019-10-27,Cincinnati,LARams,10,24,525,-750,10.5,11.5,47.5,48.0,2019-20
2019-10-27,Arizona,NewOrleans,9,31,500,-700,11.5,12.0,49.5,48.5,2019-20
2019-10-27,Oakland,Houston,24,27,200,-250,5.5,5.0,48.0,52.5,2019-20
2019-10-27,Carolina,SanFrancisco,13,51,180,-220,6.0,4.0,41.5,40.5,2019-20
2019-10-27,Denver,Indianapolis,13,15,215,-265,5.0,6.0,43.5,42.0,2019-20
2019-10-27,Cleveland,NewEngland,13,27,350,-450,11.0,10.0,46.5,42.5,2019-20
2019-10-27,GreenBay,KansasCity,31,24,-240,190,3.5,5.0,48.0,48.0,2019-20
2019-10-28,Miami,Pittsburgh,14,27,550,-800,17.0,14.0,42.5,44.0,2019-20
2019-10-31,SanFrancisco,Arizona,28,25,-480,365,0.0,10.0,43.0,43.5,2019-20
2019-11-03,Houston,Jacksonville,26,3,100,-120,3.0,1.0,47.0,46.0,2019-20
2019-11-03,Washington,Buffalo,9,24,450,-650,10.0,10.5,36.5,37.0,2019-20
2019-11-03,Tennessee,Carolina,20,30,160,-190,4.5,3.5,40.0,43.0,2019-20
2019-11-03,Chicago,Philadelphia,14,22,200,-250,3.0,5.0,45.0,41.0,2019-20
2019-11-03,Minnesota,KansasCity,23,26,-255,205,4.0,5.5,45.5,45.5,2019-20
2019-11-03,NYJets,Miami,18,26,-190,160,5.5,3.5,41.0,42.5,2019-20
2019-11-03,Indianapolis,Pittsburgh,24,26,105,-125,0.0,1.5,43.5,39.5,2019-20
2019-11-03,Detroit,Oakland,24,31,130,-150,1.0,2.5,51.0,51.5,2019-20
2019-11-03,TampaBay,Seattle,34,40,180,-220,5.5,4.0,53.5,51.0,2019-20
2019-11-03,Cleveland,Denver,19,24,-210,175,1.0,4.0,43.0,39.0,2019-20
2019-11-03,GreenBay,LAChargers,11,26,-220,180,3.5,4.5,46.0,50.5,2019-20
2019-11-03,NewEngland,Baltimore,20,37,-160,140,4.5,3.0,46.5,44.0,2019-20
2019-11-04,Dallas,NYGiants,37,18,-330,260,7.0,6.5,47.0,48.5,2019-20
2019-11-07,LAChargers,Oakland,24,26,-125,105,2.5,1.5,47.5,49.0,2019-20
2019-11-10,KansasCity,Tennessee,32,35,-250,200,6.0,5.5,47.5,49.0,2019-20
2019-11-10,Buffalo,Cleveland,16,19,145,-170,3.0,3.0,42.5,42.0,2019-20
2019-11-10,Arizona,TampaBay,27,30,200,-250,6.0,5.0,54.0,51.5,2019-20
2019-11-10,NYGiants,NYJets,27,34,-155,135,0.0,3.0,41.0,43.0,2019-20
2019-11-10,Atlanta,NewOrleans,26,9,600,-900,13.0,13.5,50.0,51.5,2019-20
2019-11-10,Baltimore,Cincinnati,49,13,-600,425,10.0,10.5,46.0,44.5,2019-20
2019-11-10,Carolina,GreenBay,16,24,185,-230,6.0,5.0,48.0,49.0,2019-20
2019-11-10,Detroit,Chicago,13,20,240,-300,3.0,6.5,44.0,38.0,2019-20
2019-11-10,Miami,Indianapolis,16,12,450,-650,16.0,11.0,44.0,44.5,2019-20
2019-11-10,LARams,Pittsburgh,12,17,-220,180,3.0,4.5,45.5,43.5,2019-20
2019-11-10,Minnesota,Dallas,28,24,155,-185,2.5,3.0,45.5,48.0,2019-20
2019-11-11,Seattle,SanFrancisco,27,24,215,-265,6.5,6.5,44.0,47.0,2019-20
2019-11-14,Pittsburgh,Cleveland,7,21,140,-160,2.5,3.0,41.5,41.5,2019-20
2019-11-17,Dallas,Detroit,35,27,-400,300,3.5,7.0,51.5,46.5,2019-20
2019-11-17,NewOrleans,TampaBay,34,17,-240,190,6.0,5.0,51.0,50.5,2019-20
2019-11-17,Atlanta,Carolina,29,3,170,-200,7.0,3.5,54.0,49.5,2019-20
2019-11-17,Jacksonville,Indianapolis,13,33,120,-140,3.5,2.5,44.0,42.0,2019-20
2019-11-17,Denver,Minnesota,23,27,375,-500,10.5,9.5,38.5,40.5,2019-20
2019-11-17,NYJets,Washington,34,17,110,-130,2.0,2.0,37.5,37.5,2019-20
2019-11-17,Buffalo,Miami,37,20,-350,275,7.5,7.0,39.0,41.5,2019-20
2019-11-17,Houston,Baltimore,7,41,190,-240,4.0,4.5,49.0,51.5,2019-20
2019-11-17,Arizona,SanFrancisco,26,36,375,-500,13.5,9.5,44.0,44.0,2019-20
2019-11-17,NewEngland,Philadelphia,17,10,-220,180,3.0,4.5,46.0,45.0,2019-20
2019-11-17,Cincinnati,Oakland,10,17,525,-750,9.0,13.0,48.0,48.5,2019-20
2019-11-17,Chicago,LARams,7,17,200,-250,8.0,5.0,42.0,40.0,2019-20
2019-11-18,KansasCity,LAChargers,24,17,-280,230,4.0,6.0,49.0,52.0,2019-20
2019-11-21,Indianapolis,Houston,17,20,165,-195,6.0,3.5,46.5,46.5,2019-20
2019-11-24,Miami,Cleveland,24,41,425,-600,12.5,10.5,45.0,46.0,2019-20
2019-11-24,Denver,Buffalo,3,20,170,-200,5.0,3.5,35.0,37.0,2019-20
2019-11-24,Pittsburgh,Cincinnati,16,10,-250,200,7.0,6.0,40.0,37.0,2019-20
2019-11-24,NYGiants,Chicago,14,19,230,-280,7.0,6.0,41.0,40.5,2019-20
2019-11-24,Oakland,NYJets,3,34,-200,170,3.5,3.5,47.0,44.5,2019-20
2019-11-24,Carolina,NewOrleans,31,34,400,-550,7.0,9.5,48.0,46.5,2019-20
2019-11-24,TampaBay,Atlanta,35,22,150,-180,2.5,3.0,54.5,51.0,2019-20
2019-11-24,Detroit,Washington,16,19,-200,170,2.0,4.0,42.0,39.5,2019-20
2019-11-24,Jacksonville,Tennessee,20,42,180,-220,3.0,4.5,41.0,42.0,2019-20
2019-11-24,Dallas,NewEngland,9,13,220,-270,7.0,6.0,47.0,45.0,2019-20
2019-11-24,GreenBay,SanFrancisco,8,37,145,-170,4.0,3.0,44.0,48.0,2019-20
2019-11-24,Seattle,Philadelphia,17,9,-120,100,3.0,1.0,49.0,46.0,2019-20
2019-11-25,Baltimore,LARams,45,6,-180,150,1.0,3.5,49.0,46.5,2019-20
2019-11-28,Chicago,Detroit,24,20,-270,220,1.0,5.5,41.0,37.0,2019-20
2019-11-28,Buffalo,Dallas,26,15,255,-320,8.0,6.5,45.0,47.0,2019-20
2019-11-28,NewOrleans,Atlanta,26,18,-390,295,5.0,7.0,48.0,47.5,2019-20
2019-12-01,GreenBay,NYGiants,31,13,-330,260,7.5,6.5,47.0,43.5,2019-20
2019-12-01,Washington,Carolina,29,21,425,-600,9.5,10.5,41.0,38.5,2019-20
2019-12-01,SanFrancisco,Baltimore,17,20,215,-265,4.5,5.5,46.0,45.5,2019-20
2019-12-01,Tennessee,Indianapolis,31,17,-115,-105,3.5,1.0,42.0,41.5,2019-20
2019-12-01,Philadelphia,Miami,31,37,-600,425,9.0,10.0,46.5,44.5,2019-20
2019-12-01,Oakland,KansasCity,9,40,450,-650,9.0,11.0,54.5,49.5,2019-20
2019-12-01,TampaBay,Jacksonville,28,11,-170,145,3.5,3.0,49.0,46.0,2019-20
2019-12-01,NYJets,Cincinnati,6,22,-140,120,3.0,2.5,41.0,43.0,2019-20
2019-12-01,LARams,Arizona,34,7,-140,120,4.5,2.5,47.0,47.5,2019-20
2019-12-01,LAChargers,Denver,20,23,-220,180,1.0,4.5,38.0,38.5,2019-20
2019-12-01,Cleveland,Pittsburgh,13,20,-120,100,3.0,1.0,40.5,40.0,2019-20
2019-12-01,NewEngland,Houston,22,28,-180,150,4.5,3.0,44.5,47.0,2019-20
2019-12-02,Minnesota,Seattle,30,37,140,-160,2.5,3.0,49.0,48.5,2019-20
2019-12-05,Dallas,Chicago,24,31,-170,145,3.0,3.0,42.5,43.0,2019-20
2019-12-08,Baltimore,Buffalo,24,17,-260,210,6.5,6.0,43.0,44.5,2019-20
2019-12-08,Washington,GreenBay,15,20,600,-900,14.5,13.0,42.0,42.5,2019-20
2019-12-08,Denver,Houston,38,24,330,-430,0.5,8.0,8.0,42.5,2019-20
2019-12-08,SanFrancisco,NewOrleans,48,46,110,-130,3.0,1.5,45.5,45.0,2019-20
2019-12-08,Cincinnati,Cleveland,19,27,240,-300,10.5,6.5,43.0,43.5,2019-20
2019-12-08,Carolina,Atlanta,20,40,160,-190,1.5,3.5,48.5,48.0,2019-20
2019-12-08,Detroit,Minnesota,7,20,500,-700,13.0,12.0,44.0,44.5,2019-20
2019-12-08,Miami,NYJets,21,22,190,-240,7.5,5.0,44.0,47.5,2019-20
2019-12-08,Indianapolis,TampaBay,35,38,150,-180,2.0,3.0,50.5,47.0,2019-20
2019-12-08,LAChargers,Jacksonville,45,10,-185,155,1.0,3.0,44.5,41.5,2019-20
2019-12-08,KansasCity,NewEngland,23,16,142,-165,3.5,3.0,50.5,49.0,2019-20
2019-12-08,Pittsburgh,Arizona,23,17,-125,105,2.5,1.5,43.0,43.5,2019-20
2019-12-08,Tennessee,Oakland,42,21,-150,130,1.0,3.0,46.5,47.0,2019-20
2019-12-08,Seattle,LARams,12,28,105,-125,2.5,1.5,46.5,48.0,2019-20
2019-12-09,NYGiants,Philadelphia,17,23,350,-450,8.5,9.0,46.5,45.5,2019-20
2019-12-12,NYJets,Baltimore,21,42,850,-1500,14.5,17.0,44.0,43.5,2019-20
2019-12-15,TampaBay,Detroit,38,17,-275,225,3.0,6.0,47.5,46.5,2019-20
2019-12-15,Philadelphia,Washington,37,27,-310,250,6.0,6.5,40.0,39.0,2019-20
2019-12-15,Chicago,GreenBay,13,21,180,-220,6.5,4.5,41.0,40.5,2019-20
2019-12-15,NewEngland,Cincinnati,34,13,-650,450,11.0,10.5,40.0,42.0,2019-20
2019-12-15,Houston,Tennessee,24,21,145,-170,2.5,3.0,47.5,50.0,2019-20
2019-12-15,Seattle,Carolina,30,24,-280,230,5.0,6.0,48.5,49.0,2019-20
2019-12-15,Denver,KansasCity,3,23,375,-500,13.0,9.0,46.5,42.5,2019-20
2019-12-15,Miami,NYGiants,20,36,160,-190,3.5,3.5,48.0,46.5,2019-20
2019-12-15,Buffalo,Pittsburgh,17,10,100,-120,0.0,1.0,37.0,37.0,2019-20
2019-12-15,Jacksonville,Oakland,20,16,275,-350,4.0,7.0,44.5,47.0,2019-20
2019-12-15,Cleveland,Arizona,24,38,-160,140,3.0,3.0,47.0,49.0,2019-20
2019-12-15,Atlanta,SanFrancisco,29,22,400,-550,12.0,10.0,45.5,49.5,2019-20
2019-12-15,LARams,Dallas,21,44,-115,-105,3.0,1.0,47.0,48.5,2019-20
2019-12-15,Minnesota,LAChargers,39,10,-120,100,3.0,1.5,46.0,45.0,2019-20
2019-12-16,Indianapolis,NewOrleans,7,34,325,-425,8.5,8.0,44.0,49.5,2019-20
2019-12-21,LARams,SanFrancisco,31,34,270,-340,6.0,7.0,46.5,45.5,2019-20
2019-12-21,Buffalo,NewEngland,17,24,250,-310,6.5,6.5,38.5,39.0,2019-20
2019-12-21,Houston,TampaBay,23,20,-150,130,0.0,3.0,53.0,50.5,2019-20
2019-12-22,Detroit,Denver,17,27,290,-380,6.5,8.0,37.5,40.0,2019-20
2019-12-22,Oakland,LAChargers,24,17,270,-340,6.5,7.5,47.0,45.0,2019-20
2019-12-22,Jacksonville,Atlanta,12,24,275,-350,7.0,7.0,46.0,48.0,2019-20
2019-12-22,NewOrleans,Tennessee,38,28,-190,160,1.0,3.0,51.0,48.5,2019-20
2019-12-22,NYGiants,Washington,41,35,-130,110,2.0,1.5,41.0,42.5,2019-20
2019-12-22,Pittsburgh,NYJets,10,16,-180,150,3.0,3.0,38.5,36.5,2019-20
2019-12-22,Cincinnati,Miami,35,38,-125,105,2.5,1.5,45.5,45.5,2019-20
2019-12-22,Carolina,Indianapolis,6,38,260,-330,6.5,7.0,46.5,46.5,2019-20
2019-12-22,Baltimore,Cleveland,31,15,-500,375,7.0,10.0,49.0,49.0,2019-20
2019-12-22,Dallas,Philadelphia,9,17,-145,125,1.0,2.5,47.5,46.5,2019-20
2019-12-22,Arizona,Seattle,27,13,330,-430,10.0,7.5,48.5,51.0,2019-20
2019-12-22,KansasCity,Chicago,26,3,-310,250,4.0,7.0,45.0,45.5,2019-20
2019-12-23,GreenBay,Minnesota,23,10,180,-220,4.5,4.5,46.5,47.0,2019-20
2019-12-29,Tennessee,Houston,35,14,-450,350,1.0,10.0,49.0,43.0,2019-20
2019-12-29,Cleveland,Cincinnati,23,33,-145,125,3.0,2.5,46.0,44.0,2019-20
2019-12-29,Chicago,Minnesota,21,19,-250,200,7.0,5.0,41.5,35.5,2019-20
2019-12-29,Indianapolis,Jacksonville,20,38,-250,200,1.0,5.5,44.5,41.5,2019-20
2019-12-29,Atlanta,TampaBay,28,22,105,-125,2.5,1.5,50.5,48.5,2019-20
2019-12-29,Washington,Dallas,16,47,525,-750,14.0,12.0,44.0,47.0,2019-20
2019-12-29,NewOrleans,Carolina,42,10,-1000,650,11.0,14.5,48.0,45.0,2019-20
2019-12-29,Philadelphia,NYGiants,34,17,-200,170,4.0,3.5,45.0,44.5,2019-20
2019-12-29,Pittsburgh,Baltimore,10,28,-130,110,2.5,2.0,40.5,35.0,2019-20
2019-12-29,NYJets,Buffalo,13,6,-125,105,5.5,1.5,37.0,37.0,2019-20
2019-12-29,Miami,NewEngland,27,24,900,-1600,16.5,17.0,43.5,45.5,2019-20
2019-12-29,GreenBay,Detroit,23,20,-900,600,10.0,13.5,41.5,44.0,2019-20
2019-12-29,LAChargers,KansasCity,21,31,375,-500,7.0,10.0,48.0,46.0,2019-20
2019-12-29,Arizona,LARams,24,31,250,-310,7.0,6.5,49.0,46.0,2019-20
2019-12-29,SanFrancisco,Seattle,26,21,-190,160,0.0,3.5,47.0,47.0,2019-20
2019-12-29,Oakland,Denver,15,16,200,-250,4.5,5.0,41.5,41.0,2019-20
2020-01-04,Buffalo,Houston,19,22,125,-145,3.0,2.5,41.0,43.0,2019-20
2020-01-04,Tennessee,NewEngland,20,13,195,-230,5.5,5.0,42.5,45.5,2019-20
2020-01-05,Minnesota,NewOrleans,26,20,290,-350,7.0,7.0,47.0,49.5,2019-20
2020-01-05,Seattle,Philadelphia,17,9,-105,-115,1.0,1.0,46.0,44.0,2019-20
2020-01-11,Minnesota,SanFrancisco,10,27,260,-310,6.5,7.0,45.5,44.5,2019-20
2020-01-11,Tennessee,Baltimore,28,12,400,-500,9.5,10.0,48.0,47.5,2019-20
2020-01-12,Houston,KansasCity,31,51,400,-500,7.5,10.0,48.0,51.0,2019-20
2020-01-12,Seattle,GreenBay,23,28,190,-220,3.5,5.0,47.0,45.5,2019-20
2020-01-19,GreenBay,SanFrancisco,20,37,300,-360,7.0,7.5,44.5,47.0,2019-20
2020-01-19,Tennessee,KansasCity,24,35,280,-340,7.5,7.0,51.5,51.5,2019-20
2020-02-02,SanFrancisco,KansasCity,20,31,110,-130,0.0,2.0,51.0,53.0,2019-20
2020-09-10,Houston,KansasCity,20,34,375,-450,9.5,9.5,54.0,53.5,2020-21
2020-09-13,Miami,NewEngland,11,21,290,-350,7.0,7.0,43.0,41.5,2020-21
2020-09-13,Cleveland,Baltimore,6,38,270,-330,8.5,7.0,48.5,47.5,2020-21
2020-09-13,NYJets,Buffalo,17,27,250,-300,6.0,6.5,39.5,39.0,2020-21
2020-09-13,LasVegas,Carolina,34,30,-150,130,1.5,3.0,47.0,48.0,2020-21
2020-09-13,Seattle,Atlanta,38,25,-105,-115,1.0,1.0,49.5,49.5,2020-21
2020-09-13,Philadelphia,Washington,17,27,-230,195,6.5,5.5,44.0,41.5,2020-21
2020-09-13,Chicago,Detroit,27,23,110,-130,1.0,2.5,43.5,42.5,2020-21
2020-09-13,Indianapolis,Jacksonville,20,27,-320,265,6.5,7.0,44.5,44.0,2020-21
2020-09-13,GreenBay,Minnesota,43,34,105,-125,3.0,1.5,46.0,44.5,2020-21
2020-09-13,LAChargers,Cincinnati,16,13,-130,110,3.0,2.0,44.0,41.0,2020-21
2020-09-13,Arizona,SanFrancisco,24,20,250,-300,7.0,6.5,46.5,48.5,2020-21
2020-09-13,TampaBay,NewOrleans,23,34,175,-200,4.0,4.0,49.5,48.5,2020-21
2020-09-13,Dallas,LARams,17,20,-110,-110,2.5,0.0,49.5,52.0,2020-21
2020-09-14,Pittsburgh,NYGiants,26,16,-260,220,3.5,6.0,46.5,44.0,2020-21
2020-09-14,Tennessee,Denver,16,14,-170,150,1.0,3.0,42.0,41.0,2020-21
2020-09-17,Cincinnati,Cleveland,30,35,220,-260,7.5,6.0,46.0,43.5,2020-21
2020-09-20,LARams,Philadelphia,37,19,110,-130,3.5,2.0,48.5,46.0,2020-21
2020-09-20,Carolina,TampaBay,17,31,320,-380,8.0,8.0,48.5,47.0,2020-21
2020-09-20,Denver,Pittsburgh,21,26,250,-300,5.5,6.5,43.0,41.0,2020-21
2020-09-20,Atlanta,Dallas,39,40,120,-140,7.0,2.5,50.0,53.5,2020-21
2020-09-20,SanFrancisco,NYJets,31,13,-335,275,6.0,7.0,43.5,41.5,2020-21
2020-09-20,Buffalo,Miami,31,28,-240,200,3.5,5.5,43.0,42.5,2020-21
2020-09-20,Minnesota,Indianapolis,11,28,160,-180,2.5,3.5,46.0,49.0,2020-21
2020-09-20,Detroit,GreenBay,21,42,250,-300,6.0,6.5,46.0,51.0,2020-21
2020-09-20,NYGiants,Chicago,13,17,190,-220,5.5,4.5,43.0,43.0,2020-21
2020-09-20,Jacksonville,Tennessee,30,33,260,-310,4.0,7.0,11.0,45.0,2020-21
2020-09-20,Washington,Arizona,15,30,270,-330,6.0,7.0,46.5,46.5,2020-21
2020-09-20,Baltimore,Houston,33,16,-350,290,5.5,7.5,53.5,49.0,2020-21
2020-09-20,KansasCity,LAChargers,23,20,-420,350,6.5,8.5,50.5,47.5,2020-21
2020-09-20,NewEngland,Seattle,30,35,180,-210,3.0,4.5,44.0,45.0,2020-21
2020-09-21,NewOrleans,LasVegas,24,34,-200,175,4.5,3.5,50.5,47.0,2020-21
2020-09-24,Miami,Jacksonville,31,13,120,-140,1.5,2.5,44.0,49.0,2020-21
2020-09-27,LasVegas,NewEngland,20,36,270,-330,3.5,7.0,48.0,47.0,2020-21
2020-09-27,LARams,Buffalo,32,35,110,-130,3.0,2.0,44.5,46.5,2020-21
2020-09-27,Houston,Pittsburgh,21,28,170,-190,5.5,3.5,45.0,46.5,2020-21
2020-09-27,SanFrancisco,NYGiants,36,9,-160,140,6.5,3.0,42.5,44.0,2020-21
2020-09-27,Tennessee,Minnesota,31,30,-150,130,1.0,2.5,45.5,49.0,2020-21
2020-09-27,Washington,Cleveland,20,34,270,-330,4.0,7.0,45.5,45.0,2020-21
2020-09-27,Cincinnati,Philadelphia,23,23,200,-240,5.5,5.5,45.5,47.0,2020-21
2020-09-27,Chicago,Atlanta,30,26,120,-140,3.0,2.5,48.0,46.5,2020-21
2020-09-27,NYJets,Indianapolis,7,36,500,-700,6.5,11.5,45.0,44.0,2020-21
2020-09-27,Carolina,LAChargers,21,16,230,-270,6.0,6.0,44.0,43.5,2020-21
2020-09-27,Detroit,Arizona,26,23,200,-240,3.5,5.0,51.0,55.5,2020-21
2020-09-27,TampaBay,Denver,28,10,-265,225,3.5,6.0,44.5,42.5,2020-21
2020-09-27,Dallas,Seattle,31,38,200,-240,3.0,5.5,56.0,56.5,2020-21
2020-09-27,GreenBay,NewOrleans,37,30,155,-175,4.5,3.5,54.5,52.0,2020-21
2020-09-28,KansasCity,Baltimore,34,20,160,-180,1.5,3.5,52.0,55.0,2020-21
2020-10-01,Denver,NYJets,37,28,-105,-115,2.0,1.0,41.0,41.0,2020-21
2020-10-04,Indianapolis,Chicago,19,11,-185,165,1.0,3.5,45.0,43.0,2020-21
2020-10-04,NewOrleans,Detroit,35,29,-160,140,5.5,3.0,56.0,52.5,2020-21
2020-10-04,Arizona,Carolina,21,31,-165,145,4.0,3.0,51.0,52.0,2020-21
2020-10-04,Jacksonville,Cincinnati,25,33,100,-120,3.0,1.0,48.0,49.0,2020-21
2020-10-04,Cleveland,Dallas,49,38,155,-175,5.5,3.5,54.0,56.5,2020-21
2020-10-04,Minnesota,Houston,31,23,150,-170,3.0,3.5,49.5,52.5,2020-21
2020-10-04,Seattle,Miami,31,23,-210,180,7.0,4.0,54.0,55.0,2020-21
2020-10-04,LAChargers,TampaBay,31,38,300,-360,5.0,7.0,45.5,42.0,2020-21
2020-10-04,Baltimore,Washington,31,17,-1400,800,13.0,14.0,47.0,44.5,2020-21
2020-10-04,NYGiants,LARams,9,17,700,-1100,10.0,13.5,47.0,50.0,2020-21
2020-10-04,Buffalo,LasVegas,30,23,-170,150,1.5,3.0,49.5,52.5,2020-21
2020-10-04,Philadelphia,SanFrancisco,25,20,270,-330,5.5,8.0,45.5,45.5,2020-21
2020-10-05,Atlanta,GreenBay,16,30,190,-220,6.0,5.0,58.0,56.5,2020-21
2020-10-05,NewEngland,KansasCity,10,26,475,-650,11.5,11.5,50.0,48.5,2020-21
2020-10-08,TampaBay,Chicago,19,20,-190,170,3.0,3.5,45.5,44.0,2020-21
2020-10-11,Carolina,Atlanta,23,16,130,-150,3.5,2.5,54.5,54.0,2020-21
2020-10-11,LVRaiders,KCChiefs,40,32,425,-550,11.5,10.5,58.0,54.5,2020-21
2020-10-11,LARams,Washington,30,10,-330,270,9.5,7.0,46.0,44.5,2020-21
2020-10-11,Jacksonville,Houston,14,30,220,-260,6.5,6.0,52.5,54.5,2020-21
2020-10-11,Arizona,NYJets,30,10,-320,265,8.5,7.0,46.0,48.5,2020-21
2020-10-11,Philadelphia,Pittsburgh,29,38,300,-360,7.0,7.5,46.5,44.5,2020-21
2020-10-11,Cincinnati,Baltimore,3,27,525,-750,13.0,12.5,50.5,49.5,2020-21
2020-10-11,Miami,SanFrancisco,43,17,310,-370,9.0,8.0,48.5,50.5,2020-21
2020-10-11,NYGiants,Dallas,34,37,280,-340,11.5,7.5,53.0,52.5,2020-21
2020-10-11,Indianapolis,Cleveland,23,32,100,-120,2.5,1.0,47.0,48.5,2020-21
2020-10-11,Minnesota,Seattle,26,27,245,-290,9.5,6.5,58.0,54.0,2020-21
2020-10-12,LAChargers,NewOrleans,27,30,275,-335,7.5,7.0,52.0,49.0,2020-21
2020-10-13,Buffalo,Tennessee,16,42,-160,140,2.0,3.0,54.0,52.0,2020-21
2020-10-18,Chicago,Carolina,23,16,110,-130,2.5,2.0,44.5,45.0,2020-21
2020-10-18,Detroit,Jacksonville,34,16,-165,145,1.5,3.0,53.5,53.0,2020-21
2020-10-18,Atlanta,Minnesota,40,23,160,-180,3.5,3.5,57.0,53.5,2020-21
2020-10-18,Houston,Tennessee,36,42,170,-190,3.0,3.5,55.0,52.5,2020-21
2020-10-18,Washington,NYGiants,19,20,-105,-115,2.5,1.0,44.5,42.0,2020-21
2020-10-18,Cleveland,Pittsburgh,7,38,145,-165,4.0,3.0,50.5,50.0,2020-21
2020-10-18,Baltimore,Philadelphia,30,28,-500,400,7.0,10.0,48.5,46.5,2020-21
2020-10-18,Cincinnati,Indianapolis,27,31,310,-370,7.5,7.5,46.5,46.0,2020-21
2020-10-18,GreenBay,TampaBay,10,38,-155,135,2.5,2.5,51.5,55.0,2020-21
2020-10-18,LARams,SanFrancisco,16,24,-130,110,3.0,2.0,49.0,51.0,2020-21
2020-10-18,NYJets,Miami,0,24,320,-380,9.0,9.0,50.0,46.5,2020-21
2020-10-18,Denver,NewEngland,18,12,300,-360,9.5,7.5,46.5,44.0,2020-21
2020-10-19,Arizona,Dallas,38,10,100,-120,3.0,1.5,52.0,56.0,2020-21
2020-10-19,KansasCity,Buffalo,26,17,-240,200,3.5,5.5,58.0,54.5,2020-21
2020-10-22,NYGiants,Philadelphia,21,22,200,-240,6.5,5.0,45.5,44.5,2020-21
2020-10-25,Cleveland,Cincinnati,37,34,-215,185,4.5,4.5,51.5,49.5,2020-21
2020-10-25,Dallas,Washington,3,25,-105,-115,3.0,1.5,48.0,44.5,2020-21
2020-10-25,Detroit,Atlanta,23,22,100,-120,2.0,1.0,56.5,55.0,2020-21
2020-10-25,Carolina,NewOrleans,24,27,275,-335,6.5,7.0,51.0,50.5,2020-21
2020-10-25,Buffalo,NYJets,18,10,-450,375,9.5,9.5,47.0,46.5,2020-21
2020-10-25,GreenBay,Houston,35,20,-150,130,3.5,3.0,55.5,55.5,2020-21
2020-10-25,Seattle,Arizona,34,37,-180,160,3.5,3.5,56.0,55.5,2020-21
2020-10-25,SanFrancisco,NewEngland,33,6,130,-150,5.0,3.0,46.0,44.5,2020-21
2020-10-25,KansasCity,Denver,43,16,-340,280,9.5,7.0,49.0,45.5,2020-21
2020-10-25,TampaBay,LasVegas,45,20,-200,175,2.0,4.0,54.0,51.5,2020-21
2020-10-25,Pittsburgh,Tennessee,27,24,100,-120,7.0,1.0,51.0,51.0,2020-21
2020-10-25,Jacksonville,LAChargers,29,39,320,-380,6.5,7.5,49.0,49.0,2020-21
2020-10-26,Chicago,LARams,10,24,240,-280,6.5,6.5,47.0,44.5,2020-21
2020-10-29,Atlanta,Carolina,25,17,105,-125,3.0,1.5,51.5,52.0,2020-21
2020-11-01,Indianapolis,Detroit,41,21,-190,170,3.0,3.5,51.0,49.0,2020-21
2020-11-01,Minnesota,GreenBay,28,22,220,-260,5.5,6.0,56.0,48.0,2020-21
2020-11-01,NewEngland,Buffalo,21,24,185,-215,3.0,4.5,46.0,41.0,2020-21
2020-11-01,Tennessee,Cincinnati,20,31,-350,290,4.0,7.0,54.5,49.0,2020-21
2020-11-01,LasVegas,Cleveland,16,6,-105,-115,3.0,1.0,55.5,47.5,2020-21
2020-11-01,NYJets,KansasCity,9,35,1500,-5000,21.0,19.5,47.5,49.0,2020-21
2020-11-01,LARams,Miami,17,28,-170,150,3.5,3.5,47.0,46.5,2020-21
2020-11-01,NewOrleans,Chicago,26,23,-250,210,2.5,5.5,46.5,41.0,2020-21
2020-11-01,SanFrancisco,Seattle,27,37,100,-120,5.0,1.0,54.0,54.5,2020-21
2020-11-01,Dallas,Philadelphia,9,23,375,-450,4.0,10.0,43.0,43.5,2020-21
2020-11-01,LAChargers,Denver,30,31,-145,125,0.0,3.0,44.5,44.5,2020-21
2020-11-01,Pittsburgh,Baltimore,28,24,175,-200,5.0,4.0,48.0,44.5,2020-21
2020-11-02,TampaBay,NYGiants,25,23,-750,525,9.5,12.5,47.5,46.5,2020-21
2020-11-05,GreenBay,SanFrancisco,34,17,-260,220,0.0,6.0,50.5,48.0,2020-21
2020-11-08,Seattle,Buffalo,34,44,-165,145,1.5,3.0,55.5,55.0,2020-21
2020-11-08,Denver,Atlanta,27,34,180,-210,4.0,4.0,47.0,50.5,2020-21
2020-11-08,Chicago,Tennessee,17,24,235,-275,6.5,6.0,46.0,47.0,2020-21
2020-11-08,Detroit,Minnesota,20,34,155,-175,2.0,3.5,56.0,51.5,2020-21
2020-11-08,Baltimore,Indianapolis,24,10,-105,-115,4.0,1.0,44.0,48.0,2020-21
2020-11-08,Carolina,Kansas,31,33,400,-500,10.0,10.0,49.0,51.5,2020-21
2020-11-08,Houston,Jacksonville,27,25,-300,250,4.0,6.5,56.0,48.0,2020-21
2020-11-08,NYGiants,Washington,23,20,140,-160,3.5,3.0,41.5,43.0,2020-21
2020-11-08,LasVegas,LAChargers,31,26,-120,100,3.0,1.0,56.0,52.5,2020-21
2020-11-08,Pittsburgh,Dallas,24,19,-1200,750,13.5,14.5,41.5,44.0,2020-21
2020-11-08,Miami,Arizona,34,31,220,-260,6.0,6.0,46.5,49.0,2020-21
2020-11-08,NewOrleans,Tampa,38,3,155,-175,4.5,3.0,56.0,51.0,2020-21
2020-11-09,NewEngland,NYJets,30,27,-380,320,7.0,8.5,41.5,42.0,2020-21
2020-11-12,Indianapolis,Tennessee,34,17,-125,105,1.0,1.5,50.5,49.0,2020-21
2020-11-15,Cincinnati,Pittsburgh,10,36,260,-310,10.5,6.5,49.0,45.5,2020-21
2020-11-15,Washington,Detroit,27,30,120,-140,3.5,2.5,46.5,45.5,2020-21
2020-11-15,Houston,Cleveland,7,10,190,-220,2.0,4.5,55.5,46.0,2020-21
2020-11-15,Jacksonville,GreenBay,20,24,700,-1100,14.0,13.5,55.5,47.0,2020-21
2020-11-15,Philadelphia,NYGiants,17,27,-220,190,3.0,4.5,41.0,46.0,2020-21
2020-11-15,TampaBay,Carolina,46,23,-265,225,6.5,6.0,47.0,49.5,2020-21
2020-11-15,Denver,LasVegas,12,37,165,-185,4.0,3.5,51.0,50.5,2020-21
2020-11-15,Buffalo,Arizona,30,32,135,-155,3.0,3.0,49.0,56.0,2020-21
2020-11-15,Seattle,LARams,16,23,130,-150,1.0,2.5,53.5,55.0,2020-21
2020-11-15,SanFrancisco,NewOrleans,13,27,350,-420,6.5,9.5,53.5,49.0,2020-21
2020-11-15,Baltimore,NewEngland,17,23,-320,265,7.0,7.0,40.0,44.0,2020-21
2020-11-15,LAChargers,Miami,21,29,105,-125,2.0,1.5,47.0,49.0,2020-21
2020-11-16,Minnesota,Chicago,19,13,-170,150,2.5,3.0,45.0,44.5,2020-21
2020-11-19,Arizona,Seattle,21,28,145,-165,5.0,3.0,59.0,56.5,2020-21
2020-11-22,Philadelphia,Cleveland,17,22,115,-135,2.0,2.5,47.0,45.5,2020-21
2020-11-22,Atlanta,NewOrleans,9,24,160,-180,7.0,3.5,51.5,49.5,2020-21
2020-11-22,Detroit,Carolina,0,20,-170,150,3.0,3.0,47.0,47.5,2020-21
2020-11-22,NewEngland,Houston,20,27,-145,125,2.5,2.5,47.0,49.5,2020-21
2020-11-22,Pittsburgh,Jacksonville,27,3,-550,425,9.5,10.5,46.0,47.5,2020-21
2020-11-22,GreenBay,Indianapolis,31,34,100,-120,2.0,1.5,50.0,52.0,2020-21
2020-11-22,Cincinnati,Washington,9,20,105,-125,0.0,1.5,46.0,47.5,2020-21
2020-11-22,Tennessee,Baltimore,30,24,210,-250,6.5,6.0,47.0,50.5,2020-21
2020-11-22,Dallas,Minnesota,31,28,260,-310,9.5,7.0,47.0,50.0,2020-21
2020-11-22,KansasCity,LasVegas,35,31,-380,320,7.0,8.0,58.0,56.5,2020-21
2020-11-22,Miami,Denver,13,20,-210,180,1.0,4.0,46.5,46.0,2020-21
2020-11-22,NYJets,LAChargers,28,34,400,-500,10.0,9.5,47.0,47.5,2020-21
2020-11-23,LARams,TampaBay,27,24,180,-210,3.0,4.5,49.0,47.5,2020-21
2020-11-26,Houston,Detroit,41,25,-160,140,2.0,3.0,52.0,52.0,2020-21
2020-11-26,Washington,Dallas,41,16,125,-145,2.0,2.5,47.0,46.0,2020-21
2020-11-29,LasVegas,Atlanta,6,43,-175,155,0.0,3.5,56.0,53.0,2020-21
2020-11-29,Arizona,NewEngland,17,20,-120,100,1.0,1.0,48.0,50.5,2020-21
2020-11-29,NYGiants,Cincinnati,19,17,-280,240,2.5,6.5,45.0,45.0,2020-21
2020-11-29,Cleveland,Jacksonville,27,25,-350,290,6.0,7.5,47.0,48.0,2020-21
2020-11-29,Carolina,Minnesota,27,28,125,-145,3.5,3.0,50.0,50.0,2020-21
2020-11-29,Tennessee,Indianapolis,45,26,125,-145,4.0,3.0,50.0,51.0,2020-21
2020-11-29,LAChargers,Buffalo,17,27,180,-210,6.0,4.0,50.0,51.5,2020-21
2020-11-29,Miami,NYJets,20,3,-370,310,7.0,7.5,46.0,46.0,2020-21
2020-11-29,NewOrleans,Denver,31,3,-1600,900,5.5,16.5,46.0,36.5,2020-21
2020-11-29,SanFrancisco,LARams,23,20,200,-240,7.0,5.0,46.5,44.5,2020-21
2020-11-29,KansasCity,TampaBay,27,24,-170,150,3.0,3.5,54.0,56.5,2020-21
2020-11-29,Chicago,GreenBay,25,41,320,-380,7.5,7.5,44.5,44.5,2020-21
2020-11-30,Seattle,Philadelphia,23,17,-300,250,3.5,6.5,53.0,49.5,2020-21
2020-12-02,Baltimore,Pittsburgh,14,19,400,-500,9.5,10.5,41.5,40.5,2020-21
2020-12-06,Detroit,Chicago,34,30,135,-155,3.0,3.0,45.0,44.0,2020-21
2020-12-06,Cincinnati,Miami,7,19,400,-500,12.0,10.0,42.0,43.0,2020-21
2020-12-06,Indianapolis,Houston,26,20,-170,150,3.0,3.0,50.5,50.5,2020-21
2020-12-06,Jacksonville,Minnesota,24,27,400,-500,10.5,10.0,51.0,51.5,2020-21
2020-12-06,LasVegas,NYJets,31,28,-360,300,9.0,7.5,47.0,48.5,2020-21
2020-12-06,NewOrleans,Atlanta,21,16,-145,125,3.0,2.5,45.0,45.5,2020-21
2020-12-06,Cleveland,Tennessee,41,35,180,-210,6.0,3.5,53.5,54.0,2020-21
2020-12-06,NYGiants,Seattle,17,12,475,-650,10.0,11.0,47.5,48.0,2020-21
2020-12-06,LARams,Arizona,38,28,-150,130,3.0,3.0,48.0,48.5,2020-21
2020-12-06,Philadelphia,GreenBay,16,30,350,-420,8.5,8.5,48.0,50.0,2020-21
2020-12-06,NewEngland,LAChargers,45,0,115,-135,0.0,2.0,48.0,47.0,2020-21
2020-12-06,Denver,KansasCity,16,22,650,-1000,14.0,13.0,51.0,51.0,2020-21
2020-12-07,Buffalo,SanFrancisco,34,24,105,-125,1.0,1.5,47.5,47.5,2020-21
2020-12-07,Washingtom,Pittsburgh,23,17,220,-260,9.0,5.5,41.5,43.5,2020-21
2020-12-08,Dallas,Baltimore,17,34,340,-410,9.0,8.5,46.0,45.5,2020-21
2020-12-10,NewEngland,LARams,3,24,190,-220,6.5,4.5,44.5,43.0,2020-21
2020-12-13,GreenBay,Detroit,31,24,-420,350,8.0,8.5,54.0,55.5,2020-21
2020-12-13,Tennessee,Jacksonville,31,10,-370,310,7.5,7.5,53.0,52.5,2020-21
2020-12-13,Dallas,Cincinnati,30,7,-160,140,4.0,3.0,44.0,44.0,2020-21
2020-12-13,Arizona,NYGiants,26,7,-160,140,1.5,3.0,45.0,47.5,2020-21
2020-12-13,Houston,Chicago,7,36,-125,105,3.0,1.5,46.0,46.0,2020-21
2020-12-13,Denver,Carolina,32,27,175,-200,3.0,4.0,46.0,45.5,2020-21
2020-12-13,Minnesota,TampaBay,14,26,270,-330,6.0,7.0,51.5,52.5,2020-21
2020-12-13,KansasCity,Miami,33,27,-340,280,7.5,7.0,49.0,51.5,2020-21
2020-12-13,Indianapolis,LasVegas,44,27,-145,125,2.5,2.5,52.0,52.0,2020-21
2020-12-13,NYJets,Seattle,3,40,750,-1200,14.0,16.0,47.5,48.5,2020-21
2020-12-13,Atlanta,LAChargers,17,20,100,-120,2.5,1.0,48.5,49.0,2020-21
2020-12-13,NewOrleans,Philadelphia,21,24,-360,300,7.0,7.5,46.0,42.0,2020-21
2020-12-13,Washingtom,SanFrancisco,23,15,125,-145,3.5,3.0,43.5,43.5,2020-21
2020-12-13,Pittsburgh,Buffalo,15,26,110,-130,0.0,2.0,47.5,49.0,2020-21
2020-12-14,Baltimore,Cleveland,47,42,-175,155,2.5,3.0,48.0,45.5,2020-21
2020-12-17,LAChargers,LasVegas,30,27,155,-175,3.5,3.0,55.0,52.5,2020-21
2020-12-19,Carolina,GreenBay,16,24,375,-450,9.5,10.5,51.0,53.0,2020-21
2020-12-19,Buffalo,Denver,48,19,-250,210,5.0,6.0,48.0,48.0,2020-21
2020-12-20,Houston,Indianapolis,20,27,310,-370,6.5,9.0,52.5,52.5,2020-21
2020-12-20,Detroit,Tennessee,25,46,320,-380,8.5,10.0,51.5,54.0,2020-21
2020-12-20,NYJets,LARams,23,20,1200,-3000,13.5,17.0,44.5,44.5,2020-21
2020-12-20,TampaBay,Atlanta,31,27,-270,230,1.5,7.0,51.0,49.5,2020-21
2020-12-20,NewEngland,Miami,12,22,-125,105,3.0,0.0,44.0,40.0,2020-21
2020-12-20,Seattle,Washington,20,15,-265,225,3.0,7.0,43.5,44.0,2020-21
2020-12-20,Chicago,Minnesota,33,27,130,-150,6.5,2.5,47.0,47.0,2020-21
2020-12-20,Jacksonville,Baltimore,14,40,650,-1000,11.0,13.5,46.0,49.0,2020-21
2020-12-20,Cleveland,NYGiants,20,6,-280,240,3.0,7.0,46.0,44.5,2020-21
2020-12-20,Philadelphia,Arizona,26,33,225,-265,6.5,7.0,47.5,49.5,2020-21
2020-12-20,KansasCity,NewOrleans,32,29,-140,120,3.0,3.0,50.0,53.5,2020-21
2020-12-20,SanFrancisco,Dallas,33,41,-220,190,2.5,3.5,45.5,45.5,2020-21
2020-12-21,Pittsburgh,Cincinnati,17,27,-1200,750,11.5,16.0,41.5,40.5,2020-21
2020-12-25,Minnesota,NewOrleans,33,52,250,-300,6.5,7.0,52.5,49.5,2020-21
2020-12-26,TampaBay,Detroit,47,7,-700,500,7.5,13.5,54.0,55.0,2020-21
2020-12-26,SanFrancisco,Arizona,20,12,225,-265,3.0,7.0,50.5,49.0,2020-21
2020-12-26,Miami,LasVegas,26,25,-140,120,1.5,0.0,47.0,50.5,2020-21
2020-12-27,Denver,LAChargers,16,19,110,-130,2.5,2.0,50.0,47.5,2020-21
2020-12-27,Cleveland,NYJets,16,23,-280,240,10.5,7.0,45.0,45.0,2020-21
2020-12-27,Cincinnati,Houston,37,31,275,-335,8.5,9.0,46.5,46.0,2020-21
2020-12-27,Indianapolis,Pittsburgh,24,28,-110,-110,3.0,0.0,46.0,42.5,2020-21
2020-12-27,Chicago,Jacksonville,41,17,-450,375,3.5,10.0,47.0,47.0,2020-21
2020-12-27,Carolina,Washington,20,13,-120,100,3.0,0.0,45.0,42.0,2020-21
2020-12-27,NYGiants,Baltimore,13,27,375,-450,10.0,10.5,45.0,43.0,2020-21
2020-12-27,Atlanta,KansasCity,14,17,450,-600,12.5,12.0,53.5,53.5,2020-21
2020-12-27,LARams,Seattle,9,20,105,-125,1.5,1.0,47.0,47.5,2020-21
2020-12-27,Philadelphia,Dallas,17,37,-170,150,0.0,3.0,49.5,50.5,2020-21
2020-12-27,Tennessee,GreenBay,14,40,150,-170,4.5,3.0,56.0,52.5,2020-21
2020-12-28,Buffalo,NewEngland,38,9,-350,290,4.5,7.5,45.0,47.0,2020-21
2021-01-03,Washington,Philadelphia,20,14,-300,250,4.0,7.0,42.0,43.5,2020-21
2021-01-03,Jacksonville,Indianapolis,14,28,800,-1400,12.5,16.0,49.0,47.5,2020-21
2021-01-03,GreenBay,Chicago,35,16,-210,180,5.0,4.5,49.0,48.0,2020-21
2021-01-03,Dallas,NYGiants,19,23,-125,105,3.0,0.0,47.0,43.5,2020-21
2021-01-03,Pittsburgh,Cleveland,22,24,375,-450,4.0,11.5,41.0,44.5,2020-21
2021-01-03,Tennessee,Houston,41,38,-340,280,4.5,7.5,56.0,55.5,2020-21
2021-01-03,NewOrleans,Carolina,33,7,-270,230,6.0,6.0,51.0,46.5,2020-21
2021-01-03,NYJets,NewEngland,14,28,150,-170,9.0,3.0,43.0,41.0,2020-21
2021-01-03,Minnesota,Detroit,37,35,-170,150,3.5,3.0,54.5,53.5,2020-21
2021-01-03,Atlanta,TampaBay,27,44,275,-335,7.0,7.5,50.0,51.0,2020-21
2021-01-03,Baltimore,Cincinnati,38,3,-1000,650,13.0,14.0,43.5,45.5,2020-21
2021-01-03,Miami,Buffalo,26,56,-165,145,5.5,3.0,43.5,42.5,2020-21
2021-01-03,LAChargers,KansasCity,38,21,-300,250,1.5,7.5,45.0,43.0,2020-21
2021-01-03,Seattle,SanFrancisco,26,23,-340,280,6.5,7.5,47.5,45.0,2020-21
2021-01-03,LasVegas,Denver,32,31,-150,130,2.5,2.5,51.0,50.5,2020-21
2021-01-03,Arizona,LARams,7,18,105,-125,4.0,0.0,42.5,42.0,2020-21
2021-01-09,Indianapolis,Buffalo,24,27,290,-350,7.0,7.5,51.5,50.5,2020-21
2021-01-09,LARams,Seattle,30,20,155,-175,4.5,3.0,41.5,42.0,2020-21
2021-01-09,TampaBay,Washington,31,23,-480,390,7.0,10.5,46.5,44.5,2020-21
2021-01-10,Baltimore,Tennessee,20,13,-190,170,4.5,3.5,54.5,53.5,2020-21
2021-01-10,Chicago,NewOrleans,9,21,500,-700,10.5,12.5,48.0,48.0,2020-21
2021-01-10,Cleveland,Pittsburgh,48,37,200,-240,3.5,5.5,47.0,47.0,2020-21
2021-01-16,LARams,GreenBay,18,32,290,-350,7.0,7.5,46.5,45.0,2020-21
2021-01-16,Baltimore,Buffalo,3,17,115,-135,0.0,2.5,50.0,50.0,2020-21
2021-01-17,Cleveland,KansasCity,17,22,340,-410,0.0,9.0,54.5,56.0,2020-21
2021-01-17,TampaBay,NewOrleans,30,20,130,-150,0.0,2.5,49.5,53.0,2020-21
2021-01-24,TampaBay,GreenBay,31,26,160,-180,3.0,3.0,51.0,53.0,2020-21
2021-01-24,Buffalo,KansasCity,24,38,140,-160,4.5,3.0,53.5,54.5,2020-21
2021-02-07,KansasCity,TampaBay,9,31,-150,140,2.5,3.5,56.0,55.0,2020-21
2021-09-09,Dallas,TampaBay,29,31,375,-450,7.0,10.0,52.5,52.5,2021-22
2021-09-12,Pittsburgh,Buffalo,23,16,240,-280,7.0,7.0,51.0,47.5,2021-22
2021-09-12,NYJets,Carolina,14,19,160,-180,4.0,3.5,43.5,44.5,2021-22
2021-09-12,Jacksonville,Houston,21,37,-170,150,0.0,3.0,46.0,45.5,2021-22
2021-09-12,Arizona,Tennessee,38,13,125,-145,2.5,2.5,51.5,54.0,2021-22
2021-09-12,LAChargers,Washington,20,16,110,-130,0.0,1.0,45.0,45.5,2021-22
2021-09-12,Philadelphia,Atlanta,32,6,155,-175,3.5,3.5,47.0,48.5,2021-22
2021-09-12,Seattle,Indianapolis,28,16,-145,125,2.5,2.5,52.5,49.0,2021-22
2021-09-12,Minnesota,Cincinnati,24,27,-155,135,3.0,3.0,48.5,47.5,2021-22
2021-09-12,SanFrancisco,Detroit,41,33,-430,360,9.0,10.0,46.0,46.0,2021-22
2021-09-12,Cleveland,KansasCity,29,33,205,-245,6.0,5.5,53.0,54.5,2021-22
2021-09-12,Miami,NewEngland,17,16,165,-185,1.0,3.5,46.0,43.0,2021-22
2021-09-12,Denver,NYGiants,27,13,-145,125,0.0,2.5,42.5,41.5,2021-22
2021-09-12,Chicago,LARams,14,34,330,-400,7.5,10.0,45.5,46.0,2021-22
2021-09-12,GreenBay,NewOrleans,3,38,-185,165,4.0,3.5,50.0,49.0,2021-22
2021-09-13,Baltimore,LasVegas,27,33,-160,140,7.0,3.0,51.5,50.5,2021-22
2021-09-16,NYGiants,Washington,29,30,175,-200,3.0,3.0,42.5,41.5,2021-22
2021-09-19,NewOrleans,Carolina,7,26,-150,130,3.0,3.0,46.5,45.0,2021-22
2021-09-19,Houston,Cleveland,21,31,550,-800,13.0,14.0,45.5,49.0,2021-22
2021-09-19,Cincinnati,Chicago,17,20,105,-125,4.0,0.0,45.5,44.5,2021-22
2021-09-19,LasVegas,Pittsburgh,26,17,190,-220,5.5,5.5,49.5,46.5,2021-22
2021-09-19,Buffalo,Miami,35,0,-190,170,3.0,3.5,48.5,48.0,2021-22
2021-09-19,LARams,Indianapolis,27,24,-210,180,2.5,4.0,48.5,47.5,2021-22
2021-09-19,SanFrancisco,Philadelphia,17,11,-150,130,4.5,2.5,46.5,49.0,2021-22
2021-09-19,Denver,Jacksonville,23,13,-260,220,3.0,7.0,44.5,45.0,2021-22
2021-09-19,NewEngland,NYJets,25,6,-240,200,3.5,5.5,43.5,43.0,2021-22
2021-09-19,Minnesota,Arizona,33,34,170,-190,3.0,3.5,49.5,50.5,2021-22
2021-09-19,Atlanta,TampaBay,25,48,550,-800,9.0,14.0,52.5,52.0,2021-22
2021-09-19,Tennessee,Seattle,33,30,240,-280,3.5,7.0,49.5,54.0,2021-22
2021-09-19,Dallas,LAChargers,20,17,145,-165,2.5,3.0,51.5,55.0,2021-22
2021-09-19,KansasCity,Baltimore,35,36,-185,165,1.0,3.5,51.5,53.5,2021-22
2021-09-20,Detroit,GreenBay,17,35,450,-600,7.0,12.5,48.5,49.5,2021-22
2021-09-23,Carolina,Houston,24,9,-400,330,4.5,9.0,44.5,43.0,2021-22
2021-09-26,Arizona,Jacksonville,31,19,-370,310,6.0,9.0,50.5,51.5,2021-22
2021-09-26,Indianapolis,Tennessee,16,25,190,-220,3.0,4.0,49.5,46.5,2021-22
2021-09-26,Baltimore,Detroit,19,17,-360,300,7.5,9.0,48.5,51.0,2021-22
2021-09-26,Washington,Buffalo,21,43,270,-330,7.0,7.5,47.5,45.5,2021-22
2021-09-26,NewOrleans,NewEngland,28,13,130,-150,0.0,2.5,46.5,43.5,2021-22
2021-09-26,LAChargers,KansasCity,30,24,250,-300,7.5,7.5,53.0,55.0,2021-22
2021-09-26,Atlanta,NYGiants,17,14,130,-150,2.5,2.5,43.5,47.5,2021-22
2021-09-26,Chicago,Cleveland,6,26,310,-370,8.5,9.0,46.0,44.5,2021-22
2021-09-26,Cincinnati,Pittsburgh,24,10,130,-150,6.5,2.5,47.5,42.0,2021-22
2021-09-26,Miami,LasVegas,28,31,170,-190,1.0,3.5,48.0,45.5,2021-22
2021-09-26,NYJets,Denver,0,26,475,-650,7.5,11.0,43.5,42.0,2021-22
2021-09-26,TampaBay,LARams,24,34,-105,-115,1.5,0.0,52.5,55.0,2021-22
2021-09-26,Seattle,Minnesota,17,30,-130,110,2.5,0.0,50.5,54.0,2021-22
2021-09-26,GreenBay,SanFrancisco,30,28,160,-180,3.0,3.0,48.0,50.5,2021-22
2021-09-27,Philadelphia,Dallas,21,41,165,-185,3.5,3.5,52.5,51.5,2021-22
2021-09-30,Jacksonville,Cincinnati,21,24,270,-330,6.5,8.5,10.5,46.0,2021-22
2021-10-03,Washington,Atlanta,34,30,-125,105,1.0,0.0,49.0,46.5,2021-22
2021-10-03,Detroit,Chicago,14,24,130,-150,6.0,3.0,45.5,41.5,2021-22
2021-10-03,Tennessee,NYJets,24,27,-250,210,6.0,5.5,48.5,44.0,2021-22
2021-10-03,Cleveland,Minnesota,14,7,-110,-110,1.0,0.0,50.5,52.0,2021-22
2021-10-03,Indianapolis,Miami,27,17,130,-150,2.5,2.5,45.5,42.0,2021-22
2021-10-03,Carolina,Dallas,28,36,185,-215,4.0,4.5,50.5,51.5,2021-22
2021-10-03,NYGiants,NewOrleans,27,21,280,-340,6.5,7.5,47.0,43.0,2021-22
2021-10-03,KansasCity,Philadelphia,42,30,-350,290,6.5,7.5,54.5,54.0,2021-22
2021-10-03,Houston,Buffalo,0,40,1000,-2000,16.5,18.5,48.0,47.5,2021-22
2021-10-03,Arizona,LARams,37,20,175,-200,6.0,4.0,53.0,54.0,2021-22
2021-10-03,Seattle,SanFrancisco,28,21,120,-140,3.5,1.0,49.5,52.0,2021-22
2021-10-03,Baltimore,Denver,23,7,100,-120,1.0,0.0,45.5,44.0,2021-22
2021-10-03,Pittsburgh,GreenBay,17,27,210,-250,6.5,5.5,48.0,45.0,2021-22
2021-10-03,TampaBay,NewEngland,19,17,-300,250,5.5,7.0,50.5,49.5,2021-22
2021-10-04,LasVegas,LAChargers,14,28,150,-170,3.0,3.0,52.5,51.5,2021-22
2021-10-07,LARams,Seattle,26,17,-140,120,0.0,3.0,52.5,53.5,2021-22
2021-10-10,NYJets,Atlanta,20,27,130,-150,3.5,2.5,44.5,45.5,2021-22
2021-10-10,Miami,TampaBay,17,45,450,-600,9.0,12.0,50.0,48.0,2021-22
2021-10-10,Philadelphia,Carolina,21,18,120,-140,3.5,2.5,47.0,46.5,2021-22
2021-10-10,NewOrleans,Washington,33,22,-135,115,1.5,2.5,43.5,43.0,2021-22
2021-10-10,Tennessee,Jacksonville,37,19,-200,175,7.5,4.0,51.5,48.5,2021-22
2021-10-10,Detroit,Minnesota,17,19,350,-420,8.0,10.0,49.5,49.5,2021-22
2021-10-10,Denver,Pittsburgh,19,27,-125,105,1.5,1.0,42.0,40.0,2021-22
2021-10-10,GreenBay,Cincinnati,25,22,-130,110,3.0,1.0,48.5,50.0,2021-22
2021-10-10,NewEngland,Houston,25,22,-360,300,7.5,9.0,42.0,39.0,2021-22
2021-10-10,Chicago,LasVegas,20,9,200,-240,7.0,5.5,45.5,46.0,2021-22
2021-10-10,Cleveland,LAChargers,42,47,115,-135,1.0,2.5,50.0,47.0,2021-22
2021-10-10,NYGiants,Dallas,20,44,290,-350,8.0,7.5,49.0,53.5,2021-22
2021-10-10,SanFrancisco,Arizona,10,17,235,-275,2.0,6.0,52.0,48.5,2021-22
2021-10-10,Buffalo,KansasCity,38,20,120,-140,4.0,3.0,56.5,57.0,2021-22
2021-10-11,Indianapolis,Baltimore,25,31,290,-350,6.0,8.5,49.0,46.5,2021-22
2021-10-14,TampaBay,Philadelphia,28,22,-290,245,6.5,7.5,52.5,53.0,2021-22
2021-10-17,Miami,Jacksonville,20,23,-125,105,3.5,0.0,43.5,47.0,2021-22
2021-10-17,Houston,Indianapolis,3,31,450,-600,11.0,12.5,43.5,44.5,2021-22
2021-10-17,GreenBay,Chicago,24,14,-240,200,4.5,5.5,46.0,44.0,2021-22
2021-10-17,KansasCity,Washington,31,13,-280,240,6.0,7.0,54.0,54.0,2021-22
2021-10-17,Minnesota,Carolina,34,28,-135,115,1.0,1.0,47.5,45.0,2021-22
2021-10-17,LAChargers,Baltimore,6,34,135,-155,3.5,3.0,48.0,51.0,2021-22
2021-10-17,Cincinnati,Detroit,34,11,-185,165,3.0,3.5,49.0,46.5,2021-22
2021-10-17,LARams,NYGiants,38,11,-350,290,6.5,8.5,50.0,49.5,2021-22
2021-10-17,Arizona,Cleveland,37,14,120,-140,3.0,2.5,53.0,48.0,2021-22
2021-10-17,LasVegas,Denver,34,24,180,-210,2.5,5.0,44.0,45.0,2021-22
2021-10-17,Dallas,NewEngland,35,29,-190,170,1.0,3.5,48.0,50.5,2021-22
2021-10-17,Seattle,Pittsburgh,20,23,200,-240,2.5,5.5,48.0,43.0,2021-22
2021-10-18,Buffalo,Tennessee,31,34,-265,225,3.5,7.0,53.0,53.5,2021-22
2021-10-21,Denver,Cleveland,14,17,110,-130,6.0,0.0,44.5,40.0,2021-22
2021-10-24,Cincinnati,Baltimore,41,17,230,-270,7.0,7.0,48.0,46.0,2021-22
2021-10-24,Carolina,NYGiants,3,25,-150,130,3.0,2.5,45.5,42.5,2021-22
2021-10-24,Washington,GreenBay,10,24,350,-420,7.5,10.0,50.0,48.0,2021-22
2021-10-24,KansasCity,Tennessee,3,27,-200,175,3.0,4.0,56.0,59.0,2021-22
2021-10-24,Atlanta,Miami,30,28,-125,105,3.0,0.0,48.0,47.5,2021-22
2021-10-24,NYJets,NewEngland,13,54,280,-340,7.0,7.5,43.5,42.5,2021-22
2021-10-24,Detroit,LARams,19,28,900,-1600,13.5,16.5,49.5,50.5,2021-22
2021-10-24,Philadelphia,LasVegas,22,33,-110,-110,3.0,0.0,48.5,48.5,2021-22
2021-10-24,Chicago,TampaBay,3,38,500,-700,10.0,13.5,49.0,47.0,2021-22
2021-10-24,Houston,Arizona,5,31,1200,-3000,14.5,20.0,49.5,47.5,2021-22
2021-10-24,Indianapolis,SanFrancisco,30,18,150,-170,5.5,3.0,44.5,41.5,2021-22
2021-10-25,NewOrleans,Seattle,13,10,-250,210,3.0,5.5,44.0,42.0,2021-22
2021-10-28,GreenBay,Arizona,24,21,240,-280,3.0,7.0,52.5,50.5,2021-22
2021-10-31,Miami,Buffalo,11,26,750,-1200,11.5,16.0,49.0,48.5,2021-22
2021-10-31,Carolina,Atlanta,19,13,105,-125,1.5,0.0,48.0,46.5,2021-22
2021-10-31,Philadelphia,Detroit,44,6,-170,150,3.5,3.0,49.5,48.0,2021-22
2021-10-31,Tennessee,Indianapolis,34,31,140,-160,2.5,3.0,49.0,51.0,2021-22
2021-10-31,LARams,Houston,38,22,-1400,800,14.0,16.5,46.0,47.0,2021-22
2021-10-31,Cincinnati,NYJets,31,34,-550,425,3.5,12.5,45.0,43.0,2021-22
2021-10-31,Pittsburgh,Cleveland,15,10,200,-240,2.5,5.0,45.0,43.0,2021-22
2021-10-31,SanFrancisco,Chicago,33,22,-210,180,3.5,4.5,43.0,40.0,2021-22
2021-10-31,Jacksonville,Seattle,7,31,170,-190,3.0,4.0,43.5,44.5,2021-22
2021-10-31,NewEngland,LAChargers,27,24,170,-190,6.0,3.5,47.5,50.5,2021-22
2021-10-31,Washington,Denver,10,17,170,-190,4.5,3.5,44.5,44.5,2021-22
2021-10-31,TampaBay,NewOrleans,27,36,-185,165,4.0,4.0,50.5,48.0,2021-22
2021-10-31,Dallas,Minnesota,20,16,180,-210,2.5,4.5,51.5,49.0,2021-22
2021-11-01,NYGiants,KansasCity,17,20,425,-550,13.0,11.5,54.0,53.0,2021-22
2021-11-04,NYJets,Indianapolis,30,45,400,-500,14.0,11.0,44.0,45.0,2021-22
2021-11-07,Houston,Miami,9,17,165,-185,7.0,3.5,45.5,45.0,2021-22
2021-11-07,Denver,Dallas,30,16,400,-500,7.5,10.5,49.0,50.0,2021-22
2021-11-07,Minnesota,Baltimore,31,34,270,-330,6.0,7.5,50.0,51.0,2021-22
2021-11-07,NewEngland,Carolina,24,6,-180,160,2.5,3.5,43.5,42.0,2021-22
2021-11-07,Buffalo,Jacksonville,6,9,-1400,800,10.5,16.0,50.0,48.0,2021-22
2021-11-07,Cleveland,Cincinnati,41,16,110,-130,3.0,1.0,45.0,47.5,2021-22
2021-11-07,LasVegas,NYGiants,16,23,-160,140,2.5,2.5,47.5,47.0,2021-22
2021-11-07,Atlanta,NewOrleans,27,25,250,-300,5.5,7.5,45.5,43.0,2021-22
2021-11-07,LAChargers,Philadelphia,27,24,-115,-105,3.0,0.0,50.0,49.5,2021-22
2021-11-07,GreenBay,KansasCity,7,13,300,-360,2.5,7.5,54.0,48.0,2021-22
2021-11-07,Arizona,SanFrancisco,31,17,200,-240,3.0,5.5,47.0,44.5,2021-22
2021-11-07,Tennessee,LARams,28,16,290,-350,4.0,7.5,52.5,53.0,2021-22
2021-11-08,Chicago,Pittsburgh,27,29,260,-310,-5.0,7.5,40.5,40.0,2021-22
2021-11-11,Baltimore,Miami,10,22,-410,340,7.0,10.0,48.0,47.0,2021-22
2021-11-14,Jacksonville,Indianapolis,17,23,350,-420,-10.5,11.5,48.0,48.0,2021-22
2021-11-14,Cleveland,NewEngland,7,45,125,-145,-3.0,2.5,44.5,44.5,2021-22
2021-11-14,Atlanta,Dallas,3,43,300,-360,-9.5,9.0,51.5,55.5,2021-22
2021-11-14,Buffalo,NYJets,45,17,-800,550,-13.5,14.0,48.5,48.5,2021-22
2021-11-14,NewOrleans,Tennessee,21,23,130,-150,-2.5,3.0,44.5,42.5,2021-22
2021-11-14,TampaBay,Washington,19,29,-430,360,-8.0,10.5,51.0,51.0,2021-22
2021-11-14,Detroit,Pittsburgh,16,16,210,-250,-9.0,-6.0,44.0,40.5,2021-22
2021-11-14,Minnesota,LAChargers,27,20,155,-175,3.0,3.5,50.5,53.5,2021-22
2021-11-14,Carolina,Arizona,34,10,270,-330,11.5,7.5,45.5,41.5,2021-22
2021-11-14,Seattle,GreenBay,0,17,145,-165,-6.0,3.0,49.5,49.0,2021-22
2021-11-14,Philadelphia,Denver,30,13,-105,-115,-1.5,0.0,44.5,44.5,2021-22
2021-11-14,KansasCity,LasVegas,41,14,-145,125,-3.0,2.5,53.5,53.5,2021-22
2021-11-15,LARams,SanFrancisco,10,31,-190,170,3.0,3.5,47.0,50.0,2021-22
2021-11-18,NewEngland,Atlanta,25,0,-320,265,4.0,7.5,46.0,47.0,2021-22
2021-11-21,Detroit,Cleveland,10,13,575,-850,10.0,14.5,46.5,42.5,2021-22
2021-11-21,SanFrancisco,Jacksonville,30,10,-280,240,5.5,7.0,46.5,45.0,2021-22
2021-11-21,Indianapolis,Buffalo,41,15,250,-300,7.0,7.5,50.0,49.5,2021-22
2021-11-21,Miami,NYJets,24,17,-190,170,2.5,4.0,45.5,44.5,2021-22
2021-11-21,Washington,Carolina,27,21,150,-170,2.5,3.5,43.0,43.0,2021-22
2021-11-21,Baltimore,Chicago,16,13,-130,110,6.5,0.0,45.0,40.5,2021-22
2021-11-21,NewOrleans,Philadelphia,29,40,135,-155,1.0,3.0,43.5,42.5,2021-22
2021-11-21,Houston,Tennessee,22,13,375,-450,10.5,10.5,46.5,45.0,2021-22
2021-11-21,GreenBay,Minnesota,31,34,-120,100,2.0,0.0,50.5,47.5,2021-22
2021-11-21,Cincinnati,LasVegas,32,13,-140,120,0.0,1.0,48.5,50.5,2021-22
2021-11-21,Arizona,Seattle,23,13,195,-230,1.0,5.5,50.5,45.0,2021-22
2021-11-21,Dallas,KansasCity,9,19,130,-150,2.5,2.5,53.5,55.5,2021-22
2021-11-21,Pittsburgh,LAChargers,37,41,230,-270,3.0,7.0,48.5,47.5,2021-22
2021-11-22,NYGiants,TampaBay,10,30,400,-500,12.5,12.5,51.0,50.0,2021-22
2021-11-25,Chicago,Detroit,16,14,-135,115,3.0,1.0,45.0,41.5,2021-22
2021-11-25,LasVegas,Dallas,36,33,260,-310,7.0,8.0,54.5,51.0,2021-22
2021-11-25,Buffalo,NewOrleans,31,6,-280,240,4.5,7.5,48.0,45.0,2021-22
2021-11-28,Tennessee,NewEngland,13,36,265,-330,2.5,7.5,46.5,43.0,2021-22
2021-11-28,NYJets,Houston,21,14,130,-150,3.0,3.0,46.5,44.5,2021-22
2021-11-28,Philadelphia,NYGiants,7,13,-200,170,3.0,4.0,46.0,45.5,2021-22
2021-11-28,TampaBay,Indianapolis,38,31,-155,135,3.0,3.0,52.0,53.0,2021-22
2021-11-28,Atlanta,Jacksonville,21,14,-125,105,1.0,0.0,48.5,46.0,2021-22
2021-11-28,Carolina,Miami,10,33,-120,100,1.0,0.0,43.5,40.5,2021-22
2021-11-28,Pittsburgh,Cincinnati,10,41,160,-180,3.5,3.5,46.5,43.5,2021-22
2021-11-28,LAChargers,Denver,13,28,-150,130,2.0,3.0,47.5,47.0,2021-22
2021-11-28,Minnesota,SanFrancisco,26,34,165,-185,2.5,4.0,48.0,49.0,2021-22
2021-11-28,LARams,GreenBay,28,36,-130,110,1.5,0.0,49.5,47.0,2021-22
2021-11-28,Cleveland,Baltimore,10,16,135,-155,5.0,3.0,48.0,47.5,2021-22
2021-11-29,Seattle,Washington,15,17,-130,110,3.5,2.0,48.0,46.5,2021-22
2021-12-02,Dallas,NewOrleans,27,17,-210,180,4.5,7.0,48.0,45.5,2021-22
2021-12-05,Minnesota,Detroit,27,29,-310,260,7.5,7.5,48.0,47.5,2021-22
2021-12-05,Arizona,Chicago,33,22,-370,310,7.0,9.0,46.5,43.0,2021-22
2021-12-05,TampaBay,Atlanta,30,17,-550,425,9.5,12.0,50.5,50.5,2021-22
2021-12-05,Denver,KansasCity,9,22,300,-360,9.5,9.5,50.5,46.5,2021-22
2021-12-05,Indianapolis,Houston,31,0,-500,400,7.0,11.0,47.0,45.5,2021-22
2021-12-05,Philadelphia,NYJets,33,18,-210,180,6.5,4.5,45.0,44.0,2021-22
2021-12-05,LAChargers,Cincinnati,41,22,125,-145,1.0,3.0,48.0,49.5,2021-22
2021-12-05,NYGiants,Miami,9,20,260,-310,2.5,7.5,43.5,40.0,2021-22
2021-12-05,Washington,LasVegas,17,15,115,-135,1.5,1.0,48.0,47.5,2021-22
2021-12-05,Baltimore,Pittsburgh,19,20,-190,170,2.5,3.0,45.0,44.0,2021-22
2021-12-05,Jacksonville,LARams,7,37,600,-900,12.0,14.5,48.0,48.0,2021-22
2021-12-05,SanFrancisco,Seattle,23,30,-145,125,1.0,3.0,46.0,45.0,2021-22
2021-12-06,NewEngland,Buffalo,14,10,130,-150,3.5,3.0,46.0,39.5,2021-22
2021-12-09,Pittsburgh,Minnesota,28,36,155,-175,3.5,3.5,30.0,44.5,2021-22
2021-12-12,LasVegas,KansasCity,9,48,400,-500,10.5,10.5,52.5,48.0,2021-22
2021-12-12,NewOrleans,NYJets,30,9,-200,175,6.5,4.0,44.5,42.0,2021-22
2021-12-12,SanFrancisco,Cincinnati,26,23,-120,100,2.0,0.0,47.0,49.5,2021-22
2021-12-12,Jacksonville,Tennessee,0,20,330,-400,9.0,10.0,46.5,44.5,2021-22
2021-12-12,Baltimore,Cleveland,22,24,140,-160,0.0,3.0,45.0,44.0,2021-22
2021-12-12,Atlanta,Carolina,29,21,125,-145,2.5,2.5,45.5,41.5,2021-22
2021-12-12,Dallas,Washington,27,20,-275,235,4.5,7.0,49.0,48.0,2021-22
2021-12-12,Seattle,Houston,33,13,-420,350,6.5,10.0,45.0,41.0,2021-22
2021-12-12,Detroit,Denver,10,38,475,-650,8.5,14.0,43.5,42.0,2021-22
2021-12-12,NYGiants,LAChargers,21,37,340,-410,7.5,10.0,46.5,43.5,2021-22
2021-12-12,Buffalo,TampaBay,27,33,140,-160,3.0,3.0,53.0,53.0,2021-22
2021-12-12,Chicago,GreenBay,30,45,525,-750,11.0,13.0,46.5,43.0,2021-22
2021-12-13,LARams,Arizona,30,23,140,-160,2.0,3.5,51.5,50.5,2021-22
2021-12-16,KansasCity,LAChargers,34,28,-165,145,3.0,3.0,50.0,54.0,2021-22
2021-12-18,NewEngland,Indianapolis,17,27,103,-123,2.5,0.0,44.0,47.5,2021-22
2021-12-19,Carolina,Buffalo,14,31,600,-900,9.5,14.5,45.5,43.0,2021-22
2021-12-19,NYJets,Miami,24,31,370,-440,7.0,10.5,44.5,42.0,2021-22
2021-12-19,Dallas,NYGiants,21,6,-700,500,10.0,13.5,45.5,43.5,2021-22
2021-12-19,GreenBay,Baltimore,31,30,-360,300,1.5,9.5,46.0,45.0,2021-22
2021-12-19,Tennessee,Pittsburgh,13,19,100,-120,2.0,0.0,43.5,44.0,2021-22
2021-12-19,Houston,Jacksonville,30,16,220,-260,3.5,6.0,43.5,40.5,2021-22
2021-12-19,Arizona,Detroit,12,30,-800,550,12.5,14.0,47.5,48.5,2021-22
2021-12-19,Atlanta,SanFrancisco,13,31,330,-400,7.5,9.5,45.0,48.0,2021-22
2021-12-19,Cincinnati,Denver,15,10,130,-150,2.5,2.5,44.5,43.5,2021-22
2021-12-19,NewOrleans,TampaBay,9,0,450,-600,11.5,13.0,48.5,45.5,2021-22
2021-12-20,Minnesota,Chicago,17,9,-310,260,3.5,7.5,43.5,47.5,2021-22
2021-12-20,LasVegas,Cleveland,16,14,-140,120,0.0,3.0,40.5,41.5,2021-22
2021-12-21,Seattle,LARams,10,20,300,-360,7.0,7.5,45.0,47.0,2021-22
2021-12-21,Washington,Philadelphia,17,27,360,-430,9.0,11.0,43.0,39.5,2021-22
2021-12-23,SanFrancisco,Tennessee,17,20,-175,155,1.0,3.5,43.5,45.5,2021-22
2021-12-25,Cleveland,GreenBay,22,24,330,-400,7.0,9.5,44.5,47.0,2021-22
2021-12-25,Indianapolis,Arizona,22,16,150,-170,5.0,3.0,49.0,48.0,2021-22
2021-12-26,TampaBay,Carolina,32,6,-450,375,11.5,12.0,49.0,44.5,2021-22
2021-12-26,NYGiants,Philadelphia,10,34,425,-550,9.5,12.0,43.5,41.0,2021-22
2021-12-26,LAChargers,Houston,29,41,-750,525,10.5,14.0,45.5,45.5,2021-22
2021-12-26,Detroit,Atlanta,16,20,280,-340,6.5,9.0,43.5,43.0,2021-22
2021-12-26,Baltimore,Cincinnati,21,41,280,-340,2.0,9.0,44.5,43.5,2021-22
2021-12-26,LARams,Minnesota,30,23,-170,150,3.5,3.0,49.5,48.5,2021-22
2021-12-26,Jacksonville,NYJets,21,26,115,-135,1.0,1.0,41.5,43.5,2021-22
2021-12-26,Buffalo,NewEngland,33,21,-105,-115,2.0,0.0,43.5,43.5,2021-22
2021-12-26,Chicago,Seattle,25,24,250,-300,7.0,7.5,43.5,41.0,2021-22
2021-12-26,Pittsburgh,KansasCity,10,36,380,-460,8.5,11.5,48.5,44.5,2021-22
2021-12-26,Denver,LasVegas,13,17,-110,-110,1.0,0.0,42.5,41.5,2021-22
2021-12-26,Washington,Dallas,14,56,360,-430,9.0,11.0,48.5,46.0,2021-22
2021-12-28,Miami,NewOrleans,20,3,-165,145,3.5,3.0,41.0,37.5,2021-22
2022-01-02,LasVegas,Indianapolis,23,20,320,-380,7.5,10.0,48.0,46.5,2021-22
2022-01-02,NYGiants,Chicago,3,29,240,-280,3.5,7.0,42.5,37.0,2021-22
2022-01-02,TampaBay,NYJets,28,24,-1000,650,11.0,15.0,45.5,47.5,2021-22
2022-01-02,Atlanta,Buffalo,15,29,650,-1000,13.5,14.5,44.5,46.0,2021-22
2022-01-02,Arizona,Dallas,25,22,235,-275,2.5,7.0,50.5,53.0,2021-22
2022-01-02,Carolina,NewOrleans,10,18,250,-300,7.0,7.0,40.5,37.0,2021-22
2022-01-02,Philadelphia,Washington,20,16,-260,220,2.5,6.0,44.0,44.5,2021-22
2022-01-02,KansasCity,Cincinnati,31,34,-180,160,4.5,3.5,47.5,50.5,2021-22
2022-01-02,Jacksonville,NewEngland,10,50,900,-1600,15.5,17.5,42.5,42.5,2021-22
2022-01-02,Miami,Tennessee,3,34,150,-170,3.5,3.0,41.0,41.0,2021-22
2022-01-02,Denver,LAChargers,13,34,300,-360,6.0,9.0,45.5,45.0,2021-22
2022-01-02,Houston,SanFrancisco,7,23,500,-700,15.0,14.0,44.5,44.0,2021-22
2022-01-02,Detroit,Seattle,29,51,330,-400,9.5,9.5,42.5,41.0,2021-22
2022-01-02,LARams,Baltimore,20,19,-310,260,2.0,7.5,45.0,47.0,2021-22
2022-01-02,Minnesota,GreenBay,10,37,525,-750,7.0,13.5,46.0,43.0,2021-22
2022-01-03,Cleveland,Pittsburgh,14,26,-125,105,1.0,0.0,41.5,43.5,2021-22
2022-01-08,Dallas,Philadelphia,51,26,-260,220,3.5,7.0,45.5,46.0,2021-22
2022-01-08,KansasCity,Denver,28,24,-700,500,3.0,12.5,43.0,45.0,2021-22
2022-01-09,GreenBay,Detroit,30,37,-190,170,3.5,3.5,44.5,45.0,2021-22
2022-01-09,Chicago,Minnesota,17,31,155,-175,3.5,3.5,44.5,44.5,2021-22
2022-01-09,NewEngland,Miami,24,33,-260,220,7.0,5.5,40.5,41.0,2021-22
2022-01-09,Indianapolis,Jacksonville,11,26,-1100,700,15.0,14.5,43.5,43.0,2021-22
2022-01-09,NYJets,Buffalo,10,27,800,-1400,16.5,16.0,40.5,43.0,2021-22
2022-01-09,Carolina,TampaBay,17,41,425,-550,11.0,12.5,42.5,43.0,2021-22
2022-01-09,Tennessee,Houston,28,25,-600,450,11.5,12.0,42.0,43.0,2021-22
2022-01-09,Washington,NYGiants,22,7,-240,200,7.0,5.5,37.0,36.5,2021-22
2022-01-09,NewOrleans,Atlanta,30,20,-210,180,4.5,5.0,40.0,40.5,2021-22
2022-01-09,Pittsburgh,Baltimore,16,13,135,-155,3.0,3.0,41.0,40.5,2021-22
2022-01-09,Cincinnati,Cleveland,16,21,220,-260,6.0,7.0,37.0,38.0,2021-22
2022-01-09,Seattle,Arizona,38,30,200,-240,5.5,5.5,48.5,48.5,2021-22
2022-01-09,SanFrancisco,LARams,27,24,150,-170,3.5,3.0,45.0,46.5,2021-22
2022-01-09,LAChargers,LasVegas,32,35,-170,150,2.5,3.0,49.0,49.5,2021-22
2022-01-15,LasVegas,Cincinnati,19,26,225,-265,6.0,6.0,48.5,48.5,2021-22
2022-01-15,NewEngland,Buffalo,17,47,180,-210,4.0,4.5,44.0,43.0,2021-22
2022-01-16,Philadelphia,TampaBay,15,31,260,-310,10.0,7.5,49.0,47.5,2021-22
2022-01-16,SanFrancisco,Dallas,23,17,160,-180,2.5,3.5,50.5,51.0,2021-22
2022-01-16,Pittsburgh,KansasCity,21,42,500,-700,13.0,11.5,47.0,46.5,2021-22
2022-01-17,Arizona,LARams,11,34,150,-170,4.0,3.0,50.5,49.5,2021-22
2022-01-22,Cincinnati,Tennessee,19,16,180,-210,6.0,4.0,47.5,48.5,2021-22
2022-01-22,SanFrancisco,GreenBay,13,10,220,-260,4.5,6.0,47.5,47.0,2021-22
2022-01-23,LARams,TampaBay,30,27,130,-150,2.5,2.5,48.0,48.0,2021-22
2022-01-23,Buffalo,KansasCity,36,42,115,-135,2.5,2.5,53.5,53.5,2021-22
2022-01-30,Cincinnati,KansasCity,27,24,270,-310,7.0,7.0,49.5,54.5,2021-22
2022-01-30,SanFrancisco,LARams,17,20,170,-180,3.0,-3.5,47.5,45.5,2021-22
2022-02-13,LARams,Cincinnati,23,20,-200,185,4.0,4.0,50.0,48.5,2021-22
